drug_id,drug_name,therapeutic_area,quarter,reaction,is_novel_reaction,severity_bucket,reporter_type,country,age_group,report_count
DRG001,Veraximab,Oncology,2023-Q2,Hepatotoxicity,True,Serious,Physician,US,45-64,3
DRG001,Veraximab,Oncology,2023-Q2,Thrombocytopenia,False,Serious,Physician,US,45-64,3
DRG001,Veraximab,Oncology,2023-Q2,Anemia,False,Serious,Consumer,US,45-64,2
DRG001,Veraximab,Oncology,2023-Q2,Anemia,False,Moderate,Consumer,US,65-74,2
DRG001,Veraximab,Oncology,2023-Q2,Fatigue,False,Serious,Consumer,US,18-44,2
DRG001,Veraximab,Oncology,2023-Q2,Vomiting,False,Critical,Physician,US,65-74,2
DRG001,Veraximab,Oncology,2023-Q2,Alopecia,False,Serious,Consumer,US,45-64,2
DRG001,Veraximab,Oncology,2023-Q2,Alopecia,False,Critical,Physician,US,45-64,2
DRG001,Veraximab,Oncology,2023-Q2,Vomiting,False,Serious,Physician,US,45-64,2
DRG001,Veraximab,Oncology,2023-Q2,Neutropenia,False,Critical,Physician,FR,65-74,1
DRG001,Veraximab,Oncology,2023-Q2,Dyspnea,True,Critical,Physician,US,75+,1
DRG001,Veraximab,Oncology,2023-Q2,Neutropenia,False,Serious,Physician,DE,45-64,1
DRG001,Veraximab,Oncology,2023-Q2,Nausea,False,Critical,Physician,US,75+,1
DRG001,Veraximab,Oncology,2023-Q2,Neutropenia,False,Serious,Consumer,JP,45-64,1
DRG001,Veraximab,Oncology,2023-Q2,QT prolongation,True,Serious,Physician,US,18-44,1
DRG001,Veraximab,Oncology,2023-Q2,Dyspnea,True,Critical,Other,US,45-64,1
DRG001,Veraximab,Oncology,2023-Q2,Vomiting,False,Mild,Physician,US,65-74,1
DRG001,Veraximab,Oncology,2023-Q2,Nausea,False,Serious,Physician,JP,65-74,1
DRG001,Veraximab,Oncology,2023-Q2,Vomiting,False,Critical,Consumer,US,45-64,1
DRG001,Veraximab,Oncology,2023-Q2,Dyspnea,True,Mild,Consumer,US,45-64,1
DRG001,Veraximab,Oncology,2023-Q2,Alopecia,False,Serious,Other,US,18-44,1
DRG001,Veraximab,Oncology,2023-Q2,Fatigue,False,Critical,Pharmacist,US,75+,1
DRG001,Veraximab,Oncology,2023-Q2,Neutropenia,False,Serious,Physician,US,18-44,1
DRG001,Veraximab,Oncology,2023-Q2,Vomiting,False,Serious,Consumer,US,45-64,1
DRG001,Veraximab,Oncology,2023-Q2,Thrombocytopenia,False,Critical,Physician,JP,65-74,1
DRG001,Veraximab,Oncology,2023-Q2,Alopecia,False,Mild,Pharmacist,JP,45-64,1
DRG001,Veraximab,Oncology,2023-Q2,QT prolongation,True,Critical,Other,US,65-74,1
DRG001,Veraximab,Oncology,2023-Q2,Dyspnea,True,Mild,Physician,US,45-64,1
DRG001,Veraximab,Oncology,2023-Q2,Anemia,False,Serious,Physician,US,45-64,1
DRG001,Veraximab,Oncology,2023-Q2,QT prolongation,True,Critical,Pharmacist,US,45-64,1
DRG001,Veraximab,Oncology,2023-Q2,Neutropenia,False,Serious,Physician,FR,45-64,1
DRG001,Veraximab,Oncology,2023-Q2,Anemia,False,Serious,Physician,GB,18-44,1
DRG001,Veraximab,Oncology,2023-Q2,QT prolongation,True,Critical,Physician,US,75+,1
DRG001,Veraximab,Oncology,2023-Q2,Hepatotoxicity,True,Moderate,Other,GB,65-74,1
DRG001,Veraximab,Oncology,2023-Q2,QT prolongation,True,Mild,Physician,US,75+,1
DRG001,Veraximab,Oncology,2023-Q2,Thrombocytopenia,False,Moderate,Physician,US,45-64,1
DRG001,Veraximab,Oncology,2023-Q2,Nausea,False,Moderate,Physician,GB,75+,1
DRG001,Veraximab,Oncology,2023-Q2,Neutropenia,False,Mild,Other,US,45-64,1
DRG001,Veraximab,Oncology,2023-Q2,Alopecia,False,Mild,Physician,US,45-64,1
DRG001,Veraximab,Oncology,2023-Q2,Dyspnea,True,Moderate,Consumer,JP,45-64,1
DRG001,Veraximab,Oncology,2023-Q2,Thrombocytopenia,False,Moderate,Consumer,GB,65-74,1
DRG001,Veraximab,Oncology,2023-Q2,QT prolongation,True,Critical,Pharmacist,FR,65-74,1
DRG001,Veraximab,Oncology,2023-Q2,Thrombocytopenia,False,Mild,Other,GB,45-64,1
DRG001,Veraximab,Oncology,2023-Q2,Fatigue,False,Mild,Physician,CA,45-64,1
DRG001,Veraximab,Oncology,2023-Q2,Alopecia,False,Moderate,Pharmacist,US,18-44,1
DRG001,Veraximab,Oncology,2023-Q2,Vomiting,False,Moderate,Consumer,US,65-74,1
DRG001,Veraximab,Oncology,2023-Q2,Neutropenia,False,Mild,Physician,JP,65-74,1
DRG001,Veraximab,Oncology,2023-Q2,Nausea,False,Critical,Pharmacist,US,75+,1
DRG001,Veraximab,Oncology,2023-Q2,Nausea,False,Critical,Pharmacist,FR,65-74,1
DRG001,Veraximab,Oncology,2023-Q2,QT prolongation,True,Critical,Physician,JP,65-74,1
DRG001,Veraximab,Oncology,2023-Q2,Thrombocytopenia,False,Moderate,Physician,DE,18-44,1
DRG001,Veraximab,Oncology,2023-Q2,Thrombocytopenia,False,Mild,Other,FR,65-74,1
DRG001,Veraximab,Oncology,2023-Q2,Vomiting,False,Critical,Physician,GB,18-44,1
DRG001,Veraximab,Oncology,2023-Q2,Neutropenia,False,Serious,Pharmacist,US,45-64,1
DRG001,Veraximab,Oncology,2023-Q2,Dyspnea,True,Moderate,Pharmacist,FR,75+,1
DRG001,Veraximab,Oncology,2023-Q2,Hepatotoxicity,True,Critical,Physician,GB,18-44,1
DRG001,Veraximab,Oncology,2023-Q2,QT prolongation,True,Critical,Consumer,CA,75+,1
DRG001,Veraximab,Oncology,2023-Q2,QT prolongation,True,Serious,Physician,GB,65-74,1
DRG001,Veraximab,Oncology,2023-Q2,QT prolongation,True,Serious,Consumer,US,18-44,1
DRG001,Veraximab,Oncology,2023-Q2,Vomiting,False,Critical,Pharmacist,CA,45-64,1
DRG001,Veraximab,Oncology,2023-Q2,Thrombocytopenia,False,Mild,Pharmacist,CA,18-44,1
DRG001,Veraximab,Oncology,2023-Q2,Hepatotoxicity,True,Mild,Consumer,US,65-74,1
DRG001,Veraximab,Oncology,2023-Q2,QT prolongation,True,Critical,Consumer,US,45-64,1
DRG001,Veraximab,Oncology,2023-Q2,Neutropenia,False,Serious,Physician,CA,75+,1
DRG001,Veraximab,Oncology,2023-Q2,Thrombocytopenia,False,Moderate,Consumer,GB,18-44,1
DRG001,Veraximab,Oncology,2023-Q2,QT prolongation,True,Moderate,Pharmacist,CA,45-64,1
DRG001,Veraximab,Oncology,2023-Q2,Nausea,False,Critical,Pharmacist,JP,45-64,1
DRG001,Veraximab,Oncology,2023-Q2,Hepatotoxicity,True,Serious,Other,US,75+,1
DRG001,Veraximab,Oncology,2023-Q2,Thrombocytopenia,False,Serious,Consumer,US,45-64,1
DRG001,Veraximab,Oncology,2023-Q2,Anemia,False,Critical,Other,CA,45-64,1
DRG001,Veraximab,Oncology,2023-Q2,Dyspnea,True,Critical,Physician,US,45-64,1
DRG001,Veraximab,Oncology,2023-Q2,Thrombocytopenia,False,Serious,Physician,CA,75+,1
DRG001,Veraximab,Oncology,2023-Q2,Nausea,False,Mild,Physician,CA,45-64,1
DRG001,Veraximab,Oncology,2023-Q2,Nausea,False,Moderate,Pharmacist,JP,65-74,1
DRG001,Veraximab,Oncology,2023-Q2,Fatigue,False,Serious,Pharmacist,DE,45-64,1
DRG001,Veraximab,Oncology,2023-Q2,Fatigue,False,Mild,Physician,DE,75+,1
DRG001,Veraximab,Oncology,2023-Q2,Dyspnea,True,Mild,Physician,US,65-74,1
DRG001,Veraximab,Oncology,2023-Q2,Nausea,False,Moderate,Physician,US,65-74,1
DRG001,Veraximab,Oncology,2023-Q2,Vomiting,False,Mild,Consumer,CA,45-64,1
DRG001,Veraximab,Oncology,2023-Q2,Nausea,False,Serious,Pharmacist,US,75+,1
DRG001,Veraximab,Oncology,2023-Q2,Alopecia,False,Mild,Pharmacist,US,75+,1
DRG001,Veraximab,Oncology,2023-Q2,Thrombocytopenia,False,Moderate,Other,US,45-64,1
DRG001,Veraximab,Oncology,2023-Q2,Fatigue,False,Critical,Other,DE,18-44,1
DRG001,Veraximab,Oncology,2023-Q2,QT prolongation,True,Moderate,Consumer,CA,18-44,1
DRG001,Veraximab,Oncology,2023-Q2,Alopecia,False,Moderate,Physician,JP,45-64,1
DRG001,Veraximab,Oncology,2023-Q2,Anemia,False,Critical,Physician,US,45-64,1
DRG001,Veraximab,Oncology,2023-Q2,Neutropenia,False,Serious,Physician,CA,65-74,1
DRG001,Veraximab,Oncology,2023-Q2,Nausea,False,Moderate,Pharmacist,GB,45-64,1
DRG001,Veraximab,Oncology,2023-Q2,Neutropenia,False,Mild,Other,US,65-74,1
DRG001,Veraximab,Oncology,2023-Q2,Vomiting,False,Serious,Consumer,US,65-74,1
DRG001,Veraximab,Oncology,2023-Q2,Vomiting,False,Mild,Physician,CA,45-64,1
DRG001,Veraximab,Oncology,2023-Q2,Hepatotoxicity,True,Mild,Physician,CA,45-64,1
DRG001,Veraximab,Oncology,2023-Q2,Alopecia,False,Critical,Consumer,GB,65-74,1
DRG001,Veraximab,Oncology,2023-Q2,Hepatotoxicity,True,Serious,Physician,US,18-44,1
DRG001,Veraximab,Oncology,2023-Q2,Hepatotoxicity,True,Critical,Physician,US,65-74,1
DRG001,Veraximab,Oncology,2023-Q2,Fatigue,False,Moderate,Consumer,DE,45-64,1
DRG001,Veraximab,Oncology,2023-Q2,Nausea,False,Serious,Consumer,JP,65-74,1
DRG001,Veraximab,Oncology,2023-Q2,Thrombocytopenia,False,Serious,Pharmacist,US,45-64,1
DRG001,Veraximab,Oncology,2023-Q2,Anemia,False,Serious,Physician,FR,75+,1
DRG001,Veraximab,Oncology,2023-Q2,Hepatotoxicity,True,Serious,Consumer,GB,75+,1
DRG001,Veraximab,Oncology,2023-Q2,Fatigue,False,Moderate,Physician,FR,45-64,1
DRG001,Veraximab,Oncology,2023-Q2,Fatigue,False,Mild,Consumer,JP,45-64,1
DRG001,Veraximab,Oncology,2023-Q2,QT prolongation,True,Serious,Physician,DE,45-64,1
DRG001,Veraximab,Oncology,2023-Q2,Hepatotoxicity,True,Critical,Other,CA,45-64,1
DRG001,Veraximab,Oncology,2023-Q2,Dyspnea,True,Moderate,Physician,US,65-74,1
DRG001,Veraximab,Oncology,2023-Q2,Thrombocytopenia,False,Serious,Pharmacist,US,65-74,1
DRG001,Veraximab,Oncology,2023-Q2,Fatigue,False,Mild,Physician,CA,75+,1
DRG001,Veraximab,Oncology,2023-Q2,Anemia,False,Mild,Other,GB,18-44,1
DRG001,Veraximab,Oncology,2023-Q2,Nausea,False,Moderate,Physician,US,75+,1
DRG001,Veraximab,Oncology,2023-Q2,Vomiting,False,Mild,Physician,DE,18-44,1
DRG001,Veraximab,Oncology,2023-Q2,Nausea,False,Critical,Consumer,CA,65-74,1
DRG001,Veraximab,Oncology,2023-Q2,Nausea,False,Serious,Physician,DE,65-74,1
DRG001,Veraximab,Oncology,2023-Q2,Fatigue,False,Serious,Physician,US,18-44,1
DRG001,Veraximab,Oncology,2023-Q2,Alopecia,False,Serious,Physician,JP,75+,1
DRG001,Veraximab,Oncology,2023-Q2,Alopecia,False,Critical,Consumer,US,18-44,1
DRG001,Veraximab,Oncology,2023-Q2,Thrombocytopenia,False,Moderate,Pharmacist,US,65-74,1
DRG001,Veraximab,Oncology,2023-Q2,Hepatotoxicity,True,Serious,Physician,US,75+,1
DRG001,Veraximab,Oncology,2023-Q2,Fatigue,False,Serious,Consumer,US,65-74,1
DRG001,Veraximab,Oncology,2023-Q2,Thrombocytopenia,False,Critical,Pharmacist,CA,65-74,1
DRG001,Veraximab,Oncology,2023-Q2,Neutropenia,False,Critical,Consumer,US,45-64,1
DRG001,Veraximab,Oncology,2023-Q2,QT prolongation,True,Serious,Physician,US,65-74,1
DRG001,Veraximab,Oncology,2023-Q2,QT prolongation,True,Mild,Consumer,US,65-74,1
DRG001,Veraximab,Oncology,2023-Q2,Anemia,False,Serious,Physician,CA,65-74,1
DRG001,Veraximab,Oncology,2023-Q2,Vomiting,False,Serious,Consumer,US,75+,1
DRG001,Veraximab,Oncology,2023-Q2,Vomiting,False,Critical,Pharmacist,CA,65-74,1
DRG001,Veraximab,Oncology,2023-Q2,Dyspnea,True,Critical,Physician,GB,65-74,1
DRG001,Veraximab,Oncology,2023-Q2,Dyspnea,True,Mild,Consumer,DE,18-44,1
DRG001,Veraximab,Oncology,2023-Q2,QT prolongation,True,Serious,Pharmacist,CA,65-74,1
DRG001,Veraximab,Oncology,2023-Q2,Hepatotoxicity,True,Critical,Physician,JP,18-44,1
DRG001,Veraximab,Oncology,2023-Q2,Anemia,False,Mild,Consumer,GB,45-64,1
DRG001,Veraximab,Oncology,2023-Q2,Fatigue,False,Critical,Consumer,US,45-64,1
DRG001,Veraximab,Oncology,2023-Q2,Dyspnea,True,Moderate,Other,US,45-64,1
DRG001,Veraximab,Oncology,2023-Q2,Alopecia,False,Critical,Physician,FR,18-44,1
DRG001,Veraximab,Oncology,2023-Q2,Dyspnea,True,Moderate,Physician,FR,65-74,1
DRG001,Veraximab,Oncology,2023-Q2,Vomiting,False,Critical,Pharmacist,US,18-44,1
DRG001,Veraximab,Oncology,2023-Q2,Hepatotoxicity,True,Mild,Pharmacist,FR,18-44,1
DRG001,Veraximab,Oncology,2023-Q2,Neutropenia,False,Serious,Consumer,US,45-64,1
DRG001,Veraximab,Oncology,2023-Q2,Dyspnea,True,Serious,Pharmacist,JP,18-44,1
DRG001,Veraximab,Oncology,2023-Q2,Nausea,False,Moderate,Consumer,JP,18-44,1
DRG001,Veraximab,Oncology,2023-Q2,Anemia,False,Mild,Physician,US,18-44,1
DRG001,Veraximab,Oncology,2023-Q2,Thrombocytopenia,False,Moderate,Consumer,US,65-74,1
DRG001,Veraximab,Oncology,2023-Q2,Hepatotoxicity,True,Serious,Consumer,US,18-44,1
DRG001,Veraximab,Oncology,2023-Q2,Thrombocytopenia,False,Critical,Physician,US,45-64,1
DRG001,Veraximab,Oncology,2023-Q2,Fatigue,False,Mild,Consumer,US,45-64,1
DRG001,Veraximab,Oncology,2023-Q2,Vomiting,False,Mild,Pharmacist,FR,45-64,1
DRG001,Veraximab,Oncology,2023-Q2,Hepatotoxicity,True,Moderate,Physician,JP,45-64,1
DRG001,Veraximab,Oncology,2023-Q2,Dyspnea,True,Mild,Physician,US,75+,1
DRG001,Veraximab,Oncology,2023-Q2,Thrombocytopenia,False,Serious,Consumer,US,65-74,1
DRG001,Veraximab,Oncology,2023-Q2,QT prolongation,True,Mild,Physician,US,65-74,1
DRG001,Veraximab,Oncology,2023-Q2,QT prolongation,True,Mild,Pharmacist,GB,45-64,1
DRG001,Veraximab,Oncology,2023-Q2,Dyspnea,True,Mild,Consumer,US,65-74,1
DRG001,Veraximab,Oncology,2023-Q2,Dyspnea,True,Critical,Physician,DE,45-64,1
DRG001,Veraximab,Oncology,2023-Q3,Thrombocytopenia,False,Moderate,Physician,US,65-74,3
DRG001,Veraximab,Oncology,2023-Q3,Hepatotoxicity,True,Moderate,Consumer,US,65-74,3
DRG001,Veraximab,Oncology,2023-Q3,Thrombocytopenia,False,Moderate,Consumer,US,65-74,2
DRG001,Veraximab,Oncology,2023-Q3,Dyspnea,True,Serious,Pharmacist,US,45-64,2
DRG001,Veraximab,Oncology,2023-Q3,QT prolongation,True,Serious,Consumer,US,65-74,2
DRG001,Veraximab,Oncology,2023-Q3,Nausea,False,Critical,Other,US,65-74,2
DRG001,Veraximab,Oncology,2023-Q3,QT prolongation,True,Serious,Physician,US,18-44,2
DRG001,Veraximab,Oncology,2023-Q3,Anemia,False,Mild,Physician,US,45-64,2
DRG001,Veraximab,Oncology,2023-Q3,Hepatotoxicity,True,Serious,Consumer,US,18-44,2
DRG001,Veraximab,Oncology,2023-Q3,Alopecia,False,Moderate,Pharmacist,US,45-64,2
DRG001,Veraximab,Oncology,2023-Q3,Vomiting,False,Critical,Physician,JP,45-64,2
DRG001,Veraximab,Oncology,2023-Q3,Neutropenia,False,Mild,Physician,CA,45-64,2
DRG001,Veraximab,Oncology,2023-Q3,QT prolongation,True,Critical,Physician,DE,45-64,2
DRG001,Veraximab,Oncology,2023-Q3,Dyspnea,True,Serious,Consumer,US,45-64,2
DRG001,Veraximab,Oncology,2023-Q3,QT prolongation,True,Serious,Physician,US,45-64,2
DRG001,Veraximab,Oncology,2023-Q3,Dyspnea,True,Moderate,Physician,US,75+,1
DRG001,Veraximab,Oncology,2023-Q3,QT prolongation,True,Serious,Pharmacist,GB,45-64,1
DRG001,Veraximab,Oncology,2023-Q3,Alopecia,False,Critical,Physician,FR,65-74,1
DRG001,Veraximab,Oncology,2023-Q3,Dyspnea,True,Serious,Pharmacist,FR,45-64,1
DRG001,Veraximab,Oncology,2023-Q3,Vomiting,False,Critical,Consumer,GB,75+,1
DRG001,Veraximab,Oncology,2023-Q3,Dyspnea,True,Serious,Physician,US,45-64,1
DRG001,Veraximab,Oncology,2023-Q3,Dyspnea,True,Moderate,Physician,US,65-74,1
DRG001,Veraximab,Oncology,2023-Q3,Hepatotoxicity,True,Serious,Physician,CA,45-64,1
DRG001,Veraximab,Oncology,2023-Q3,QT prolongation,True,Critical,Consumer,DE,65-74,1
DRG001,Veraximab,Oncology,2023-Q3,Fatigue,False,Mild,Physician,US,65-74,1
DRG001,Veraximab,Oncology,2023-Q3,Alopecia,False,Mild,Consumer,GB,65-74,1
DRG001,Veraximab,Oncology,2023-Q3,Hepatotoxicity,True,Mild,Physician,FR,65-74,1
DRG001,Veraximab,Oncology,2023-Q3,QT prolongation,True,Critical,Consumer,FR,45-64,1
DRG001,Veraximab,Oncology,2023-Q3,Fatigue,False,Critical,Consumer,US,75+,1
DRG001,Veraximab,Oncology,2023-Q3,Neutropenia,False,Moderate,Physician,FR,45-64,1
DRG001,Veraximab,Oncology,2023-Q3,Alopecia,False,Serious,Pharmacist,JP,18-44,1
DRG001,Veraximab,Oncology,2023-Q3,Fatigue,False,Critical,Physician,JP,75+,1
DRG001,Veraximab,Oncology,2023-Q3,Dyspnea,True,Serious,Physician,FR,18-44,1
DRG001,Veraximab,Oncology,2023-Q3,Anemia,False,Critical,Physician,US,45-64,1
DRG001,Veraximab,Oncology,2023-Q3,Vomiting,False,Mild,Physician,JP,65-74,1
DRG001,Veraximab,Oncology,2023-Q3,Dyspnea,True,Critical,Consumer,US,65-74,1
DRG001,Veraximab,Oncology,2023-Q3,Thrombocytopenia,False,Moderate,Pharmacist,US,75+,1
DRG001,Veraximab,Oncology,2023-Q3,Neutropenia,False,Critical,Other,US,45-64,1
DRG001,Veraximab,Oncology,2023-Q3,Vomiting,False,Mild,Other,DE,18-44,1
DRG001,Veraximab,Oncology,2023-Q3,Dyspnea,True,Mild,Physician,DE,65-74,1
DRG001,Veraximab,Oncology,2023-Q3,Thrombocytopenia,False,Mild,Pharmacist,US,65-74,1
DRG001,Veraximab,Oncology,2023-Q3,Dyspnea,True,Critical,Consumer,US,18-44,1
DRG001,Veraximab,Oncology,2023-Q3,Fatigue,False,Serious,Consumer,US,45-64,1
DRG001,Veraximab,Oncology,2023-Q3,Dyspnea,True,Mild,Physician,US,65-74,1
DRG001,Veraximab,Oncology,2023-Q3,QT prolongation,True,Mild,Other,GB,75+,1
DRG001,Veraximab,Oncology,2023-Q3,QT prolongation,True,Serious,Consumer,FR,45-64,1
DRG001,Veraximab,Oncology,2023-Q3,Alopecia,False,Critical,Pharmacist,JP,45-64,1
DRG001,Veraximab,Oncology,2023-Q3,Vomiting,False,Mild,Physician,GB,65-74,1
DRG001,Veraximab,Oncology,2023-Q3,Hepatotoxicity,True,Moderate,Physician,US,65-74,1
DRG001,Veraximab,Oncology,2023-Q3,Vomiting,False,Moderate,Consumer,US,45-64,1
DRG001,Veraximab,Oncology,2023-Q3,Alopecia,False,Mild,Pharmacist,US,45-64,1
DRG001,Veraximab,Oncology,2023-Q3,Vomiting,False,Moderate,Physician,US,65-74,1
DRG001,Veraximab,Oncology,2023-Q3,Nausea,False,Critical,Consumer,CA,45-64,1
DRG001,Veraximab,Oncology,2023-Q3,Nausea,False,Critical,Physician,US,45-64,1
DRG001,Veraximab,Oncology,2023-Q3,Hepatotoxicity,True,Critical,Other,US,45-64,1
DRG001,Veraximab,Oncology,2023-Q3,QT prolongation,True,Moderate,Consumer,FR,45-64,1
DRG001,Veraximab,Oncology,2023-Q3,Thrombocytopenia,False,Moderate,Physician,DE,45-64,1
DRG001,Veraximab,Oncology,2023-Q3,QT prolongation,True,Moderate,Physician,US,75+,1
DRG001,Veraximab,Oncology,2023-Q3,Anemia,False,Moderate,Physician,DE,75+,1
DRG001,Veraximab,Oncology,2023-Q3,Anemia,False,Mild,Pharmacist,US,45-64,1
DRG001,Veraximab,Oncology,2023-Q3,Thrombocytopenia,False,Serious,Pharmacist,US,45-64,1
DRG001,Veraximab,Oncology,2023-Q3,Alopecia,False,Moderate,Physician,FR,75+,1
DRG001,Veraximab,Oncology,2023-Q3,Hepatotoxicity,True,Moderate,Consumer,JP,45-64,1
DRG001,Veraximab,Oncology,2023-Q3,Fatigue,False,Critical,Physician,US,65-74,1
DRG001,Veraximab,Oncology,2023-Q3,Nausea,False,Moderate,Physician,CA,75+,1
DRG001,Veraximab,Oncology,2023-Q3,Alopecia,False,Moderate,Consumer,DE,65-74,1
DRG001,Veraximab,Oncology,2023-Q3,Hepatotoxicity,True,Mild,Physician,US,75+,1
DRG001,Veraximab,Oncology,2023-Q3,Hepatotoxicity,True,Moderate,Physician,GB,45-64,1
DRG001,Veraximab,Oncology,2023-Q3,QT prolongation,True,Critical,Physician,GB,45-64,1
DRG001,Veraximab,Oncology,2023-Q3,Fatigue,False,Critical,Consumer,US,65-74,1
DRG001,Veraximab,Oncology,2023-Q3,Thrombocytopenia,False,Moderate,Consumer,FR,45-64,1
DRG001,Veraximab,Oncology,2023-Q3,Vomiting,False,Mild,Physician,DE,45-64,1
DRG001,Veraximab,Oncology,2023-Q3,Nausea,False,Serious,Pharmacist,JP,45-64,1
DRG001,Veraximab,Oncology,2023-Q3,QT prolongation,True,Critical,Consumer,US,45-64,1
DRG001,Veraximab,Oncology,2023-Q3,Hepatotoxicity,True,Serious,Consumer,US,65-74,1
DRG001,Veraximab,Oncology,2023-Q3,Hepatotoxicity,True,Mild,Consumer,US,75+,1
DRG001,Veraximab,Oncology,2023-Q3,Anemia,False,Serious,Other,US,45-64,1
DRG001,Veraximab,Oncology,2023-Q3,Vomiting,False,Critical,Other,GB,65-74,1
DRG001,Veraximab,Oncology,2023-Q3,Hepatotoxicity,True,Mild,Pharmacist,US,45-64,1
DRG001,Veraximab,Oncology,2023-Q3,Alopecia,False,Critical,Pharmacist,US,75+,1
DRG001,Veraximab,Oncology,2023-Q3,Neutropenia,False,Mild,Other,US,45-64,1
DRG001,Veraximab,Oncology,2023-Q3,Fatigue,False,Moderate,Consumer,US,75+,1
DRG001,Veraximab,Oncology,2023-Q3,Anemia,False,Critical,Consumer,US,45-64,1
DRG001,Veraximab,Oncology,2023-Q3,Hepatotoxicity,True,Critical,Physician,US,45-64,1
DRG001,Veraximab,Oncology,2023-Q3,Neutropenia,False,Serious,Physician,US,45-64,1
DRG001,Veraximab,Oncology,2023-Q3,Alopecia,False,Critical,Other,CA,18-44,1
DRG001,Veraximab,Oncology,2023-Q3,Dyspnea,True,Critical,Physician,US,45-64,1
DRG001,Veraximab,Oncology,2023-Q3,Alopecia,False,Critical,Consumer,US,18-44,1
DRG001,Veraximab,Oncology,2023-Q3,Alopecia,False,Critical,Consumer,GB,65-74,1
DRG001,Veraximab,Oncology,2023-Q3,Thrombocytopenia,False,Mild,Physician,GB,45-64,1
DRG001,Veraximab,Oncology,2023-Q3,Nausea,False,Serious,Consumer,US,45-64,1
DRG001,Veraximab,Oncology,2023-Q3,QT prolongation,True,Mild,Consumer,FR,75+,1
DRG001,Veraximab,Oncology,2023-Q3,Alopecia,False,Serious,Consumer,FR,65-74,1
DRG001,Veraximab,Oncology,2023-Q3,Vomiting,False,Serious,Consumer,US,45-64,1
DRG001,Veraximab,Oncology,2023-Q3,Dyspnea,True,Mild,Pharmacist,US,45-64,1
DRG001,Veraximab,Oncology,2023-Q3,Hepatotoxicity,True,Mild,Consumer,DE,65-74,1
DRG001,Veraximab,Oncology,2023-Q3,Alopecia,False,Mild,Physician,US,18-44,1
DRG001,Veraximab,Oncology,2023-Q3,Vomiting,False,Mild,Pharmacist,US,45-64,1
DRG001,Veraximab,Oncology,2023-Q3,Vomiting,False,Serious,Pharmacist,US,45-64,1
DRG001,Veraximab,Oncology,2023-Q3,Nausea,False,Critical,Other,US,18-44,1
DRG001,Veraximab,Oncology,2023-Q3,Fatigue,False,Serious,Physician,CA,75+,1
DRG001,Veraximab,Oncology,2023-Q3,Anemia,False,Mild,Consumer,US,65-74,1
DRG001,Veraximab,Oncology,2023-Q3,Nausea,False,Mild,Physician,DE,45-64,1
DRG001,Veraximab,Oncology,2023-Q3,Dyspnea,True,Moderate,Pharmacist,JP,45-64,1
DRG001,Veraximab,Oncology,2023-Q3,Dyspnea,True,Critical,Physician,GB,45-64,1
DRG001,Veraximab,Oncology,2023-Q3,Alopecia,False,Serious,Consumer,US,18-44,1
DRG001,Veraximab,Oncology,2023-Q3,Nausea,False,Critical,Other,US,75+,1
DRG001,Veraximab,Oncology,2023-Q3,Thrombocytopenia,False,Mild,Physician,US,45-64,1
DRG001,Veraximab,Oncology,2023-Q3,Fatigue,False,Mild,Pharmacist,US,65-74,1
DRG001,Veraximab,Oncology,2023-Q3,Neutropenia,False,Critical,Physician,CA,45-64,1
DRG001,Veraximab,Oncology,2023-Q3,Nausea,False,Serious,Physician,JP,45-64,1
DRG001,Veraximab,Oncology,2023-Q3,QT prolongation,True,Moderate,Pharmacist,US,65-74,1
DRG001,Veraximab,Oncology,2023-Q3,Anemia,False,Moderate,Physician,US,45-64,1
DRG001,Veraximab,Oncology,2023-Q3,Dyspnea,True,Mild,Physician,DE,75+,1
DRG001,Veraximab,Oncology,2023-Q3,Fatigue,False,Moderate,Pharmacist,US,18-44,1
DRG001,Veraximab,Oncology,2023-Q3,Nausea,False,Serious,Physician,DE,45-64,1
DRG001,Veraximab,Oncology,2023-Q3,Neutropenia,False,Serious,Consumer,CA,65-74,1
DRG001,Veraximab,Oncology,2023-Q3,Thrombocytopenia,False,Mild,Physician,DE,45-64,1
DRG001,Veraximab,Oncology,2023-Q3,QT prolongation,True,Moderate,Physician,US,45-64,1
DRG001,Veraximab,Oncology,2023-Q3,Fatigue,False,Critical,Consumer,GB,65-74,1
DRG001,Veraximab,Oncology,2023-Q3,Fatigue,False,Mild,Physician,US,18-44,1
DRG001,Veraximab,Oncology,2023-Q3,Fatigue,False,Critical,Pharmacist,US,45-64,1
DRG001,Veraximab,Oncology,2023-Q3,Nausea,False,Moderate,Pharmacist,US,45-64,1
DRG001,Veraximab,Oncology,2023-Q3,QT prolongation,True,Serious,Other,CA,18-44,1
DRG001,Veraximab,Oncology,2023-Q3,Alopecia,False,Mild,Physician,JP,45-64,1
DRG001,Veraximab,Oncology,2023-Q3,Nausea,False,Moderate,Physician,CA,45-64,1
DRG001,Veraximab,Oncology,2023-Q3,Anemia,False,Moderate,Other,FR,75+,1
DRG001,Veraximab,Oncology,2023-Q3,Thrombocytopenia,False,Serious,Physician,FR,75+,1
DRG001,Veraximab,Oncology,2023-Q3,Hepatotoxicity,True,Critical,Physician,GB,45-64,1
DRG001,Veraximab,Oncology,2023-Q3,QT prolongation,True,Moderate,Physician,FR,45-64,1
DRG001,Veraximab,Oncology,2023-Q3,QT prolongation,True,Critical,Pharmacist,US,75+,1
DRG001,Veraximab,Oncology,2023-Q3,QT prolongation,True,Serious,Physician,DE,45-64,1
DRG001,Veraximab,Oncology,2023-Q3,Dyspnea,True,Mild,Consumer,JP,45-64,1
DRG001,Veraximab,Oncology,2023-Q3,Fatigue,False,Moderate,Consumer,US,45-64,1
DRG001,Veraximab,Oncology,2023-Q3,Anemia,False,Moderate,Pharmacist,US,18-44,1
DRG001,Veraximab,Oncology,2023-Q3,Hepatotoxicity,True,Serious,Consumer,FR,65-74,1
DRG001,Veraximab,Oncology,2023-Q3,Fatigue,False,Critical,Consumer,US,45-64,1
DRG001,Veraximab,Oncology,2023-Q3,Thrombocytopenia,False,Mild,Physician,US,65-74,1
DRG001,Veraximab,Oncology,2023-Q3,Hepatotoxicity,True,Critical,Other,JP,45-64,1
DRG001,Veraximab,Oncology,2023-Q3,Fatigue,False,Moderate,Pharmacist,JP,65-74,1
DRG001,Veraximab,Oncology,2023-Q3,Dyspnea,True,Critical,Consumer,FR,45-64,1
DRG001,Veraximab,Oncology,2023-Q3,Hepatotoxicity,True,Moderate,Pharmacist,US,75+,1
DRG001,Veraximab,Oncology,2023-Q3,Anemia,False,Mild,Physician,CA,75+,1
DRG001,Veraximab,Oncology,2023-Q3,Alopecia,False,Critical,Physician,US,45-64,1
DRG001,Veraximab,Oncology,2023-Q3,Fatigue,False,Moderate,Consumer,US,65-74,1
DRG001,Veraximab,Oncology,2023-Q3,Anemia,False,Serious,Physician,US,45-64,1
DRG001,Veraximab,Oncology,2023-Q3,Anemia,False,Critical,Other,US,45-64,1
DRG001,Veraximab,Oncology,2023-Q3,Vomiting,False,Mild,Pharmacist,US,18-44,1
DRG001,Veraximab,Oncology,2023-Q3,Dyspnea,True,Serious,Pharmacist,FR,65-74,1
DRG001,Veraximab,Oncology,2023-Q3,Nausea,False,Serious,Other,JP,75+,1
DRG001,Veraximab,Oncology,2023-Q3,Fatigue,False,Serious,Physician,US,45-64,1
DRG001,Veraximab,Oncology,2023-Q3,Vomiting,False,Serious,Pharmacist,JP,75+,1
DRG001,Veraximab,Oncology,2023-Q3,Neutropenia,False,Moderate,Consumer,JP,65-74,1
DRG001,Veraximab,Oncology,2023-Q3,Hepatotoxicity,True,Critical,Consumer,JP,45-64,1
DRG001,Veraximab,Oncology,2023-Q3,Hepatotoxicity,True,Mild,Physician,CA,65-74,1
DRG001,Veraximab,Oncology,2023-Q3,Fatigue,False,Critical,Pharmacist,US,75+,1
DRG001,Veraximab,Oncology,2023-Q3,QT prolongation,True,Critical,Pharmacist,DE,65-74,1
DRG001,Veraximab,Oncology,2023-Q3,Nausea,False,Serious,Physician,FR,45-64,1
DRG001,Veraximab,Oncology,2023-Q3,Hepatotoxicity,True,Mild,Pharmacist,CA,45-64,1
DRG001,Veraximab,Oncology,2023-Q3,Thrombocytopenia,False,Critical,Other,US,45-64,1
DRG001,Veraximab,Oncology,2023-Q3,Thrombocytopenia,False,Moderate,Physician,JP,45-64,1
DRG001,Veraximab,Oncology,2023-Q3,Vomiting,False,Mild,Consumer,US,75+,1
DRG001,Veraximab,Oncology,2023-Q3,Dyspnea,True,Critical,Pharmacist,US,65-74,1
DRG001,Veraximab,Oncology,2023-Q3,Dyspnea,True,Mild,Physician,JP,75+,1
DRG001,Veraximab,Oncology,2023-Q3,Anemia,False,Moderate,Consumer,US,65-74,1
DRG001,Veraximab,Oncology,2023-Q3,Vomiting,False,Serious,Physician,DE,75+,1
DRG001,Veraximab,Oncology,2023-Q3,Thrombocytopenia,False,Serious,Physician,FR,18-44,1
DRG001,Veraximab,Oncology,2023-Q3,QT prolongation,True,Mild,Physician,US,45-64,1
DRG001,Veraximab,Oncology,2023-Q3,Fatigue,False,Serious,Physician,JP,18-44,1
DRG001,Veraximab,Oncology,2023-Q3,Anemia,False,Mild,Physician,GB,75+,1
DRG001,Veraximab,Oncology,2023-Q3,Alopecia,False,Mild,Physician,US,45-64,1
DRG001,Veraximab,Oncology,2023-Q3,Hepatotoxicity,True,Moderate,Physician,GB,75+,1
DRG001,Veraximab,Oncology,2023-Q3,QT prolongation,True,Serious,Consumer,US,18-44,1
DRG001,Veraximab,Oncology,2023-Q3,Thrombocytopenia,False,Serious,Physician,US,45-64,1
DRG001,Veraximab,Oncology,2023-Q3,Nausea,False,Moderate,Physician,JP,75+,1
DRG001,Veraximab,Oncology,2023-Q3,Nausea,False,Serious,Consumer,US,18-44,1
DRG001,Veraximab,Oncology,2023-Q3,Alopecia,False,Mild,Physician,FR,45-64,1
DRG001,Veraximab,Oncology,2023-Q3,Hepatotoxicity,True,Mild,Physician,JP,65-74,1
DRG001,Veraximab,Oncology,2023-Q3,Hepatotoxicity,True,Mild,Physician,JP,75+,1
DRG001,Veraximab,Oncology,2023-Q3,Neutropenia,False,Serious,Physician,US,65-74,1
DRG001,Veraximab,Oncology,2023-Q3,Vomiting,False,Serious,Consumer,US,65-74,1
DRG001,Veraximab,Oncology,2023-Q3,Anemia,False,Moderate,Consumer,GB,65-74,1
DRG001,Veraximab,Oncology,2023-Q4,Nausea,False,Mild,Physician,US,65-74,3
DRG001,Veraximab,Oncology,2023-Q4,Neutropenia,False,Serious,Consumer,US,45-64,3
DRG001,Veraximab,Oncology,2023-Q4,Dyspnea,True,Critical,Consumer,CA,65-74,2
DRG001,Veraximab,Oncology,2023-Q4,Anemia,False,Moderate,Physician,US,75+,2
DRG001,Veraximab,Oncology,2023-Q4,Dyspnea,True,Mild,Physician,US,45-64,2
DRG001,Veraximab,Oncology,2023-Q4,Vomiting,False,Serious,Physician,JP,45-64,2
DRG001,Veraximab,Oncology,2023-Q4,Alopecia,False,Mild,Physician,US,45-64,2
DRG001,Veraximab,Oncology,2023-Q4,Fatigue,False,Moderate,Physician,US,45-64,2
DRG001,Veraximab,Oncology,2023-Q4,Anemia,False,Serious,Physician,FR,45-64,2
DRG001,Veraximab,Oncology,2023-Q4,Hepatotoxicity,True,Serious,Other,US,65-74,2
DRG001,Veraximab,Oncology,2023-Q4,QT prolongation,True,Serious,Consumer,US,45-64,2
DRG001,Veraximab,Oncology,2023-Q4,Hepatotoxicity,True,Critical,Physician,US,45-64,2
DRG001,Veraximab,Oncology,2023-Q4,Vomiting,False,Critical,Physician,JP,65-74,2
DRG001,Veraximab,Oncology,2023-Q4,Alopecia,False,Critical,Other,US,45-64,2
DRG001,Veraximab,Oncology,2023-Q4,QT prolongation,True,Serious,Consumer,US,18-44,2
DRG001,Veraximab,Oncology,2023-Q4,Nausea,False,Mild,Consumer,US,65-74,2
DRG001,Veraximab,Oncology,2023-Q4,Vomiting,False,Critical,Consumer,US,45-64,2
DRG001,Veraximab,Oncology,2023-Q4,Hepatotoxicity,True,Serious,Physician,GB,65-74,2
DRG001,Veraximab,Oncology,2023-Q4,Fatigue,False,Moderate,Physician,US,65-74,2
DRG001,Veraximab,Oncology,2023-Q4,Nausea,False,Serious,Other,US,45-64,2
DRG001,Veraximab,Oncology,2023-Q4,Hepatotoxicity,True,Critical,Consumer,US,45-64,1
DRG001,Veraximab,Oncology,2023-Q4,Neutropenia,False,Critical,Other,FR,65-74,1
DRG001,Veraximab,Oncology,2023-Q4,QT prolongation,True,Critical,Other,JP,75+,1
DRG001,Veraximab,Oncology,2023-Q4,QT prolongation,True,Critical,Physician,FR,45-64,1
DRG001,Veraximab,Oncology,2023-Q4,Hepatotoxicity,True,Serious,Pharmacist,US,65-74,1
DRG001,Veraximab,Oncology,2023-Q4,Dyspnea,True,Serious,Pharmacist,US,45-64,1
DRG001,Veraximab,Oncology,2023-Q4,Nausea,False,Mild,Consumer,CA,75+,1
DRG001,Veraximab,Oncology,2023-Q4,Vomiting,False,Serious,Consumer,US,45-64,1
DRG001,Veraximab,Oncology,2023-Q4,Neutropenia,False,Serious,Physician,US,75+,1
DRG001,Veraximab,Oncology,2023-Q4,Dyspnea,True,Critical,Pharmacist,JP,45-64,1
DRG001,Veraximab,Oncology,2023-Q4,Thrombocytopenia,False,Mild,Other,JP,18-44,1
DRG001,Veraximab,Oncology,2023-Q4,Hepatotoxicity,True,Critical,Physician,US,65-74,1
DRG001,Veraximab,Oncology,2023-Q4,Dyspnea,True,Mild,Physician,JP,65-74,1
DRG001,Veraximab,Oncology,2023-Q4,Hepatotoxicity,True,Moderate,Pharmacist,GB,45-64,1
DRG001,Veraximab,Oncology,2023-Q4,Hepatotoxicity,True,Critical,Consumer,US,65-74,1
DRG001,Veraximab,Oncology,2023-Q4,Anemia,False,Moderate,Consumer,US,65-74,1
DRG001,Veraximab,Oncology,2023-Q4,Vomiting,False,Critical,Physician,GB,45-64,1
DRG001,Veraximab,Oncology,2023-Q4,Vomiting,False,Critical,Physician,CA,65-74,1
DRG001,Veraximab,Oncology,2023-Q4,QT prolongation,True,Mild,Other,GB,45-64,1
DRG001,Veraximab,Oncology,2023-Q4,Nausea,False,Mild,Consumer,US,75+,1
DRG001,Veraximab,Oncology,2023-Q4,Vomiting,False,Moderate,Physician,US,45-64,1
DRG001,Veraximab,Oncology,2023-Q4,Anemia,False,Serious,Pharmacist,JP,65-74,1
DRG001,Veraximab,Oncology,2023-Q4,Hepatotoxicity,True,Serious,Physician,US,45-64,1
DRG001,Veraximab,Oncology,2023-Q4,Nausea,False,Critical,Consumer,US,75+,1
DRG001,Veraximab,Oncology,2023-Q4,Nausea,False,Mild,Consumer,DE,65-74,1
DRG001,Veraximab,Oncology,2023-Q4,Fatigue,False,Critical,Consumer,US,45-64,1
DRG001,Veraximab,Oncology,2023-Q4,Alopecia,False,Serious,Consumer,CA,65-74,1
DRG001,Veraximab,Oncology,2023-Q4,Hepatotoxicity,True,Moderate,Physician,DE,45-64,1
DRG001,Veraximab,Oncology,2023-Q4,Alopecia,False,Mild,Physician,US,65-74,1
DRG001,Veraximab,Oncology,2023-Q4,Fatigue,False,Serious,Consumer,JP,65-74,1
DRG001,Veraximab,Oncology,2023-Q4,Hepatotoxicity,True,Mild,Consumer,US,65-74,1
DRG001,Veraximab,Oncology,2023-Q4,Dyspnea,True,Mild,Physician,DE,45-64,1
DRG001,Veraximab,Oncology,2023-Q4,Thrombocytopenia,False,Mild,Pharmacist,GB,45-64,1
DRG001,Veraximab,Oncology,2023-Q4,Dyspnea,True,Mild,Consumer,US,18-44,1
DRG001,Veraximab,Oncology,2023-Q4,Anemia,False,Mild,Consumer,DE,65-74,1
DRG001,Veraximab,Oncology,2023-Q4,Nausea,False,Serious,Physician,US,75+,1
DRG001,Veraximab,Oncology,2023-Q4,Hepatotoxicity,True,Mild,Pharmacist,JP,45-64,1
DRG001,Veraximab,Oncology,2023-Q4,Anemia,False,Moderate,Consumer,GB,75+,1
DRG001,Veraximab,Oncology,2023-Q4,QT prolongation,True,Critical,Physician,US,45-64,1
DRG001,Veraximab,Oncology,2023-Q4,Anemia,False,Critical,Consumer,JP,45-64,1
DRG001,Veraximab,Oncology,2023-Q4,Neutropenia,False,Serious,Consumer,JP,18-44,1
DRG001,Veraximab,Oncology,2023-Q4,Hepatotoxicity,True,Serious,Other,US,45-64,1
DRG001,Veraximab,Oncology,2023-Q4,Neutropenia,False,Moderate,Pharmacist,CA,45-64,1
DRG001,Veraximab,Oncology,2023-Q4,Fatigue,False,Moderate,Other,US,65-74,1
DRG001,Veraximab,Oncology,2023-Q4,Hepatotoxicity,True,Moderate,Pharmacist,US,65-74,1
DRG001,Veraximab,Oncology,2023-Q4,Thrombocytopenia,False,Mild,Physician,CA,65-74,1
DRG001,Veraximab,Oncology,2023-Q4,Nausea,False,Serious,Consumer,FR,18-44,1
DRG001,Veraximab,Oncology,2023-Q4,Neutropenia,False,Mild,Physician,US,65-74,1
DRG001,Veraximab,Oncology,2023-Q4,Nausea,False,Serious,Pharmacist,US,45-64,1
DRG001,Veraximab,Oncology,2023-Q4,Dyspnea,True,Critical,Consumer,FR,45-64,1
DRG001,Veraximab,Oncology,2023-Q4,Dyspnea,True,Critical,Physician,US,45-64,1
DRG001,Veraximab,Oncology,2023-Q4,QT prolongation,True,Mild,Pharmacist,FR,45-64,1
DRG001,Veraximab,Oncology,2023-Q4,Nausea,False,Critical,Pharmacist,JP,65-74,1
DRG001,Veraximab,Oncology,2023-Q4,Alopecia,False,Mild,Physician,US,18-44,1
DRG001,Veraximab,Oncology,2023-Q4,Neutropenia,False,Critical,Physician,JP,45-64,1
DRG001,Veraximab,Oncology,2023-Q4,Dyspnea,True,Moderate,Physician,US,45-64,1
DRG001,Veraximab,Oncology,2023-Q4,QT prolongation,True,Mild,Physician,JP,18-44,1
DRG001,Veraximab,Oncology,2023-Q4,Neutropenia,False,Moderate,Pharmacist,US,75+,1
DRG001,Veraximab,Oncology,2023-Q4,Anemia,False,Critical,Other,JP,75+,1
DRG001,Veraximab,Oncology,2023-Q4,Thrombocytopenia,False,Moderate,Other,JP,45-64,1
DRG001,Veraximab,Oncology,2023-Q4,QT prolongation,True,Serious,Physician,US,45-64,1
DRG001,Veraximab,Oncology,2023-Q4,Thrombocytopenia,False,Critical,Physician,US,18-44,1
DRG001,Veraximab,Oncology,2023-Q4,Nausea,False,Moderate,Physician,US,45-64,1
DRG001,Veraximab,Oncology,2023-Q4,Nausea,False,Serious,Physician,US,18-44,1
DRG001,Veraximab,Oncology,2023-Q4,Anemia,False,Moderate,Physician,FR,45-64,1
DRG001,Veraximab,Oncology,2023-Q4,Neutropenia,False,Moderate,Physician,DE,45-64,1
DRG001,Veraximab,Oncology,2023-Q4,Anemia,False,Mild,Consumer,DE,75+,1
DRG001,Veraximab,Oncology,2023-Q4,QT prolongation,True,Serious,Consumer,JP,45-64,1
DRG001,Veraximab,Oncology,2023-Q4,Thrombocytopenia,False,Critical,Pharmacist,US,45-64,1
DRG001,Veraximab,Oncology,2023-Q4,Nausea,False,Moderate,Consumer,US,45-64,1
DRG001,Veraximab,Oncology,2023-Q4,Nausea,False,Serious,Pharmacist,US,75+,1
DRG001,Veraximab,Oncology,2023-Q4,QT prolongation,True,Serious,Pharmacist,US,65-74,1
DRG001,Veraximab,Oncology,2023-Q4,Nausea,False,Critical,Pharmacist,US,45-64,1
DRG001,Veraximab,Oncology,2023-Q4,Thrombocytopenia,False,Critical,Consumer,FR,65-74,1
DRG001,Veraximab,Oncology,2023-Q4,QT prolongation,True,Mild,Other,US,18-44,1
DRG001,Veraximab,Oncology,2023-Q4,Hepatotoxicity,True,Moderate,Other,US,45-64,1
DRG001,Veraximab,Oncology,2023-Q4,Hepatotoxicity,True,Critical,Consumer,CA,18-44,1
DRG001,Veraximab,Oncology,2023-Q4,Fatigue,False,Moderate,Consumer,CA,18-44,1
DRG001,Veraximab,Oncology,2023-Q4,Alopecia,False,Critical,Consumer,JP,75+,1
DRG001,Veraximab,Oncology,2023-Q4,Alopecia,False,Moderate,Consumer,FR,65-74,1
DRG001,Veraximab,Oncology,2023-Q4,Dyspnea,True,Critical,Physician,CA,45-64,1
DRG001,Veraximab,Oncology,2023-Q4,Fatigue,False,Critical,Pharmacist,CA,65-74,1
DRG001,Veraximab,Oncology,2023-Q4,Hepatotoxicity,True,Serious,Consumer,US,45-64,1
DRG001,Veraximab,Oncology,2023-Q4,QT prolongation,True,Critical,Physician,GB,45-64,1
DRG001,Veraximab,Oncology,2023-Q4,Hepatotoxicity,True,Moderate,Consumer,US,75+,1
DRG001,Veraximab,Oncology,2023-Q4,Dyspnea,True,Serious,Consumer,CA,65-74,1
DRG001,Veraximab,Oncology,2023-Q4,Vomiting,False,Critical,Consumer,US,65-74,1
DRG001,Veraximab,Oncology,2023-Q4,Anemia,False,Mild,Physician,US,75+,1
DRG001,Veraximab,Oncology,2023-Q4,Dyspnea,True,Critical,Consumer,US,45-64,1
DRG001,Veraximab,Oncology,2023-Q4,Dyspnea,True,Mild,Other,US,45-64,1
DRG001,Veraximab,Oncology,2023-Q4,QT prolongation,True,Mild,Physician,JP,65-74,1
DRG001,Veraximab,Oncology,2023-Q4,Thrombocytopenia,False,Critical,Other,US,45-64,1
DRG001,Veraximab,Oncology,2023-Q4,Neutropenia,False,Moderate,Physician,US,45-64,1
DRG001,Veraximab,Oncology,2023-Q4,Fatigue,False,Serious,Consumer,DE,65-74,1
DRG001,Veraximab,Oncology,2023-Q4,Neutropenia,False,Serious,Physician,JP,65-74,1
DRG001,Veraximab,Oncology,2023-Q4,Dyspnea,True,Critical,Physician,JP,65-74,1
DRG001,Veraximab,Oncology,2023-Q4,Alopecia,False,Moderate,Consumer,JP,65-74,1
DRG001,Veraximab,Oncology,2023-Q4,QT prolongation,True,Moderate,Consumer,US,65-74,1
DRG001,Veraximab,Oncology,2023-Q4,Neutropenia,False,Mild,Pharmacist,US,45-64,1
DRG001,Veraximab,Oncology,2023-Q4,Nausea,False,Serious,Other,DE,45-64,1
DRG001,Veraximab,Oncology,2023-Q4,Hepatotoxicity,True,Serious,Consumer,US,65-74,1
DRG001,Veraximab,Oncology,2023-Q4,Neutropenia,False,Critical,Consumer,GB,75+,1
DRG001,Veraximab,Oncology,2023-Q4,Thrombocytopenia,False,Mild,Physician,JP,18-44,1
DRG001,Veraximab,Oncology,2023-Q4,Nausea,False,Moderate,Physician,GB,65-74,1
DRG001,Veraximab,Oncology,2023-Q4,Dyspnea,True,Serious,Physician,US,65-74,1
DRG001,Veraximab,Oncology,2023-Q4,Hepatotoxicity,True,Serious,Pharmacist,CA,65-74,1
DRG001,Veraximab,Oncology,2023-Q4,Alopecia,False,Mild,Consumer,US,18-44,1
DRG001,Veraximab,Oncology,2023-Q4,QT prolongation,True,Moderate,Other,US,18-44,1
DRG001,Veraximab,Oncology,2023-Q4,Hepatotoxicity,True,Critical,Consumer,FR,65-74,1
DRG001,Veraximab,Oncology,2023-Q4,Vomiting,False,Mild,Consumer,US,18-44,1
DRG001,Veraximab,Oncology,2023-Q4,Alopecia,False,Serious,Physician,GB,75+,1
DRG001,Veraximab,Oncology,2023-Q4,Thrombocytopenia,False,Serious,Physician,CA,18-44,1
DRG001,Veraximab,Oncology,2023-Q4,QT prolongation,True,Serious,Physician,US,18-44,1
DRG001,Veraximab,Oncology,2023-Q4,Neutropenia,False,Mild,Physician,US,45-64,1
DRG001,Veraximab,Oncology,2023-Q4,Dyspnea,True,Critical,Other,US,45-64,1
DRG001,Veraximab,Oncology,2023-Q4,Fatigue,False,Serious,Physician,JP,65-74,1
DRG001,Veraximab,Oncology,2023-Q4,Alopecia,False,Mild,Pharmacist,US,75+,1
DRG001,Veraximab,Oncology,2023-Q4,Neutropenia,False,Mild,Physician,JP,45-64,1
DRG001,Veraximab,Oncology,2023-Q4,QT prolongation,True,Critical,Consumer,FR,45-64,1
DRG001,Veraximab,Oncology,2023-Q4,Nausea,False,Moderate,Consumer,GB,65-74,1
DRG001,Veraximab,Oncology,2023-Q4,Nausea,False,Mild,Consumer,DE,45-64,1
DRG001,Veraximab,Oncology,2023-Q4,QT prolongation,True,Mild,Physician,DE,45-64,1
DRG001,Veraximab,Oncology,2023-Q4,Anemia,False,Moderate,Physician,CA,45-64,1
DRG001,Veraximab,Oncology,2023-Q4,Anemia,False,Serious,Physician,DE,45-64,1
DRG001,Veraximab,Oncology,2023-Q4,Dyspnea,True,Moderate,Other,DE,45-64,1
DRG001,Veraximab,Oncology,2023-Q4,QT prolongation,True,Serious,Physician,JP,65-74,1
DRG001,Veraximab,Oncology,2023-Q4,Dyspnea,True,Serious,Physician,GB,45-64,1
DRG001,Veraximab,Oncology,2023-Q4,Nausea,False,Moderate,Consumer,CA,75+,1
DRG001,Veraximab,Oncology,2023-Q4,Vomiting,False,Mild,Consumer,US,45-64,1
DRG001,Veraximab,Oncology,2023-Q4,Dyspnea,True,Serious,Pharmacist,CA,65-74,1
DRG001,Veraximab,Oncology,2023-Q4,Alopecia,False,Serious,Consumer,US,45-64,1
DRG001,Veraximab,Oncology,2023-Q4,Hepatotoxicity,True,Critical,Other,US,45-64,1
DRG001,Veraximab,Oncology,2023-Q4,QT prolongation,True,Mild,Physician,CA,75+,1
DRG001,Veraximab,Oncology,2023-Q4,QT prolongation,True,Mild,Pharmacist,GB,65-74,1
DRG001,Veraximab,Oncology,2023-Q4,Thrombocytopenia,False,Serious,Consumer,GB,65-74,1
DRG001,Veraximab,Oncology,2023-Q4,QT prolongation,True,Serious,Other,JP,65-74,1
DRG001,Veraximab,Oncology,2023-Q4,Dyspnea,True,Mild,Pharmacist,US,65-74,1
DRG001,Veraximab,Oncology,2023-Q4,Thrombocytopenia,False,Moderate,Consumer,US,65-74,1
DRG001,Veraximab,Oncology,2023-Q4,Hepatotoxicity,True,Mild,Consumer,JP,18-44,1
DRG001,Veraximab,Oncology,2023-Q4,Nausea,False,Moderate,Physician,US,18-44,1
DRG001,Veraximab,Oncology,2023-Q4,Thrombocytopenia,False,Critical,Physician,GB,65-74,1
DRG001,Veraximab,Oncology,2023-Q4,Alopecia,False,Serious,Pharmacist,US,65-74,1
DRG001,Veraximab,Oncology,2023-Q4,Vomiting,False,Critical,Physician,FR,45-64,1
DRG001,Veraximab,Oncology,2023-Q4,Dyspnea,True,Moderate,Physician,US,65-74,1
DRG001,Veraximab,Oncology,2023-Q4,Alopecia,False,Mild,Pharmacist,GB,45-64,1
DRG001,Veraximab,Oncology,2023-Q4,QT prolongation,True,Serious,Physician,CA,45-64,1
DRG001,Veraximab,Oncology,2023-Q4,Thrombocytopenia,False,Serious,Consumer,FR,45-64,1
DRG001,Veraximab,Oncology,2023-Q4,Vomiting,False,Mild,Consumer,CA,75+,1
DRG001,Veraximab,Oncology,2023-Q4,Dyspnea,True,Serious,Consumer,DE,75+,1
DRG001,Veraximab,Oncology,2023-Q4,Hepatotoxicity,True,Moderate,Physician,US,65-74,1
DRG001,Veraximab,Oncology,2023-Q4,Alopecia,False,Critical,Other,CA,45-64,1
DRG001,Veraximab,Oncology,2023-Q4,Anemia,False,Mild,Consumer,US,45-64,1
DRG001,Veraximab,Oncology,2023-Q4,Hepatotoxicity,True,Critical,Physician,GB,65-74,1
DRG001,Veraximab,Oncology,2023-Q4,Nausea,False,Mild,Physician,US,45-64,1
DRG001,Veraximab,Oncology,2023-Q4,Anemia,False,Critical,Other,GB,65-74,1
DRG001,Veraximab,Oncology,2023-Q4,Alopecia,False,Serious,Pharmacist,DE,75+,1
DRG001,Veraximab,Oncology,2023-Q4,Neutropenia,False,Critical,Pharmacist,US,45-64,1
DRG001,Veraximab,Oncology,2023-Q4,Nausea,False,Serious,Pharmacist,FR,45-64,1
DRG001,Veraximab,Oncology,2023-Q4,QT prolongation,True,Mild,Physician,US,75+,1
DRG001,Veraximab,Oncology,2023-Q4,Dyspnea,True,Mild,Consumer,US,45-64,1
DRG001,Veraximab,Oncology,2023-Q4,Alopecia,False,Critical,Physician,CA,45-64,1
DRG001,Veraximab,Oncology,2023-Q4,Anemia,False,Mild,Consumer,US,65-74,1
DRG001,Veraximab,Oncology,2023-Q4,Anemia,False,Mild,Pharmacist,GB,45-64,1
DRG001,Veraximab,Oncology,2023-Q4,Hepatotoxicity,True,Moderate,Pharmacist,US,75+,1
DRG001,Veraximab,Oncology,2023-Q4,Vomiting,False,Serious,Pharmacist,US,75+,1
DRG001,Veraximab,Oncology,2023-Q4,Vomiting,False,Moderate,Consumer,US,65-74,1
DRG001,Veraximab,Oncology,2023-Q4,Alopecia,False,Moderate,Pharmacist,FR,65-74,1
DRG001,Veraximab,Oncology,2023-Q4,Anemia,False,Moderate,Consumer,US,45-64,1
DRG001,Veraximab,Oncology,2023-Q4,Vomiting,False,Serious,Physician,JP,65-74,1
DRG001,Veraximab,Oncology,2023-Q4,Anemia,False,Mild,Physician,JP,65-74,1
DRG001,Veraximab,Oncology,2023-Q4,QT prolongation,True,Mild,Pharmacist,JP,45-64,1
DRG001,Veraximab,Oncology,2023-Q4,Anemia,False,Mild,Physician,GB,45-64,1
DRG001,Veraximab,Oncology,2023-Q4,Nausea,False,Mild,Consumer,GB,65-74,1
DRG001,Veraximab,Oncology,2023-Q4,Hepatotoxicity,True,Mild,Pharmacist,US,45-64,1
DRG001,Veraximab,Oncology,2023-Q4,Hepatotoxicity,True,Mild,Other,US,65-74,1
DRG001,Veraximab,Oncology,2023-Q4,Anemia,False,Moderate,Consumer,JP,45-64,1
DRG001,Veraximab,Oncology,2023-Q4,QT prolongation,True,Critical,Consumer,US,75+,1
DRG001,Veraximab,Oncology,2023-Q4,Anemia,False,Critical,Physician,FR,65-74,1
DRG001,Veraximab,Oncology,2023-Q4,Fatigue,False,Critical,Consumer,JP,45-64,1
DRG001,Veraximab,Oncology,2023-Q4,Alopecia,False,Critical,Physician,US,65-74,1
DRG001,Veraximab,Oncology,2023-Q4,QT prolongation,True,Mild,Physician,US,65-74,1
DRG001,Veraximab,Oncology,2023-Q4,Alopecia,False,Serious,Pharmacist,US,45-64,1
DRG001,Veraximab,Oncology,2023-Q4,QT prolongation,True,Serious,Physician,CA,65-74,1
DRG001,Veraximab,Oncology,2023-Q4,Hepatotoxicity,True,Mild,Physician,US,45-64,1
DRG001,Veraximab,Oncology,2023-Q4,QT prolongation,True,Mild,Physician,FR,45-64,1
DRG001,Veraximab,Oncology,2023-Q4,Vomiting,False,Mild,Physician,US,75+,1
DRG001,Veraximab,Oncology,2023-Q4,Thrombocytopenia,False,Mild,Other,US,65-74,1
DRG001,Veraximab,Oncology,2023-Q4,Nausea,False,Moderate,Other,US,45-64,1
DRG001,Veraximab,Oncology,2023-Q4,Fatigue,False,Mild,Consumer,CA,45-64,1
DRG001,Veraximab,Oncology,2023-Q4,Nausea,False,Moderate,Physician,JP,75+,1
DRG001,Veraximab,Oncology,2023-Q4,Vomiting,False,Serious,Physician,US,65-74,1
DRG001,Veraximab,Oncology,2023-Q4,Anemia,False,Mild,Other,DE,18-44,1
DRG001,Veraximab,Oncology,2023-Q4,QT prolongation,True,Mild,Pharmacist,US,45-64,1
DRG001,Veraximab,Oncology,2023-Q4,Anemia,False,Mild,Physician,DE,65-74,1
DRG001,Veraximab,Oncology,2023-Q4,Alopecia,False,Serious,Pharmacist,FR,45-64,1
DRG001,Veraximab,Oncology,2023-Q4,Thrombocytopenia,False,Serious,Physician,DE,65-74,1
DRG001,Veraximab,Oncology,2023-Q4,Neutropenia,False,Mild,Consumer,GB,65-74,1
DRG001,Veraximab,Oncology,2023-Q4,Neutropenia,False,Moderate,Other,CA,75+,1
DRG001,Veraximab,Oncology,2023-Q4,Thrombocytopenia,False,Mild,Physician,US,45-64,1
DRG001,Veraximab,Oncology,2023-Q4,Dyspnea,True,Moderate,Consumer,GB,65-74,1
DRG001,Veraximab,Oncology,2023-Q4,Alopecia,False,Critical,Pharmacist,US,45-64,1
DRG001,Veraximab,Oncology,2023-Q4,Alopecia,False,Critical,Physician,FR,18-44,1
DRG001,Veraximab,Oncology,2023-Q4,Dyspnea,True,Moderate,Consumer,CA,75+,1
DRG001,Veraximab,Oncology,2023-Q4,Thrombocytopenia,False,Critical,Consumer,CA,75+,1
DRG001,Veraximab,Oncology,2023-Q4,Fatigue,False,Mild,Pharmacist,US,45-64,1
DRG001,Veraximab,Oncology,2023-Q4,Hepatotoxicity,True,Serious,Consumer,GB,45-64,1
DRG001,Veraximab,Oncology,2023-Q4,QT prolongation,True,Serious,Pharmacist,US,45-64,1
DRG001,Veraximab,Oncology,2023-Q4,Neutropenia,False,Critical,Pharmacist,JP,65-74,1
DRG001,Veraximab,Oncology,2023-Q4,QT prolongation,True,Moderate,Consumer,JP,75+,1
DRG001,Veraximab,Oncology,2023-Q4,Thrombocytopenia,False,Mild,Consumer,FR,18-44,1
DRG001,Veraximab,Oncology,2023-Q4,Dyspnea,True,Critical,Pharmacist,GB,18-44,1
DRG001,Veraximab,Oncology,2023-Q4,Neutropenia,False,Critical,Consumer,US,65-74,1
DRG001,Veraximab,Oncology,2023-Q4,Dyspnea,True,Serious,Consumer,US,45-64,1
DRG001,Veraximab,Oncology,2023-Q4,Vomiting,False,Moderate,Other,US,45-64,1
DRG001,Veraximab,Oncology,2023-Q4,Alopecia,False,Critical,Physician,US,45-64,1
DRG001,Veraximab,Oncology,2023-Q4,Alopecia,False,Moderate,Consumer,US,65-74,1
DRG001,Veraximab,Oncology,2023-Q4,Vomiting,False,Moderate,Physician,FR,45-64,1
DRG001,Veraximab,Oncology,2023-Q4,Thrombocytopenia,False,Serious,Physician,US,75+,1
DRG001,Veraximab,Oncology,2023-Q4,Vomiting,False,Serious,Other,JP,65-74,1
DRG001,Veraximab,Oncology,2023-Q4,Thrombocytopenia,False,Mild,Consumer,US,75+,1
DRG001,Veraximab,Oncology,2023-Q4,Nausea,False,Critical,Consumer,DE,65-74,1
DRG001,Veraximab,Oncology,2023-Q4,Neutropenia,False,Moderate,Consumer,US,45-64,1
DRG001,Veraximab,Oncology,2023-Q4,Fatigue,False,Mild,Other,US,45-64,1
DRG001,Veraximab,Oncology,2024-Q1,Anemia,False,Serious,Physician,US,18-44,3
DRG001,Veraximab,Oncology,2024-Q1,Vomiting,False,Mild,Physician,US,65-74,3
DRG001,Veraximab,Oncology,2024-Q1,Nausea,False,Mild,Consumer,US,45-64,3
DRG001,Veraximab,Oncology,2024-Q1,Dyspnea,True,Moderate,Physician,US,18-44,3
DRG001,Veraximab,Oncology,2024-Q1,Hepatotoxicity,True,Serious,Consumer,US,18-44,2
DRG001,Veraximab,Oncology,2024-Q1,QT prolongation,True,Critical,Physician,US,45-64,2
DRG001,Veraximab,Oncology,2024-Q1,Alopecia,False,Critical,Physician,US,65-74,2
DRG001,Veraximab,Oncology,2024-Q1,Anemia,False,Serious,Physician,US,45-64,2
DRG001,Veraximab,Oncology,2024-Q1,Hepatotoxicity,True,Moderate,Consumer,US,75+,2
DRG001,Veraximab,Oncology,2024-Q1,Dyspnea,True,Serious,Consumer,CA,45-64,2
DRG001,Veraximab,Oncology,2024-Q1,Hepatotoxicity,True,Serious,Pharmacist,US,45-64,2
DRG001,Veraximab,Oncology,2024-Q1,QT prolongation,True,Moderate,Consumer,US,18-44,2
DRG001,Veraximab,Oncology,2024-Q1,Dyspnea,True,Serious,Physician,US,65-74,2
DRG001,Veraximab,Oncology,2024-Q1,Hepatotoxicity,True,Serious,Physician,US,45-64,2
DRG001,Veraximab,Oncology,2024-Q1,Hepatotoxicity,True,Moderate,Physician,US,45-64,2
DRG001,Veraximab,Oncology,2024-Q1,Fatigue,False,Moderate,Pharmacist,US,45-64,2
DRG001,Veraximab,Oncology,2024-Q1,QT prolongation,True,Mild,Pharmacist,US,45-64,2
DRG001,Veraximab,Oncology,2024-Q1,Nausea,False,Serious,Physician,JP,45-64,2
DRG001,Veraximab,Oncology,2024-Q1,Dyspnea,True,Critical,Pharmacist,DE,45-64,2
DRG001,Veraximab,Oncology,2024-Q1,QT prolongation,True,Critical,Physician,GB,18-44,2
DRG001,Veraximab,Oncology,2024-Q1,Thrombocytopenia,False,Critical,Physician,US,65-74,2
DRG001,Veraximab,Oncology,2024-Q1,Dyspnea,True,Critical,Physician,US,45-64,2
DRG001,Veraximab,Oncology,2024-Q1,Dyspnea,True,Moderate,Physician,US,75+,2
DRG001,Veraximab,Oncology,2024-Q1,Fatigue,False,Serious,Pharmacist,DE,75+,1
DRG001,Veraximab,Oncology,2024-Q1,Fatigue,False,Moderate,Other,JP,18-44,1
DRG001,Veraximab,Oncology,2024-Q1,Neutropenia,False,Serious,Other,DE,65-74,1
DRG001,Veraximab,Oncology,2024-Q1,Dyspnea,True,Moderate,Other,FR,75+,1
DRG001,Veraximab,Oncology,2024-Q1,QT prolongation,True,Mild,Physician,FR,45-64,1
DRG001,Veraximab,Oncology,2024-Q1,Hepatotoxicity,True,Moderate,Consumer,JP,45-64,1
DRG001,Veraximab,Oncology,2024-Q1,Neutropenia,False,Mild,Pharmacist,US,65-74,1
DRG001,Veraximab,Oncology,2024-Q1,Fatigue,False,Critical,Physician,US,75+,1
DRG001,Veraximab,Oncology,2024-Q1,Hepatotoxicity,True,Critical,Pharmacist,JP,65-74,1
DRG001,Veraximab,Oncology,2024-Q1,Vomiting,False,Moderate,Other,US,65-74,1
DRG001,Veraximab,Oncology,2024-Q1,Alopecia,False,Critical,Physician,JP,45-64,1
DRG001,Veraximab,Oncology,2024-Q1,Dyspnea,True,Mild,Pharmacist,US,45-64,1
DRG001,Veraximab,Oncology,2024-Q1,Hepatotoxicity,True,Moderate,Physician,US,75+,1
DRG001,Veraximab,Oncology,2024-Q1,Alopecia,False,Moderate,Other,US,18-44,1
DRG001,Veraximab,Oncology,2024-Q1,Dyspnea,True,Moderate,Consumer,DE,65-74,1
DRG001,Veraximab,Oncology,2024-Q1,Thrombocytopenia,False,Serious,Physician,FR,65-74,1
DRG001,Veraximab,Oncology,2024-Q1,Neutropenia,False,Mild,Consumer,US,65-74,1
DRG001,Veraximab,Oncology,2024-Q1,Fatigue,False,Critical,Consumer,DE,75+,1
DRG001,Veraximab,Oncology,2024-Q1,QT prolongation,True,Critical,Consumer,CA,75+,1
DRG001,Veraximab,Oncology,2024-Q1,Neutropenia,False,Moderate,Physician,CA,45-64,1
DRG001,Veraximab,Oncology,2024-Q1,QT prolongation,True,Serious,Pharmacist,FR,75+,1
DRG001,Veraximab,Oncology,2024-Q1,Vomiting,False,Moderate,Consumer,US,65-74,1
DRG001,Veraximab,Oncology,2024-Q1,Dyspnea,True,Critical,Physician,GB,75+,1
DRG001,Veraximab,Oncology,2024-Q1,Fatigue,False,Serious,Physician,GB,18-44,1
DRG001,Veraximab,Oncology,2024-Q1,Hepatotoxicity,True,Critical,Pharmacist,GB,65-74,1
DRG001,Veraximab,Oncology,2024-Q1,Fatigue,False,Serious,Pharmacist,CA,75+,1
DRG001,Veraximab,Oncology,2024-Q1,Dyspnea,True,Serious,Pharmacist,US,45-64,1
DRG001,Veraximab,Oncology,2024-Q1,QT prolongation,True,Critical,Pharmacist,US,18-44,1
DRG001,Veraximab,Oncology,2024-Q1,QT prolongation,True,Serious,Consumer,FR,45-64,1
DRG001,Veraximab,Oncology,2024-Q1,Thrombocytopenia,False,Serious,Physician,US,65-74,1
DRG001,Veraximab,Oncology,2024-Q1,Vomiting,False,Mild,Consumer,US,45-64,1
DRG001,Veraximab,Oncology,2024-Q1,Anemia,False,Serious,Consumer,CA,65-74,1
DRG001,Veraximab,Oncology,2024-Q1,Anemia,False,Serious,Consumer,US,45-64,1
DRG001,Veraximab,Oncology,2024-Q1,QT prolongation,True,Serious,Physician,DE,45-64,1
DRG001,Veraximab,Oncology,2024-Q1,Anemia,False,Mild,Consumer,US,75+,1
DRG001,Veraximab,Oncology,2024-Q1,Hepatotoxicity,True,Serious,Physician,GB,45-64,1
DRG001,Veraximab,Oncology,2024-Q1,Alopecia,False,Critical,Physician,GB,45-64,1
DRG001,Veraximab,Oncology,2024-Q1,QT prolongation,True,Serious,Physician,US,65-74,1
DRG001,Veraximab,Oncology,2024-Q1,Anemia,False,Moderate,Physician,US,75+,1
DRG001,Veraximab,Oncology,2024-Q1,Anemia,False,Mild,Physician,GB,18-44,1
DRG001,Veraximab,Oncology,2024-Q1,Nausea,False,Serious,Consumer,US,65-74,1
DRG001,Veraximab,Oncology,2024-Q1,Neutropenia,False,Mild,Consumer,CA,65-74,1
DRG001,Veraximab,Oncology,2024-Q1,Neutropenia,False,Critical,Consumer,US,65-74,1
DRG001,Veraximab,Oncology,2024-Q1,Vomiting,False,Mild,Consumer,CA,45-64,1
DRG001,Veraximab,Oncology,2024-Q1,Thrombocytopenia,False,Moderate,Physician,US,18-44,1
DRG001,Veraximab,Oncology,2024-Q1,Anemia,False,Serious,Physician,FR,65-74,1
DRG001,Veraximab,Oncology,2024-Q1,QT prolongation,True,Moderate,Other,FR,65-74,1
DRG001,Veraximab,Oncology,2024-Q1,Dyspnea,True,Critical,Consumer,US,45-64,1
DRG001,Veraximab,Oncology,2024-Q1,Fatigue,False,Critical,Physician,CA,45-64,1
DRG001,Veraximab,Oncology,2024-Q1,Alopecia,False,Critical,Consumer,US,65-74,1
DRG001,Veraximab,Oncology,2024-Q1,QT prolongation,True,Critical,Other,GB,45-64,1
DRG001,Veraximab,Oncology,2024-Q1,Hepatotoxicity,True,Moderate,Physician,GB,65-74,1
DRG001,Veraximab,Oncology,2024-Q1,Thrombocytopenia,False,Serious,Consumer,US,65-74,1
DRG001,Veraximab,Oncology,2024-Q1,Hepatotoxicity,True,Mild,Consumer,CA,65-74,1
DRG001,Veraximab,Oncology,2024-Q1,Fatigue,False,Mild,Physician,US,65-74,1
DRG001,Veraximab,Oncology,2024-Q1,Fatigue,False,Mild,Physician,US,75+,1
DRG001,Veraximab,Oncology,2024-Q1,Neutropenia,False,Serious,Other,US,75+,1
DRG001,Veraximab,Oncology,2024-Q1,QT prolongation,True,Serious,Other,JP,75+,1
DRG001,Veraximab,Oncology,2024-Q1,Hepatotoxicity,True,Critical,Physician,DE,65-74,1
DRG001,Veraximab,Oncology,2024-Q1,Anemia,False,Mild,Physician,JP,65-74,1
DRG001,Veraximab,Oncology,2024-Q1,Alopecia,False,Mild,Consumer,US,75+,1
DRG001,Veraximab,Oncology,2024-Q1,Fatigue,False,Serious,Pharmacist,CA,65-74,1
DRG001,Veraximab,Oncology,2024-Q1,Anemia,False,Serious,Physician,FR,45-64,1
DRG001,Veraximab,Oncology,2024-Q1,Dyspnea,True,Moderate,Other,GB,45-64,1
DRG001,Veraximab,Oncology,2024-Q1,Thrombocytopenia,False,Serious,Physician,US,45-64,1
DRG001,Veraximab,Oncology,2024-Q1,QT prolongation,True,Serious,Other,US,45-64,1
DRG001,Veraximab,Oncology,2024-Q1,Alopecia,False,Moderate,Physician,JP,18-44,1
DRG001,Veraximab,Oncology,2024-Q1,QT prolongation,True,Moderate,Physician,GB,45-64,1
DRG001,Veraximab,Oncology,2024-Q1,Dyspnea,True,Mild,Pharmacist,GB,18-44,1
DRG001,Veraximab,Oncology,2024-Q1,Nausea,False,Critical,Other,US,18-44,1
DRG001,Veraximab,Oncology,2024-Q1,Alopecia,False,Mild,Physician,US,65-74,1
DRG001,Veraximab,Oncology,2024-Q1,Dyspnea,True,Serious,Physician,FR,75+,1
DRG001,Veraximab,Oncology,2024-Q1,QT prolongation,True,Critical,Physician,DE,65-74,1
DRG001,Veraximab,Oncology,2024-Q1,Thrombocytopenia,False,Critical,Other,DE,45-64,1
DRG001,Veraximab,Oncology,2024-Q1,Hepatotoxicity,True,Serious,Pharmacist,GB,65-74,1
DRG001,Veraximab,Oncology,2024-Q1,Alopecia,False,Critical,Consumer,DE,45-64,1
DRG001,Veraximab,Oncology,2024-Q1,Alopecia,False,Mild,Pharmacist,US,75+,1
DRG001,Veraximab,Oncology,2024-Q1,Vomiting,False,Moderate,Physician,DE,65-74,1
DRG001,Veraximab,Oncology,2024-Q1,Thrombocytopenia,False,Moderate,Consumer,JP,65-74,1
DRG001,Veraximab,Oncology,2024-Q1,Alopecia,False,Serious,Pharmacist,JP,65-74,1
DRG001,Veraximab,Oncology,2024-Q1,QT prolongation,True,Mild,Physician,GB,18-44,1
DRG001,Veraximab,Oncology,2024-Q1,Alopecia,False,Mild,Physician,FR,45-64,1
DRG001,Veraximab,Oncology,2024-Q1,Fatigue,False,Mild,Other,DE,45-64,1
DRG001,Veraximab,Oncology,2024-Q1,Nausea,False,Moderate,Physician,US,45-64,1
DRG001,Veraximab,Oncology,2024-Q1,Hepatotoxicity,True,Mild,Physician,US,45-64,1
DRG001,Veraximab,Oncology,2024-Q1,Alopecia,False,Moderate,Pharmacist,GB,45-64,1
DRG001,Veraximab,Oncology,2024-Q1,Thrombocytopenia,False,Serious,Consumer,US,18-44,1
DRG001,Veraximab,Oncology,2024-Q1,QT prolongation,True,Serious,Physician,US,75+,1
DRG001,Veraximab,Oncology,2024-Q1,Nausea,False,Serious,Physician,GB,45-64,1
DRG001,Veraximab,Oncology,2024-Q1,Neutropenia,False,Critical,Physician,JP,18-44,1
DRG001,Veraximab,Oncology,2024-Q1,Hepatotoxicity,True,Moderate,Consumer,US,65-74,1
DRG001,Veraximab,Oncology,2024-Q1,Fatigue,False,Critical,Physician,FR,18-44,1
DRG001,Veraximab,Oncology,2024-Q1,Thrombocytopenia,False,Serious,Physician,GB,45-64,1
DRG001,Veraximab,Oncology,2024-Q1,Hepatotoxicity,True,Mild,Consumer,GB,45-64,1
DRG001,Veraximab,Oncology,2024-Q1,Neutropenia,False,Mild,Physician,US,45-64,1
DRG001,Veraximab,Oncology,2024-Q1,Nausea,False,Mild,Consumer,GB,18-44,1
DRG001,Veraximab,Oncology,2024-Q1,Anemia,False,Serious,Physician,DE,45-64,1
DRG001,Veraximab,Oncology,2024-Q1,Thrombocytopenia,False,Mild,Consumer,CA,65-74,1
DRG001,Veraximab,Oncology,2024-Q1,Nausea,False,Moderate,Physician,US,65-74,1
DRG001,Veraximab,Oncology,2024-Q1,Hepatotoxicity,True,Critical,Physician,US,45-64,1
DRG001,Veraximab,Oncology,2024-Q1,Hepatotoxicity,True,Moderate,Physician,CA,18-44,1
DRG001,Veraximab,Oncology,2024-Q1,Anemia,False,Mild,Physician,DE,45-64,1
DRG001,Veraximab,Oncology,2024-Q1,Fatigue,False,Serious,Other,DE,75+,1
DRG001,Veraximab,Oncology,2024-Q1,QT prolongation,True,Moderate,Physician,CA,45-64,1
DRG001,Veraximab,Oncology,2024-Q1,Vomiting,False,Serious,Other,US,65-74,1
DRG001,Veraximab,Oncology,2024-Q1,Hepatotoxicity,True,Serious,Other,DE,65-74,1
DRG001,Veraximab,Oncology,2024-Q1,Thrombocytopenia,False,Moderate,Consumer,US,45-64,1
DRG001,Veraximab,Oncology,2024-Q1,Anemia,False,Serious,Pharmacist,US,45-64,1
DRG001,Veraximab,Oncology,2024-Q1,Dyspnea,True,Serious,Other,US,18-44,1
DRG001,Veraximab,Oncology,2024-Q1,Nausea,False,Serious,Other,CA,65-74,1
DRG001,Veraximab,Oncology,2024-Q1,Alopecia,False,Moderate,Physician,US,75+,1
DRG001,Veraximab,Oncology,2024-Q1,Anemia,False,Serious,Consumer,DE,45-64,1
DRG001,Veraximab,Oncology,2024-Q1,Nausea,False,Critical,Physician,US,18-44,1
DRG001,Veraximab,Oncology,2024-Q1,Nausea,False,Critical,Other,CA,75+,1
DRG001,Veraximab,Oncology,2024-Q1,Alopecia,False,Mild,Physician,DE,45-64,1
DRG001,Veraximab,Oncology,2024-Q1,QT prolongation,True,Moderate,Consumer,DE,65-74,1
DRG001,Veraximab,Oncology,2024-Q1,Neutropenia,False,Critical,Pharmacist,US,65-74,1
DRG001,Veraximab,Oncology,2024-Q1,Alopecia,False,Moderate,Physician,US,45-64,1
DRG001,Veraximab,Oncology,2024-Q1,Hepatotoxicity,True,Serious,Physician,US,18-44,1
DRG001,Veraximab,Oncology,2024-Q1,Neutropenia,False,Moderate,Physician,DE,75+,1
DRG001,Veraximab,Oncology,2024-Q1,Anemia,False,Critical,Physician,US,75+,1
DRG001,Veraximab,Oncology,2024-Q1,Fatigue,False,Mild,Consumer,US,65-74,1
DRG001,Veraximab,Oncology,2024-Q1,Neutropenia,False,Serious,Physician,US,65-74,1
DRG001,Veraximab,Oncology,2024-Q1,QT prolongation,True,Mild,Pharmacist,CA,65-74,1
DRG001,Veraximab,Oncology,2024-Q1,Fatigue,False,Moderate,Consumer,CA,18-44,1
DRG001,Veraximab,Oncology,2024-Q1,Anemia,False,Critical,Physician,US,65-74,1
DRG001,Veraximab,Oncology,2024-Q1,Nausea,False,Serious,Physician,DE,45-64,1
DRG001,Veraximab,Oncology,2024-Q1,Thrombocytopenia,False,Critical,Consumer,DE,65-74,1
DRG001,Veraximab,Oncology,2024-Q1,Anemia,False,Critical,Physician,JP,65-74,1
DRG001,Veraximab,Oncology,2024-Q1,Dyspnea,True,Mild,Pharmacist,US,18-44,1
DRG001,Veraximab,Oncology,2024-Q1,Nausea,False,Mild,Consumer,FR,45-64,1
DRG001,Veraximab,Oncology,2024-Q1,Alopecia,False,Mild,Pharmacist,DE,75+,1
DRG001,Veraximab,Oncology,2024-Q1,Vomiting,False,Moderate,Consumer,JP,18-44,1
DRG001,Veraximab,Oncology,2024-Q1,Dyspnea,True,Moderate,Consumer,DE,75+,1
DRG001,Veraximab,Oncology,2024-Q1,Dyspnea,True,Moderate,Pharmacist,US,45-64,1
DRG001,Veraximab,Oncology,2024-Q1,QT prolongation,True,Moderate,Consumer,US,75+,1
DRG001,Veraximab,Oncology,2024-Q1,Neutropenia,False,Serious,Other,US,65-74,1
DRG001,Veraximab,Oncology,2024-Q1,Neutropenia,False,Serious,Other,US,18-44,1
DRG001,Veraximab,Oncology,2024-Q1,Anemia,False,Serious,Physician,GB,65-74,1
DRG001,Veraximab,Oncology,2024-Q1,Neutropenia,False,Serious,Physician,CA,75+,1
DRG001,Veraximab,Oncology,2024-Q1,Vomiting,False,Mild,Pharmacist,US,65-74,1
DRG001,Veraximab,Oncology,2024-Q1,Anemia,False,Serious,Physician,DE,75+,1
DRG001,Veraximab,Oncology,2024-Q1,Nausea,False,Serious,Physician,US,65-74,1
DRG001,Veraximab,Oncology,2024-Q1,Thrombocytopenia,False,Serious,Consumer,CA,45-64,1
DRG001,Veraximab,Oncology,2024-Q1,Neutropenia,False,Mild,Consumer,US,45-64,1
DRG001,Veraximab,Oncology,2024-Q1,QT prolongation,True,Critical,Pharmacist,US,65-74,1
DRG001,Veraximab,Oncology,2024-Q1,Anemia,False,Mild,Physician,FR,65-74,1
DRG001,Veraximab,Oncology,2024-Q1,Alopecia,False,Critical,Other,JP,18-44,1
DRG001,Veraximab,Oncology,2024-Q1,Anemia,False,Serious,Physician,CA,65-74,1
DRG001,Veraximab,Oncology,2024-Q1,QT prolongation,True,Mild,Physician,US,45-64,1
DRG001,Veraximab,Oncology,2024-Q1,Nausea,False,Serious,Physician,US,75+,1
DRG001,Veraximab,Oncology,2024-Q1,Hepatotoxicity,True,Serious,Physician,DE,75+,1
DRG001,Veraximab,Oncology,2024-Q1,Dyspnea,True,Critical,Physician,CA,65-74,1
DRG001,Veraximab,Oncology,2024-Q1,Thrombocytopenia,False,Moderate,Pharmacist,US,65-74,1
DRG001,Veraximab,Oncology,2024-Q1,Nausea,False,Moderate,Pharmacist,JP,45-64,1
DRG001,Veraximab,Oncology,2024-Q1,QT prolongation,True,Mild,Pharmacist,US,65-74,1
DRG001,Veraximab,Oncology,2024-Q1,Vomiting,False,Mild,Pharmacist,US,75+,1
DRG001,Veraximab,Oncology,2024-Q1,Alopecia,False,Serious,Physician,FR,65-74,1
DRG001,Veraximab,Oncology,2024-Q1,Anemia,False,Critical,Physician,US,45-64,1
DRG001,Veraximab,Oncology,2024-Q1,Vomiting,False,Critical,Physician,CA,45-64,1
DRG001,Veraximab,Oncology,2024-Q1,Dyspnea,True,Serious,Physician,DE,45-64,1
DRG001,Veraximab,Oncology,2024-Q1,Thrombocytopenia,False,Mild,Pharmacist,US,45-64,1
DRG001,Veraximab,Oncology,2024-Q1,Nausea,False,Mild,Other,US,75+,1
DRG001,Veraximab,Oncology,2024-Q1,Thrombocytopenia,False,Moderate,Physician,DE,45-64,1
DRG001,Veraximab,Oncology,2024-Q1,Anemia,False,Serious,Physician,DE,65-74,1
DRG001,Veraximab,Oncology,2024-Q1,QT prolongation,True,Critical,Consumer,US,65-74,1
DRG001,Veraximab,Oncology,2024-Q1,Hepatotoxicity,True,Mild,Consumer,CA,75+,1
DRG001,Veraximab,Oncology,2024-Q1,Thrombocytopenia,False,Moderate,Consumer,US,65-74,1
DRG001,Veraximab,Oncology,2024-Q1,Anemia,False,Serious,Pharmacist,US,75+,1
DRG001,Veraximab,Oncology,2024-Q1,Vomiting,False,Serious,Physician,US,45-64,1
DRG001,Veraximab,Oncology,2024-Q1,Neutropenia,False,Mild,Pharmacist,FR,65-74,1
DRG001,Veraximab,Oncology,2024-Q1,Fatigue,False,Critical,Other,US,75+,1
DRG001,Veraximab,Oncology,2024-Q1,QT prolongation,True,Critical,Physician,US,65-74,1
DRG001,Veraximab,Oncology,2024-Q1,Fatigue,False,Moderate,Physician,US,65-74,1
DRG001,Veraximab,Oncology,2024-Q1,Dyspnea,True,Mild,Physician,FR,75+,1
DRG001,Veraximab,Oncology,2024-Q1,Fatigue,False,Serious,Consumer,FR,75+,1
DRG001,Veraximab,Oncology,2024-Q1,Fatigue,False,Serious,Consumer,US,45-64,1
DRG001,Veraximab,Oncology,2024-Q1,Hepatotoxicity,True,Critical,Consumer,US,65-74,1
DRG001,Veraximab,Oncology,2024-Q1,Neutropenia,False,Mild,Physician,DE,65-74,1
DRG001,Veraximab,Oncology,2024-Q1,Alopecia,False,Serious,Other,US,45-64,1
DRG001,Veraximab,Oncology,2024-Q1,Anemia,False,Serious,Physician,US,65-74,1
DRG001,Veraximab,Oncology,2024-Q1,Fatigue,False,Moderate,Physician,DE,45-64,1
DRG001,Veraximab,Oncology,2024-Q1,Hepatotoxicity,True,Serious,Consumer,DE,18-44,1
DRG001,Veraximab,Oncology,2024-Q1,Fatigue,False,Moderate,Physician,US,45-64,1
DRG001,Veraximab,Oncology,2024-Q1,Vomiting,False,Moderate,Consumer,JP,75+,1
DRG001,Veraximab,Oncology,2024-Q1,Nausea,False,Mild,Other,DE,45-64,1
DRG001,Veraximab,Oncology,2024-Q1,Thrombocytopenia,False,Serious,Other,DE,45-64,1
DRG001,Veraximab,Oncology,2024-Q1,Dyspnea,True,Serious,Consumer,US,45-64,1
DRG001,Veraximab,Oncology,2024-Q1,Neutropenia,False,Critical,Pharmacist,FR,45-64,1
DRG001,Veraximab,Oncology,2024-Q1,Vomiting,False,Mild,Consumer,US,75+,1
DRG001,Veraximab,Oncology,2024-Q1,Hepatotoxicity,True,Serious,Physician,US,75+,1
DRG001,Veraximab,Oncology,2024-Q1,Dyspnea,True,Moderate,Other,US,75+,1
DRG001,Veraximab,Oncology,2024-Q1,Anemia,False,Mild,Consumer,CA,75+,1
DRG001,Veraximab,Oncology,2024-Q1,Hepatotoxicity,True,Serious,Other,US,65-74,1
DRG001,Veraximab,Oncology,2024-Q1,Fatigue,False,Critical,Consumer,FR,65-74,1
DRG001,Veraximab,Oncology,2024-Q1,Fatigue,False,Serious,Other,FR,75+,1
DRG001,Veraximab,Oncology,2024-Q1,Hepatotoxicity,True,Serious,Other,DE,45-64,1
DRG001,Veraximab,Oncology,2024-Q1,Alopecia,False,Critical,Physician,FR,75+,1
DRG001,Veraximab,Oncology,2024-Q1,QT prolongation,True,Moderate,Physician,CA,65-74,1
DRG001,Veraximab,Oncology,2024-Q1,Anemia,False,Serious,Other,GB,75+,1
DRG001,Veraximab,Oncology,2024-Q1,QT prolongation,True,Critical,Consumer,US,18-44,1
DRG001,Veraximab,Oncology,2024-Q1,Fatigue,False,Mild,Pharmacist,US,45-64,1
DRG001,Veraximab,Oncology,2024-Q1,QT prolongation,True,Mild,Physician,US,75+,1
DRG001,Veraximab,Oncology,2024-Q1,QT prolongation,True,Critical,Other,US,45-64,1
DRG001,Veraximab,Oncology,2024-Q1,Anemia,False,Mild,Pharmacist,DE,45-64,1
DRG001,Veraximab,Oncology,2024-Q1,Fatigue,False,Mild,Physician,US,18-44,1
DRG001,Veraximab,Oncology,2024-Q1,Dyspnea,True,Mild,Consumer,US,45-64,1
DRG001,Veraximab,Oncology,2024-Q1,QT prolongation,True,Moderate,Consumer,DE,45-64,1
DRG001,Veraximab,Oncology,2024-Q1,Fatigue,False,Moderate,Physician,US,75+,1
DRG001,Veraximab,Oncology,2024-Q1,Fatigue,False,Moderate,Pharmacist,US,65-74,1
DRG001,Veraximab,Oncology,2024-Q1,Dyspnea,True,Serious,Physician,US,18-44,1
DRG001,Veraximab,Oncology,2024-Q1,Fatigue,False,Moderate,Consumer,US,75+,1
DRG001,Veraximab,Oncology,2024-Q1,Nausea,False,Moderate,Physician,US,75+,1
DRG001,Veraximab,Oncology,2024-Q1,Hepatotoxicity,True,Mild,Physician,CA,65-74,1
DRG001,Veraximab,Oncology,2024-Q1,Thrombocytopenia,False,Mild,Physician,GB,45-64,1
DRG001,Veraximab,Oncology,2024-Q1,Dyspnea,True,Serious,Physician,CA,45-64,1
DRG001,Veraximab,Oncology,2024-Q1,Hepatotoxicity,True,Mild,Pharmacist,US,18-44,1
DRG001,Veraximab,Oncology,2024-Q1,Dyspnea,True,Moderate,Physician,FR,65-74,1
DRG001,Veraximab,Oncology,2024-Q1,Vomiting,False,Mild,Pharmacist,US,18-44,1
DRG001,Veraximab,Oncology,2024-Q1,Vomiting,False,Critical,Other,US,75+,1
DRG001,Veraximab,Oncology,2024-Q1,Neutropenia,False,Mild,Physician,FR,65-74,1
DRG001,Veraximab,Oncology,2024-Q1,Hepatotoxicity,True,Moderate,Other,US,65-74,1
DRG001,Veraximab,Oncology,2024-Q1,Neutropenia,False,Serious,Consumer,FR,75+,1
DRG001,Veraximab,Oncology,2024-Q1,Neutropenia,False,Serious,Physician,JP,45-64,1
DRG001,Veraximab,Oncology,2024-Q1,Hepatotoxicity,True,Serious,Physician,FR,45-64,1
DRG001,Veraximab,Oncology,2024-Q1,Anemia,False,Critical,Other,US,45-64,1
DRG001,Veraximab,Oncology,2024-Q1,Dyspnea,True,Critical,Physician,FR,45-64,1
DRG001,Veraximab,Oncology,2024-Q1,Alopecia,False,Moderate,Physician,US,65-74,1
DRG001,Veraximab,Oncology,2024-Q1,Fatigue,False,Moderate,Physician,CA,75+,1
DRG001,Veraximab,Oncology,2024-Q1,Anemia,False,Moderate,Consumer,CA,65-74,1
DRG001,Veraximab,Oncology,2024-Q1,Fatigue,False,Moderate,Physician,CA,65-74,1
DRG001,Veraximab,Oncology,2024-Q1,Anemia,False,Serious,Physician,GB,18-44,1
DRG001,Veraximab,Oncology,2024-Q1,Hepatotoxicity,True,Mild,Consumer,US,65-74,1
DRG001,Veraximab,Oncology,2024-Q1,Hepatotoxicity,True,Critical,Consumer,US,18-44,1
DRG001,Veraximab,Oncology,2024-Q1,Dyspnea,True,Critical,Physician,FR,18-44,1
DRG001,Veraximab,Oncology,2024-Q1,QT prolongation,True,Mild,Pharmacist,CA,75+,1
DRG001,Veraximab,Oncology,2024-Q1,Alopecia,False,Mild,Consumer,US,65-74,1
DRG001,Veraximab,Oncology,2024-Q1,Dyspnea,True,Critical,Pharmacist,US,45-64,1
DRG001,Veraximab,Oncology,2024-Q1,Neutropenia,False,Critical,Physician,GB,45-64,1
DRG001,Veraximab,Oncology,2024-Q1,Vomiting,False,Moderate,Physician,US,18-44,1
DRG001,Veraximab,Oncology,2024-Q1,Dyspnea,True,Moderate,Other,CA,45-64,1
DRG001,Veraximab,Oncology,2024-Q1,Neutropenia,False,Mild,Physician,US,75+,1
DRG001,Veraximab,Oncology,2024-Q1,QT prolongation,True,Mild,Other,US,75+,1
DRG001,Veraximab,Oncology,2024-Q1,Dyspnea,True,Moderate,Physician,DE,45-64,1
DRG001,Veraximab,Oncology,2024-Q1,QT prolongation,True,Moderate,Physician,GB,65-74,1
DRG001,Veraximab,Oncology,2024-Q1,QT prolongation,True,Serious,Pharmacist,GB,65-74,1
DRG001,Veraximab,Oncology,2024-Q1,Anemia,False,Moderate,Physician,US,45-64,1
DRG001,Veraximab,Oncology,2024-Q1,QT prolongation,True,Moderate,Other,JP,65-74,1
DRG001,Veraximab,Oncology,2024-Q1,Anemia,False,Critical,Physician,FR,45-64,1
DRG001,Veraximab,Oncology,2024-Q1,Vomiting,False,Mild,Physician,DE,45-64,1
DRG001,Veraximab,Oncology,2024-Q1,Anemia,False,Mild,Physician,US,75+,1
DRG001,Veraximab,Oncology,2024-Q1,Fatigue,False,Critical,Physician,US,45-64,1
DRG001,Veraximab,Oncology,2024-Q1,Vomiting,False,Critical,Other,DE,45-64,1
DRG001,Veraximab,Oncology,2024-Q1,Nausea,False,Critical,Pharmacist,DE,65-74,1
DRG001,Veraximab,Oncology,2024-Q1,Dyspnea,True,Mild,Consumer,GB,65-74,1
DRG001,Veraximab,Oncology,2024-Q1,Hepatotoxicity,True,Mild,Physician,JP,65-74,1
DRG001,Veraximab,Oncology,2024-Q1,Neutropenia,False,Serious,Pharmacist,US,45-64,1
DRG001,Veraximab,Oncology,2024-Q1,Fatigue,False,Serious,Physician,DE,65-74,1
DRG001,Veraximab,Oncology,2024-Q1,Alopecia,False,Critical,Consumer,US,45-64,1
DRG001,Veraximab,Oncology,2024-Q1,Thrombocytopenia,False,Moderate,Other,US,45-64,1
DRG001,Veraximab,Oncology,2024-Q1,Vomiting,False,Serious,Consumer,US,65-74,1
DRG001,Veraximab,Oncology,2024-Q1,Dyspnea,True,Moderate,Physician,US,65-74,1
DRG001,Veraximab,Oncology,2024-Q1,Hepatotoxicity,True,Mild,Physician,US,18-44,1
DRG001,Veraximab,Oncology,2024-Q1,Nausea,False,Mild,Physician,US,45-64,1
DRG001,Veraximab,Oncology,2024-Q1,Hepatotoxicity,True,Moderate,Physician,US,18-44,1
DRG002,Loretinib,Oncology,2023-Q2,Thrombocytopenia,False,Mild,Consumer,US,45-64,3
DRG002,Loretinib,Oncology,2023-Q2,Fatigue,False,Moderate,Physician,US,45-64,3
DRG002,Loretinib,Oncology,2023-Q2,Nausea,False,Mild,Physician,US,45-64,3
DRG002,Loretinib,Oncology,2023-Q2,Neutropenia,False,Serious,Consumer,US,18-44,2
DRG002,Loretinib,Oncology,2023-Q2,Anemia,False,Mild,Physician,US,45-64,2
DRG002,Loretinib,Oncology,2023-Q2,Alopecia,False,Mild,Physician,US,45-64,2
DRG002,Loretinib,Oncology,2023-Q2,Alopecia,False,Moderate,Other,US,65-74,2
DRG002,Loretinib,Oncology,2023-Q2,Vomiting,False,Moderate,Physician,US,45-64,2
DRG002,Loretinib,Oncology,2023-Q2,Vomiting,False,Mild,Physician,US,65-74,2
DRG002,Loretinib,Oncology,2023-Q2,Fatigue,False,Moderate,Consumer,US,75+,2
DRG002,Loretinib,Oncology,2023-Q2,Vomiting,False,Mild,Pharmacist,US,45-64,2
DRG002,Loretinib,Oncology,2023-Q2,Thrombocytopenia,False,Moderate,Pharmacist,US,45-64,2
DRG002,Loretinib,Oncology,2023-Q2,Vomiting,False,Mild,Physician,US,45-64,2
DRG002,Loretinib,Oncology,2023-Q2,Neutropenia,False,Mild,Consumer,US,75+,2
DRG002,Loretinib,Oncology,2023-Q2,Anemia,False,Critical,Pharmacist,US,45-64,2
DRG002,Loretinib,Oncology,2023-Q2,Neutropenia,False,Mild,Physician,US,45-64,2
DRG002,Loretinib,Oncology,2023-Q2,Vomiting,False,Mild,Consumer,US,65-74,2
DRG002,Loretinib,Oncology,2023-Q2,Vomiting,False,Moderate,Physician,CA,45-64,2
DRG002,Loretinib,Oncology,2023-Q2,Anemia,False,Moderate,Physician,DE,45-64,2
DRG002,Loretinib,Oncology,2023-Q2,Nausea,False,Critical,Physician,FR,45-64,1
DRG002,Loretinib,Oncology,2023-Q2,Alopecia,False,Mild,Physician,CA,45-64,1
DRG002,Loretinib,Oncology,2023-Q2,Alopecia,False,Mild,Pharmacist,DE,45-64,1
DRG002,Loretinib,Oncology,2023-Q2,Vomiting,False,Mild,Pharmacist,GB,45-64,1
DRG002,Loretinib,Oncology,2023-Q2,Nausea,False,Mild,Physician,CA,45-64,1
DRG002,Loretinib,Oncology,2023-Q2,Fatigue,False,Critical,Pharmacist,US,18-44,1
DRG002,Loretinib,Oncology,2023-Q2,Fatigue,False,Moderate,Consumer,FR,45-64,1
DRG002,Loretinib,Oncology,2023-Q2,Nausea,False,Critical,Consumer,JP,45-64,1
DRG002,Loretinib,Oncology,2023-Q2,Fatigue,False,Mild,Physician,DE,18-44,1
DRG002,Loretinib,Oncology,2023-Q2,Vomiting,False,Mild,Other,GB,65-74,1
DRG002,Loretinib,Oncology,2023-Q2,Neutropenia,False,Moderate,Physician,US,45-64,1
DRG002,Loretinib,Oncology,2023-Q2,Thrombocytopenia,False,Serious,Physician,CA,18-44,1
DRG002,Loretinib,Oncology,2023-Q2,Vomiting,False,Serious,Consumer,US,65-74,1
DRG002,Loretinib,Oncology,2023-Q2,Vomiting,False,Mild,Pharmacist,DE,18-44,1
DRG002,Loretinib,Oncology,2023-Q2,Alopecia,False,Mild,Consumer,US,65-74,1
DRG002,Loretinib,Oncology,2023-Q2,Thrombocytopenia,False,Critical,Consumer,DE,65-74,1
DRG002,Loretinib,Oncology,2023-Q2,Nausea,False,Moderate,Pharmacist,US,65-74,1
DRG002,Loretinib,Oncology,2023-Q2,Alopecia,False,Mild,Consumer,US,45-64,1
DRG002,Loretinib,Oncology,2023-Q2,Alopecia,False,Critical,Pharmacist,GB,45-64,1
DRG002,Loretinib,Oncology,2023-Q2,Vomiting,False,Serious,Consumer,FR,75+,1
DRG002,Loretinib,Oncology,2023-Q2,Anemia,False,Serious,Physician,US,18-44,1
DRG002,Loretinib,Oncology,2023-Q2,Thrombocytopenia,False,Moderate,Consumer,US,65-74,1
DRG002,Loretinib,Oncology,2023-Q2,Alopecia,False,Moderate,Physician,US,75+,1
DRG002,Loretinib,Oncology,2023-Q2,Alopecia,False,Critical,Physician,US,45-64,1
DRG002,Loretinib,Oncology,2023-Q2,Alopecia,False,Moderate,Consumer,US,65-74,1
DRG002,Loretinib,Oncology,2023-Q2,Alopecia,False,Mild,Consumer,FR,45-64,1
DRG002,Loretinib,Oncology,2023-Q2,Alopecia,False,Moderate,Physician,CA,65-74,1
DRG002,Loretinib,Oncology,2023-Q2,Vomiting,False,Moderate,Physician,GB,65-74,1
DRG002,Loretinib,Oncology,2023-Q2,Thrombocytopenia,False,Mild,Physician,US,45-64,1
DRG002,Loretinib,Oncology,2023-Q2,Thrombocytopenia,False,Critical,Physician,US,65-74,1
DRG002,Loretinib,Oncology,2023-Q2,Neutropenia,False,Critical,Consumer,US,45-64,1
DRG002,Loretinib,Oncology,2023-Q2,Alopecia,False,Mild,Consumer,GB,65-74,1
DRG002,Loretinib,Oncology,2023-Q2,Vomiting,False,Mild,Physician,FR,45-64,1
DRG002,Loretinib,Oncology,2023-Q2,Anemia,False,Mild,Physician,CA,65-74,1
DRG002,Loretinib,Oncology,2023-Q2,Alopecia,False,Critical,Pharmacist,US,45-64,1
DRG002,Loretinib,Oncology,2023-Q2,Thrombocytopenia,False,Moderate,Pharmacist,FR,45-64,1
DRG002,Loretinib,Oncology,2023-Q2,Nausea,False,Moderate,Physician,US,45-64,1
DRG002,Loretinib,Oncology,2023-Q2,Thrombocytopenia,False,Moderate,Other,US,65-74,1
DRG002,Loretinib,Oncology,2023-Q2,Vomiting,False,Moderate,Physician,DE,45-64,1
DRG002,Loretinib,Oncology,2023-Q2,Vomiting,False,Moderate,Pharmacist,US,65-74,1
DRG002,Loretinib,Oncology,2023-Q2,Nausea,False,Mild,Physician,JP,65-74,1
DRG002,Loretinib,Oncology,2023-Q2,Alopecia,False,Serious,Consumer,FR,75+,1
DRG002,Loretinib,Oncology,2023-Q2,Thrombocytopenia,False,Serious,Physician,US,45-64,1
DRG002,Loretinib,Oncology,2023-Q2,Neutropenia,False,Mild,Pharmacist,US,45-64,1
DRG002,Loretinib,Oncology,2023-Q2,Anemia,False,Critical,Physician,US,45-64,1
DRG002,Loretinib,Oncology,2023-Q2,Thrombocytopenia,False,Mild,Physician,GB,45-64,1
DRG002,Loretinib,Oncology,2023-Q2,Fatigue,False,Mild,Pharmacist,CA,45-64,1
DRG002,Loretinib,Oncology,2023-Q2,Fatigue,False,Serious,Other,US,18-44,1
DRG002,Loretinib,Oncology,2023-Q2,Anemia,False,Critical,Physician,FR,18-44,1
DRG002,Loretinib,Oncology,2023-Q2,Alopecia,False,Moderate,Physician,DE,45-64,1
DRG002,Loretinib,Oncology,2023-Q2,Thrombocytopenia,False,Mild,Physician,JP,45-64,1
DRG002,Loretinib,Oncology,2023-Q2,Vomiting,False,Mild,Consumer,US,18-44,1
DRG002,Loretinib,Oncology,2023-Q2,Fatigue,False,Mild,Pharmacist,US,65-74,1
DRG002,Loretinib,Oncology,2023-Q2,Anemia,False,Mild,Consumer,FR,45-64,1
DRG002,Loretinib,Oncology,2023-Q2,Vomiting,False,Mild,Physician,FR,75+,1
DRG002,Loretinib,Oncology,2023-Q2,Thrombocytopenia,False,Critical,Physician,US,18-44,1
DRG002,Loretinib,Oncology,2023-Q2,Fatigue,False,Mild,Consumer,US,65-74,1
DRG002,Loretinib,Oncology,2023-Q2,Fatigue,False,Moderate,Pharmacist,US,45-64,1
DRG002,Loretinib,Oncology,2023-Q2,Neutropenia,False,Moderate,Physician,FR,65-74,1
DRG002,Loretinib,Oncology,2023-Q2,Anemia,False,Critical,Physician,JP,65-74,1
DRG002,Loretinib,Oncology,2023-Q2,Vomiting,False,Mild,Other,US,45-64,1
DRG002,Loretinib,Oncology,2023-Q2,Nausea,False,Critical,Pharmacist,US,45-64,1
DRG002,Loretinib,Oncology,2023-Q2,Nausea,False,Mild,Pharmacist,US,45-64,1
DRG002,Loretinib,Oncology,2023-Q2,Vomiting,False,Moderate,Consumer,US,45-64,1
DRG002,Loretinib,Oncology,2023-Q2,Fatigue,False,Critical,Physician,DE,45-64,1
DRG002,Loretinib,Oncology,2023-Q2,Nausea,False,Mild,Physician,GB,75+,1
DRG002,Loretinib,Oncology,2023-Q2,Neutropenia,False,Mild,Physician,FR,65-74,1
DRG002,Loretinib,Oncology,2023-Q2,Vomiting,False,Moderate,Consumer,JP,45-64,1
DRG002,Loretinib,Oncology,2023-Q2,Alopecia,False,Moderate,Pharmacist,DE,65-74,1
DRG002,Loretinib,Oncology,2023-Q2,Fatigue,False,Moderate,Physician,GB,45-64,1
DRG002,Loretinib,Oncology,2023-Q2,Alopecia,False,Moderate,Physician,US,65-74,1
DRG002,Loretinib,Oncology,2023-Q2,Neutropenia,False,Serious,Consumer,FR,18-44,1
DRG002,Loretinib,Oncology,2023-Q2,Anemia,False,Moderate,Physician,US,75+,1
DRG002,Loretinib,Oncology,2023-Q2,Anemia,False,Moderate,Pharmacist,CA,45-64,1
DRG002,Loretinib,Oncology,2023-Q2,Fatigue,False,Mild,Physician,DE,45-64,1
DRG002,Loretinib,Oncology,2023-Q2,Nausea,False,Critical,Physician,JP,45-64,1
DRG002,Loretinib,Oncology,2023-Q2,Thrombocytopenia,False,Moderate,Other,US,18-44,1
DRG002,Loretinib,Oncology,2023-Q2,Neutropenia,False,Mild,Consumer,US,65-74,1
DRG002,Loretinib,Oncology,2023-Q2,Fatigue,False,Critical,Other,US,18-44,1
DRG002,Loretinib,Oncology,2023-Q2,Anemia,False,Moderate,Consumer,CA,65-74,1
DRG002,Loretinib,Oncology,2023-Q2,Neutropenia,False,Mild,Other,US,45-64,1
DRG002,Loretinib,Oncology,2023-Q2,Nausea,False,Critical,Physician,US,18-44,1
DRG002,Loretinib,Oncology,2023-Q2,Fatigue,False,Serious,Physician,US,45-64,1
DRG002,Loretinib,Oncology,2023-Q2,Nausea,False,Mild,Consumer,CA,18-44,1
DRG002,Loretinib,Oncology,2023-Q2,Neutropenia,False,Mild,Consumer,DE,45-64,1
DRG002,Loretinib,Oncology,2023-Q2,Alopecia,False,Mild,Physician,GB,75+,1
DRG002,Loretinib,Oncology,2023-Q2,Fatigue,False,Mild,Pharmacist,US,45-64,1
DRG002,Loretinib,Oncology,2023-Q2,Fatigue,False,Moderate,Consumer,US,18-44,1
DRG002,Loretinib,Oncology,2023-Q2,Anemia,False,Mild,Consumer,GB,75+,1
DRG002,Loretinib,Oncology,2023-Q2,Fatigue,False,Critical,Physician,US,18-44,1
DRG002,Loretinib,Oncology,2023-Q2,Anemia,False,Mild,Consumer,GB,18-44,1
DRG002,Loretinib,Oncology,2023-Q2,Fatigue,False,Critical,Physician,US,75+,1
DRG002,Loretinib,Oncology,2023-Q2,Thrombocytopenia,False,Mild,Other,US,75+,1
DRG002,Loretinib,Oncology,2023-Q2,Alopecia,False,Moderate,Consumer,FR,18-44,1
DRG002,Loretinib,Oncology,2023-Q2,Fatigue,False,Mild,Consumer,US,45-64,1
DRG002,Loretinib,Oncology,2023-Q2,Nausea,False,Moderate,Physician,US,18-44,1
DRG002,Loretinib,Oncology,2023-Q2,Fatigue,False,Moderate,Pharmacist,US,75+,1
DRG002,Loretinib,Oncology,2023-Q2,Anemia,False,Moderate,Physician,US,65-74,1
DRG002,Loretinib,Oncology,2023-Q2,Fatigue,False,Mild,Physician,US,18-44,1
DRG002,Loretinib,Oncology,2023-Q2,Nausea,False,Mild,Other,US,18-44,1
DRG002,Loretinib,Oncology,2023-Q2,Nausea,False,Critical,Consumer,CA,65-74,1
DRG002,Loretinib,Oncology,2023-Q2,Anemia,False,Mild,Consumer,US,45-64,1
DRG002,Loretinib,Oncology,2023-Q2,Nausea,False,Mild,Pharmacist,CA,75+,1
DRG002,Loretinib,Oncology,2023-Q2,Anemia,False,Mild,Physician,JP,75+,1
DRG002,Loretinib,Oncology,2023-Q2,Vomiting,False,Serious,Other,DE,18-44,1
DRG002,Loretinib,Oncology,2023-Q2,Nausea,False,Serious,Physician,JP,45-64,1
DRG002,Loretinib,Oncology,2023-Q2,Anemia,False,Mild,Physician,US,65-74,1
DRG002,Loretinib,Oncology,2023-Q2,Fatigue,False,Mild,Consumer,FR,45-64,1
DRG002,Loretinib,Oncology,2023-Q2,Thrombocytopenia,False,Moderate,Consumer,DE,65-74,1
DRG002,Loretinib,Oncology,2023-Q2,Nausea,False,Moderate,Pharmacist,FR,45-64,1
DRG002,Loretinib,Oncology,2023-Q2,Alopecia,False,Mild,Physician,CA,75+,1
DRG002,Loretinib,Oncology,2023-Q2,Vomiting,False,Serious,Other,JP,65-74,1
DRG002,Loretinib,Oncology,2023-Q2,Thrombocytopenia,False,Mild,Physician,CA,75+,1
DRG002,Loretinib,Oncology,2023-Q2,Thrombocytopenia,False,Mild,Physician,FR,45-64,1
DRG002,Loretinib,Oncology,2023-Q2,Neutropenia,False,Mild,Physician,US,75+,1
DRG002,Loretinib,Oncology,2023-Q2,Vomiting,False,Critical,Other,US,45-64,1
DRG002,Loretinib,Oncology,2023-Q2,Alopecia,False,Moderate,Other,US,18-44,1
DRG002,Loretinib,Oncology,2023-Q2,Anemia,False,Mild,Consumer,US,18-44,1
DRG002,Loretinib,Oncology,2023-Q2,Vomiting,False,Moderate,Physician,JP,65-74,1
DRG002,Loretinib,Oncology,2023-Q2,Anemia,False,Moderate,Other,CA,45-64,1
DRG002,Loretinib,Oncology,2023-Q2,Thrombocytopenia,False,Moderate,Physician,US,75+,1
DRG002,Loretinib,Oncology,2023-Q2,Nausea,False,Serious,Pharmacist,US,75+,1
DRG002,Loretinib,Oncology,2023-Q2,Neutropenia,False,Mild,Consumer,FR,45-64,1
DRG002,Loretinib,Oncology,2023-Q2,Anemia,False,Moderate,Pharmacist,US,65-74,1
DRG002,Loretinib,Oncology,2023-Q2,Neutropenia,False,Serious,Consumer,US,65-74,1
DRG002,Loretinib,Oncology,2023-Q2,Vomiting,False,Serious,Other,US,18-44,1
DRG002,Loretinib,Oncology,2023-Q2,Neutropenia,False,Serious,Consumer,FR,65-74,1
DRG002,Loretinib,Oncology,2023-Q2,Fatigue,False,Mild,Consumer,JP,65-74,1
DRG002,Loretinib,Oncology,2023-Q2,Fatigue,False,Serious,Other,GB,65-74,1
DRG002,Loretinib,Oncology,2023-Q2,Alopecia,False,Moderate,Physician,US,18-44,1
DRG002,Loretinib,Oncology,2023-Q2,Thrombocytopenia,False,Mild,Other,US,65-74,1
DRG002,Loretinib,Oncology,2023-Q2,Vomiting,False,Mild,Physician,GB,18-44,1
DRG002,Loretinib,Oncology,2023-Q2,Thrombocytopenia,False,Moderate,Physician,US,45-64,1
DRG002,Loretinib,Oncology,2023-Q2,Anemia,False,Serious,Physician,US,65-74,1
DRG002,Loretinib,Oncology,2023-Q2,Fatigue,False,Mild,Pharmacist,US,18-44,1
DRG002,Loretinib,Oncology,2023-Q2,Alopecia,False,Serious,Other,FR,45-64,1
DRG002,Loretinib,Oncology,2023-Q2,Vomiting,False,Mild,Consumer,JP,75+,1
DRG002,Loretinib,Oncology,2023-Q2,Nausea,False,Critical,Pharmacist,US,75+,1
DRG002,Loretinib,Oncology,2023-Q2,Thrombocytopenia,False,Critical,Physician,FR,75+,1
DRG002,Loretinib,Oncology,2023-Q2,Alopecia,False,Critical,Consumer,US,75+,1
DRG002,Loretinib,Oncology,2023-Q2,Neutropenia,False,Mild,Physician,US,18-44,1
DRG002,Loretinib,Oncology,2023-Q2,Nausea,False,Mild,Consumer,GB,65-74,1
DRG002,Loretinib,Oncology,2023-Q2,Nausea,False,Mild,Consumer,FR,75+,1
DRG002,Loretinib,Oncology,2023-Q2,Alopecia,False,Mild,Consumer,JP,65-74,1
DRG002,Loretinib,Oncology,2023-Q2,Fatigue,False,Critical,Physician,FR,75+,1
DRG002,Loretinib,Oncology,2023-Q2,Anemia,False,Serious,Physician,FR,45-64,1
DRG002,Loretinib,Oncology,2023-Q2,Thrombocytopenia,False,Moderate,Physician,FR,45-64,1
DRG002,Loretinib,Oncology,2023-Q2,Fatigue,False,Moderate,Consumer,JP,45-64,1
DRG002,Loretinib,Oncology,2023-Q2,Nausea,False,Critical,Physician,US,45-64,1
DRG002,Loretinib,Oncology,2023-Q2,Nausea,False,Moderate,Consumer,US,75+,1
DRG002,Loretinib,Oncology,2023-Q2,Thrombocytopenia,False,Mild,Physician,US,65-74,1
DRG002,Loretinib,Oncology,2023-Q2,Nausea,False,Mild,Consumer,US,65-74,1
DRG002,Loretinib,Oncology,2023-Q2,Neutropenia,False,Critical,Physician,FR,45-64,1
DRG002,Loretinib,Oncology,2023-Q3,Nausea,False,Mild,Physician,US,65-74,3
DRG002,Loretinib,Oncology,2023-Q3,Fatigue,False,Moderate,Consumer,US,45-64,3
DRG002,Loretinib,Oncology,2023-Q3,Thrombocytopenia,False,Mild,Consumer,US,45-64,3
DRG002,Loretinib,Oncology,2023-Q3,Neutropenia,False,Mild,Physician,US,65-74,2
DRG002,Loretinib,Oncology,2023-Q3,Thrombocytopenia,False,Mild,Physician,US,45-64,2
DRG002,Loretinib,Oncology,2023-Q3,Anemia,False,Mild,Consumer,US,18-44,2
DRG002,Loretinib,Oncology,2023-Q3,Anemia,False,Mild,Pharmacist,US,65-74,2
DRG002,Loretinib,Oncology,2023-Q3,Thrombocytopenia,False,Mild,Consumer,US,65-74,2
DRG002,Loretinib,Oncology,2023-Q3,Neutropenia,False,Moderate,Physician,US,65-74,2
DRG002,Loretinib,Oncology,2023-Q3,Fatigue,False,Serious,Physician,US,45-64,2
DRG002,Loretinib,Oncology,2023-Q3,Thrombocytopenia,False,Moderate,Physician,US,45-64,2
DRG002,Loretinib,Oncology,2023-Q3,Thrombocytopenia,False,Critical,Physician,US,45-64,2
DRG002,Loretinib,Oncology,2023-Q3,Anemia,False,Mild,Consumer,US,45-64,2
DRG002,Loretinib,Oncology,2023-Q3,Alopecia,False,Mild,Consumer,FR,45-64,2
DRG002,Loretinib,Oncology,2023-Q3,Alopecia,False,Moderate,Physician,US,45-64,2
DRG002,Loretinib,Oncology,2023-Q3,Alopecia,False,Serious,Physician,JP,45-64,2
DRG002,Loretinib,Oncology,2023-Q3,Fatigue,False,Mild,Physician,US,65-74,2
DRG002,Loretinib,Oncology,2023-Q3,Fatigue,False,Moderate,Physician,US,65-74,2
DRG002,Loretinib,Oncology,2023-Q3,Fatigue,False,Mild,Pharmacist,US,45-64,2
DRG002,Loretinib,Oncology,2023-Q3,Fatigue,False,Mild,Consumer,JP,65-74,1
DRG002,Loretinib,Oncology,2023-Q3,Vomiting,False,Moderate,Consumer,US,45-64,1
DRG002,Loretinib,Oncology,2023-Q3,Thrombocytopenia,False,Mild,Physician,US,18-44,1
DRG002,Loretinib,Oncology,2023-Q3,Neutropenia,False,Mild,Other,DE,45-64,1
DRG002,Loretinib,Oncology,2023-Q3,Nausea,False,Serious,Physician,US,45-64,1
DRG002,Loretinib,Oncology,2023-Q3,Neutropenia,False,Critical,Physician,US,18-44,1
DRG002,Loretinib,Oncology,2023-Q3,Neutropenia,False,Serious,Physician,DE,45-64,1
DRG002,Loretinib,Oncology,2023-Q3,Nausea,False,Moderate,Other,GB,65-74,1
DRG002,Loretinib,Oncology,2023-Q3,Fatigue,False,Mild,Physician,US,18-44,1
DRG002,Loretinib,Oncology,2023-Q3,Nausea,False,Critical,Consumer,GB,75+,1
DRG002,Loretinib,Oncology,2023-Q3,Anemia,False,Critical,Physician,GB,65-74,1
DRG002,Loretinib,Oncology,2023-Q3,Anemia,False,Serious,Pharmacist,GB,65-74,1
DRG002,Loretinib,Oncology,2023-Q3,Neutropenia,False,Serious,Physician,FR,65-74,1
DRG002,Loretinib,Oncology,2023-Q3,Fatigue,False,Mild,Physician,CA,65-74,1
DRG002,Loretinib,Oncology,2023-Q3,Alopecia,False,Mild,Physician,DE,18-44,1
DRG002,Loretinib,Oncology,2023-Q3,Anemia,False,Moderate,Consumer,CA,45-64,1
DRG002,Loretinib,Oncology,2023-Q3,Neutropenia,False,Mild,Consumer,GB,45-64,1
DRG002,Loretinib,Oncology,2023-Q3,Fatigue,False,Critical,Pharmacist,US,45-64,1
DRG002,Loretinib,Oncology,2023-Q3,Vomiting,False,Moderate,Other,JP,18-44,1
DRG002,Loretinib,Oncology,2023-Q3,Nausea,False,Mild,Pharmacist,US,65-74,1
DRG002,Loretinib,Oncology,2023-Q3,Thrombocytopenia,False,Moderate,Pharmacist,US,45-64,1
DRG002,Loretinib,Oncology,2023-Q3,Vomiting,False,Mild,Other,FR,75+,1
DRG002,Loretinib,Oncology,2023-Q3,Fatigue,False,Moderate,Physician,FR,45-64,1
DRG002,Loretinib,Oncology,2023-Q3,Alopecia,False,Moderate,Pharmacist,US,45-64,1
DRG002,Loretinib,Oncology,2023-Q3,Vomiting,False,Serious,Consumer,US,45-64,1
DRG002,Loretinib,Oncology,2023-Q3,Nausea,False,Mild,Consumer,US,65-74,1
DRG002,Loretinib,Oncology,2023-Q3,Fatigue,False,Moderate,Other,US,18-44,1
DRG002,Loretinib,Oncology,2023-Q3,Nausea,False,Serious,Consumer,US,18-44,1
DRG002,Loretinib,Oncology,2023-Q3,Anemia,False,Serious,Consumer,US,65-74,1
DRG002,Loretinib,Oncology,2023-Q3,Nausea,False,Mild,Other,CA,45-64,1
DRG002,Loretinib,Oncology,2023-Q3,Vomiting,False,Critical,Consumer,US,45-64,1
DRG002,Loretinib,Oncology,2023-Q3,Vomiting,False,Mild,Consumer,FR,45-64,1
DRG002,Loretinib,Oncology,2023-Q3,Vomiting,False,Mild,Physician,US,45-64,1
DRG002,Loretinib,Oncology,2023-Q3,Neutropenia,False,Moderate,Consumer,GB,18-44,1
DRG002,Loretinib,Oncology,2023-Q3,Nausea,False,Moderate,Other,DE,45-64,1
DRG002,Loretinib,Oncology,2023-Q3,Fatigue,False,Mild,Pharmacist,FR,45-64,1
DRG002,Loretinib,Oncology,2023-Q3,Anemia,False,Mild,Physician,US,65-74,1
DRG002,Loretinib,Oncology,2023-Q3,Nausea,False,Moderate,Physician,GB,18-44,1
DRG002,Loretinib,Oncology,2023-Q3,Neutropenia,False,Moderate,Consumer,GB,65-74,1
DRG002,Loretinib,Oncology,2023-Q3,Thrombocytopenia,False,Serious,Other,FR,45-64,1
DRG002,Loretinib,Oncology,2023-Q3,Alopecia,False,Serious,Other,DE,45-64,1
DRG002,Loretinib,Oncology,2023-Q3,Thrombocytopenia,False,Critical,Pharmacist,US,65-74,1
DRG002,Loretinib,Oncology,2023-Q3,Anemia,False,Mild,Other,GB,75+,1
DRG002,Loretinib,Oncology,2023-Q3,Fatigue,False,Mild,Pharmacist,FR,65-74,1
DRG002,Loretinib,Oncology,2023-Q3,Fatigue,False,Moderate,Physician,DE,65-74,1
DRG002,Loretinib,Oncology,2023-Q3,Anemia,False,Mild,Physician,CA,45-64,1
DRG002,Loretinib,Oncology,2023-Q3,Anemia,False,Serious,Consumer,CA,45-64,1
DRG002,Loretinib,Oncology,2023-Q3,Thrombocytopenia,False,Mild,Physician,JP,45-64,1
DRG002,Loretinib,Oncology,2023-Q3,Alopecia,False,Serious,Physician,DE,65-74,1
DRG002,Loretinib,Oncology,2023-Q3,Alopecia,False,Mild,Consumer,US,45-64,1
DRG002,Loretinib,Oncology,2023-Q3,Anemia,False,Mild,Physician,DE,65-74,1
DRG002,Loretinib,Oncology,2023-Q3,Thrombocytopenia,False,Critical,Consumer,US,65-74,1
DRG002,Loretinib,Oncology,2023-Q3,Vomiting,False,Mild,Pharmacist,FR,18-44,1
DRG002,Loretinib,Oncology,2023-Q3,Anemia,False,Critical,Consumer,US,65-74,1
DRG002,Loretinib,Oncology,2023-Q3,Vomiting,False,Serious,Physician,FR,45-64,1
DRG002,Loretinib,Oncology,2023-Q3,Anemia,False,Moderate,Consumer,US,45-64,1
DRG002,Loretinib,Oncology,2023-Q3,Fatigue,False,Critical,Physician,FR,45-64,1
DRG002,Loretinib,Oncology,2023-Q3,Anemia,False,Mild,Physician,DE,75+,1
DRG002,Loretinib,Oncology,2023-Q3,Nausea,False,Critical,Consumer,FR,45-64,1
DRG002,Loretinib,Oncology,2023-Q3,Nausea,False,Moderate,Consumer,DE,65-74,1
DRG002,Loretinib,Oncology,2023-Q3,Alopecia,False,Mild,Physician,CA,75+,1
DRG002,Loretinib,Oncology,2023-Q3,Nausea,False,Moderate,Physician,DE,18-44,1
DRG002,Loretinib,Oncology,2023-Q3,Thrombocytopenia,False,Moderate,Physician,DE,45-64,1
DRG002,Loretinib,Oncology,2023-Q3,Neutropenia,False,Mild,Physician,JP,18-44,1
DRG002,Loretinib,Oncology,2023-Q3,Nausea,False,Serious,Consumer,DE,45-64,1
DRG002,Loretinib,Oncology,2023-Q3,Nausea,False,Mild,Consumer,US,75+,1
DRG002,Loretinib,Oncology,2023-Q3,Fatigue,False,Serious,Physician,DE,45-64,1
DRG002,Loretinib,Oncology,2023-Q3,Alopecia,False,Serious,Consumer,DE,45-64,1
DRG002,Loretinib,Oncology,2023-Q3,Alopecia,False,Mild,Physician,US,65-74,1
DRG002,Loretinib,Oncology,2023-Q3,Vomiting,False,Serious,Physician,DE,45-64,1
DRG002,Loretinib,Oncology,2023-Q3,Vomiting,False,Mild,Physician,US,65-74,1
DRG002,Loretinib,Oncology,2023-Q3,Alopecia,False,Moderate,Consumer,US,45-64,1
DRG002,Loretinib,Oncology,2023-Q3,Nausea,False,Serious,Pharmacist,DE,45-64,1
DRG002,Loretinib,Oncology,2023-Q3,Alopecia,False,Critical,Physician,US,65-74,1
DRG002,Loretinib,Oncology,2023-Q3,Neutropenia,False,Moderate,Consumer,FR,65-74,1
DRG002,Loretinib,Oncology,2023-Q3,Fatigue,False,Critical,Pharmacist,US,65-74,1
DRG002,Loretinib,Oncology,2023-Q3,Fatigue,False,Mild,Consumer,FR,75+,1
DRG002,Loretinib,Oncology,2023-Q3,Alopecia,False,Mild,Pharmacist,FR,65-74,1
DRG002,Loretinib,Oncology,2023-Q3,Nausea,False,Moderate,Consumer,US,65-74,1
DRG002,Loretinib,Oncology,2023-Q3,Alopecia,False,Critical,Consumer,US,65-74,1
DRG002,Loretinib,Oncology,2023-Q3,Fatigue,False,Critical,Pharmacist,GB,75+,1
DRG002,Loretinib,Oncology,2023-Q3,Neutropenia,False,Mild,Other,FR,45-64,1
DRG002,Loretinib,Oncology,2023-Q3,Vomiting,False,Moderate,Pharmacist,CA,45-64,1
DRG002,Loretinib,Oncology,2023-Q3,Thrombocytopenia,False,Serious,Pharmacist,CA,65-74,1
DRG002,Loretinib,Oncology,2023-Q3,Fatigue,False,Moderate,Consumer,US,18-44,1
DRG002,Loretinib,Oncology,2023-Q3,Fatigue,False,Mild,Consumer,US,18-44,1
DRG002,Loretinib,Oncology,2023-Q3,Thrombocytopenia,False,Moderate,Other,US,75+,1
DRG002,Loretinib,Oncology,2023-Q3,Fatigue,False,Serious,Pharmacist,US,45-64,1
DRG002,Loretinib,Oncology,2023-Q3,Neutropenia,False,Mild,Consumer,US,45-64,1
DRG002,Loretinib,Oncology,2023-Q3,Fatigue,False,Moderate,Consumer,CA,65-74,1
DRG002,Loretinib,Oncology,2023-Q3,Thrombocytopenia,False,Moderate,Physician,CA,65-74,1
DRG002,Loretinib,Oncology,2023-Q3,Fatigue,False,Critical,Consumer,CA,75+,1
DRG002,Loretinib,Oncology,2023-Q3,Vomiting,False,Critical,Pharmacist,US,75+,1
DRG002,Loretinib,Oncology,2023-Q3,Fatigue,False,Critical,Consumer,DE,45-64,1
DRG002,Loretinib,Oncology,2023-Q3,Vomiting,False,Serious,Physician,US,45-64,1
DRG002,Loretinib,Oncology,2023-Q3,Anemia,False,Mild,Pharmacist,DE,65-74,1
DRG002,Loretinib,Oncology,2023-Q3,Anemia,False,Serious,Other,US,65-74,1
DRG002,Loretinib,Oncology,2023-Q3,Alopecia,False,Critical,Pharmacist,US,65-74,1
DRG002,Loretinib,Oncology,2023-Q3,Nausea,False,Serious,Pharmacist,US,45-64,1
DRG002,Loretinib,Oncology,2023-Q3,Anemia,False,Serious,Consumer,DE,75+,1
DRG002,Loretinib,Oncology,2023-Q3,Nausea,False,Mild,Other,DE,45-64,1
DRG002,Loretinib,Oncology,2023-Q3,Fatigue,False,Mild,Other,US,45-64,1
DRG002,Loretinib,Oncology,2023-Q3,Vomiting,False,Moderate,Physician,DE,65-74,1
DRG002,Loretinib,Oncology,2023-Q3,Fatigue,False,Serious,Other,CA,45-64,1
DRG002,Loretinib,Oncology,2023-Q3,Anemia,False,Mild,Pharmacist,CA,18-44,1
DRG002,Loretinib,Oncology,2023-Q3,Nausea,False,Moderate,Physician,GB,65-74,1
DRG002,Loretinib,Oncology,2023-Q3,Nausea,False,Critical,Consumer,JP,18-44,1
DRG002,Loretinib,Oncology,2023-Q3,Neutropenia,False,Critical,Consumer,US,18-44,1
DRG002,Loretinib,Oncology,2023-Q3,Fatigue,False,Moderate,Physician,US,75+,1
DRG002,Loretinib,Oncology,2023-Q3,Anemia,False,Critical,Physician,DE,18-44,1
DRG002,Loretinib,Oncology,2023-Q3,Neutropenia,False,Mild,Pharmacist,US,65-74,1
DRG002,Loretinib,Oncology,2023-Q3,Fatigue,False,Mild,Physician,DE,45-64,1
DRG002,Loretinib,Oncology,2023-Q3,Alopecia,False,Mild,Consumer,JP,75+,1
DRG002,Loretinib,Oncology,2023-Q3,Fatigue,False,Mild,Physician,CA,45-64,1
DRG002,Loretinib,Oncology,2023-Q3,Thrombocytopenia,False,Mild,Other,JP,45-64,1
DRG002,Loretinib,Oncology,2023-Q3,Neutropenia,False,Mild,Physician,US,45-64,1
DRG002,Loretinib,Oncology,2023-Q3,Fatigue,False,Critical,Pharmacist,GB,65-74,1
DRG002,Loretinib,Oncology,2023-Q3,Nausea,False,Mild,Physician,US,75+,1
DRG002,Loretinib,Oncology,2023-Q3,Vomiting,False,Mild,Consumer,US,45-64,1
DRG002,Loretinib,Oncology,2023-Q3,Thrombocytopenia,False,Moderate,Pharmacist,GB,65-74,1
DRG002,Loretinib,Oncology,2023-Q3,Neutropenia,False,Mild,Consumer,US,75+,1
DRG002,Loretinib,Oncology,2023-Q3,Nausea,False,Serious,Physician,CA,75+,1
DRG002,Loretinib,Oncology,2023-Q3,Alopecia,False,Mild,Pharmacist,US,45-64,1
DRG002,Loretinib,Oncology,2023-Q3,Thrombocytopenia,False,Moderate,Consumer,CA,75+,1
DRG002,Loretinib,Oncology,2023-Q3,Neutropenia,False,Moderate,Physician,GB,45-64,1
DRG002,Loretinib,Oncology,2023-Q3,Vomiting,False,Serious,Pharmacist,US,45-64,1
DRG002,Loretinib,Oncology,2023-Q3,Alopecia,False,Moderate,Physician,DE,65-74,1
DRG002,Loretinib,Oncology,2023-Q3,Nausea,False,Serious,Consumer,GB,75+,1
DRG002,Loretinib,Oncology,2023-Q3,Neutropenia,False,Moderate,Pharmacist,FR,65-74,1
DRG002,Loretinib,Oncology,2023-Q3,Thrombocytopenia,False,Mild,Consumer,GB,65-74,1
DRG002,Loretinib,Oncology,2023-Q3,Thrombocytopenia,False,Moderate,Consumer,US,45-64,1
DRG002,Loretinib,Oncology,2023-Q3,Alopecia,False,Serious,Pharmacist,US,18-44,1
DRG002,Loretinib,Oncology,2023-Q3,Anemia,False,Moderate,Consumer,FR,75+,1
DRG002,Loretinib,Oncology,2023-Q3,Vomiting,False,Critical,Other,CA,45-64,1
DRG002,Loretinib,Oncology,2023-Q3,Alopecia,False,Serious,Other,US,65-74,1
DRG002,Loretinib,Oncology,2023-Q3,Vomiting,False,Critical,Consumer,GB,18-44,1
DRG002,Loretinib,Oncology,2023-Q3,Nausea,False,Critical,Consumer,DE,65-74,1
DRG002,Loretinib,Oncology,2023-Q3,Anemia,False,Moderate,Other,GB,65-74,1
DRG002,Loretinib,Oncology,2023-Q3,Thrombocytopenia,False,Mild,Consumer,DE,45-64,1
DRG002,Loretinib,Oncology,2023-Q3,Fatigue,False,Serious,Physician,FR,65-74,1
DRG002,Loretinib,Oncology,2023-Q3,Nausea,False,Serious,Consumer,CA,45-64,1
DRG002,Loretinib,Oncology,2023-Q3,Fatigue,False,Moderate,Pharmacist,US,18-44,1
DRG002,Loretinib,Oncology,2023-Q3,Anemia,False,Critical,Physician,DE,45-64,1
DRG002,Loretinib,Oncology,2023-Q3,Anemia,False,Moderate,Physician,CA,18-44,1
DRG002,Loretinib,Oncology,2023-Q3,Neutropenia,False,Moderate,Physician,US,45-64,1
DRG002,Loretinib,Oncology,2023-Q3,Fatigue,False,Moderate,Consumer,US,65-74,1
DRG002,Loretinib,Oncology,2023-Q3,Vomiting,False,Mild,Physician,US,75+,1
DRG002,Loretinib,Oncology,2023-Q3,Alopecia,False,Mild,Pharmacist,GB,45-64,1
DRG002,Loretinib,Oncology,2023-Q3,Fatigue,False,Critical,Physician,JP,45-64,1
DRG002,Loretinib,Oncology,2023-Q3,Alopecia,False,Moderate,Pharmacist,US,18-44,1
DRG002,Loretinib,Oncology,2023-Q3,Thrombocytopenia,False,Moderate,Physician,US,75+,1
DRG002,Loretinib,Oncology,2023-Q3,Alopecia,False,Critical,Other,FR,45-64,1
DRG002,Loretinib,Oncology,2023-Q3,Alopecia,False,Moderate,Consumer,US,65-74,1
DRG002,Loretinib,Oncology,2023-Q4,Fatigue,False,Mild,Physician,US,45-64,3
DRG002,Loretinib,Oncology,2023-Q4,Neutropenia,False,Mild,Physician,US,45-64,3
DRG002,Loretinib,Oncology,2023-Q4,Fatigue,False,Mild,Consumer,US,45-64,2
DRG002,Loretinib,Oncology,2023-Q4,Neutropenia,False,Serious,Physician,US,75+,2
DRG002,Loretinib,Oncology,2023-Q4,Neutropenia,False,Mild,Physician,DE,75+,2
DRG002,Loretinib,Oncology,2023-Q4,Anemia,False,Serious,Consumer,US,65-74,2
DRG002,Loretinib,Oncology,2023-Q4,Alopecia,False,Mild,Other,US,65-74,2
DRG002,Loretinib,Oncology,2023-Q4,Neutropenia,False,Critical,Physician,JP,45-64,2
DRG002,Loretinib,Oncology,2023-Q4,Neutropenia,False,Mild,Consumer,US,65-74,2
DRG002,Loretinib,Oncology,2023-Q4,Thrombocytopenia,False,Mild,Pharmacist,US,65-74,2
DRG002,Loretinib,Oncology,2023-Q4,Alopecia,False,Moderate,Physician,US,45-64,2
DRG002,Loretinib,Oncology,2023-Q4,Neutropenia,False,Serious,Physician,US,18-44,2
DRG002,Loretinib,Oncology,2023-Q4,Anemia,False,Moderate,Physician,JP,45-64,2
DRG002,Loretinib,Oncology,2023-Q4,Neutropenia,False,Mild,Pharmacist,US,45-64,2
DRG002,Loretinib,Oncology,2023-Q4,Nausea,False,Moderate,Physician,US,45-64,2
DRG002,Loretinib,Oncology,2023-Q4,Thrombocytopenia,False,Mild,Physician,US,65-74,2
DRG002,Loretinib,Oncology,2023-Q4,Anemia,False,Mild,Physician,US,65-74,2
DRG002,Loretinib,Oncology,2023-Q4,Fatigue,False,Mild,Physician,US,65-74,2
DRG002,Loretinib,Oncology,2023-Q4,Neutropenia,False,Mild,Consumer,US,45-64,2
DRG002,Loretinib,Oncology,2023-Q4,Fatigue,False,Critical,Consumer,US,75+,2
DRG002,Loretinib,Oncology,2023-Q4,Vomiting,False,Mild,Physician,US,75+,2
DRG002,Loretinib,Oncology,2023-Q4,Vomiting,False,Moderate,Physician,US,45-64,2
DRG002,Loretinib,Oncology,2023-Q4,Vomiting,False,Moderate,Physician,JP,65-74,2
DRG002,Loretinib,Oncology,2023-Q4,Vomiting,False,Mild,Consumer,US,45-64,2
DRG002,Loretinib,Oncology,2023-Q4,Anemia,False,Mild,Physician,US,45-64,2
DRG002,Loretinib,Oncology,2023-Q4,Anemia,False,Critical,Consumer,US,45-64,1
DRG002,Loretinib,Oncology,2023-Q4,Neutropenia,False,Serious,Physician,US,45-64,1
DRG002,Loretinib,Oncology,2023-Q4,Anemia,False,Mild,Physician,US,75+,1
DRG002,Loretinib,Oncology,2023-Q4,Nausea,False,Mild,Physician,CA,45-64,1
DRG002,Loretinib,Oncology,2023-Q4,Nausea,False,Critical,Physician,US,65-74,1
DRG002,Loretinib,Oncology,2023-Q4,Neutropenia,False,Moderate,Physician,US,45-64,1
DRG002,Loretinib,Oncology,2023-Q4,Thrombocytopenia,False,Moderate,Physician,JP,65-74,1
DRG002,Loretinib,Oncology,2023-Q4,Fatigue,False,Moderate,Pharmacist,US,45-64,1
DRG002,Loretinib,Oncology,2023-Q4,Neutropenia,False,Moderate,Physician,DE,18-44,1
DRG002,Loretinib,Oncology,2023-Q4,Alopecia,False,Serious,Other,US,75+,1
DRG002,Loretinib,Oncology,2023-Q4,Nausea,False,Moderate,Pharmacist,US,65-74,1
DRG002,Loretinib,Oncology,2023-Q4,Anemia,False,Mild,Physician,DE,65-74,1
DRG002,Loretinib,Oncology,2023-Q4,Fatigue,False,Mild,Consumer,US,65-74,1
DRG002,Loretinib,Oncology,2023-Q4,Nausea,False,Moderate,Pharmacist,DE,45-64,1
DRG002,Loretinib,Oncology,2023-Q4,Vomiting,False,Moderate,Physician,US,65-74,1
DRG002,Loretinib,Oncology,2023-Q4,Vomiting,False,Serious,Pharmacist,DE,75+,1
DRG002,Loretinib,Oncology,2023-Q4,Fatigue,False,Mild,Consumer,JP,75+,1
DRG002,Loretinib,Oncology,2023-Q4,Neutropenia,False,Serious,Other,DE,65-74,1
DRG002,Loretinib,Oncology,2023-Q4,Thrombocytopenia,False,Mild,Physician,FR,65-74,1
DRG002,Loretinib,Oncology,2023-Q4,Alopecia,False,Moderate,Pharmacist,US,65-74,1
DRG002,Loretinib,Oncology,2023-Q4,Alopecia,False,Moderate,Physician,DE,18-44,1
DRG002,Loretinib,Oncology,2023-Q4,Neutropenia,False,Moderate,Other,US,45-64,1
DRG002,Loretinib,Oncology,2023-Q4,Vomiting,False,Moderate,Pharmacist,US,45-64,1
DRG002,Loretinib,Oncology,2023-Q4,Vomiting,False,Serious,Consumer,US,45-64,1
DRG002,Loretinib,Oncology,2023-Q4,Nausea,False,Mild,Physician,CA,75+,1
DRG002,Loretinib,Oncology,2023-Q4,Thrombocytopenia,False,Critical,Pharmacist,US,45-64,1
DRG002,Loretinib,Oncology,2023-Q4,Thrombocytopenia,False,Critical,Other,FR,45-64,1
DRG002,Loretinib,Oncology,2023-Q4,Vomiting,False,Moderate,Other,US,65-74,1
DRG002,Loretinib,Oncology,2023-Q4,Vomiting,False,Moderate,Consumer,CA,75+,1
DRG002,Loretinib,Oncology,2023-Q4,Thrombocytopenia,False,Serious,Consumer,CA,45-64,1
DRG002,Loretinib,Oncology,2023-Q4,Anemia,False,Serious,Consumer,US,45-64,1
DRG002,Loretinib,Oncology,2023-Q4,Neutropenia,False,Critical,Pharmacist,US,45-64,1
DRG002,Loretinib,Oncology,2023-Q4,Fatigue,False,Critical,Consumer,JP,75+,1
DRG002,Loretinib,Oncology,2023-Q4,Nausea,False,Moderate,Physician,US,75+,1
DRG002,Loretinib,Oncology,2023-Q4,Vomiting,False,Mild,Pharmacist,CA,65-74,1
DRG002,Loretinib,Oncology,2023-Q4,Neutropenia,False,Critical,Physician,CA,65-74,1
DRG002,Loretinib,Oncology,2023-Q4,Nausea,False,Mild,Physician,US,65-74,1
DRG002,Loretinib,Oncology,2023-Q4,Fatigue,False,Mild,Consumer,GB,45-64,1
DRG002,Loretinib,Oncology,2023-Q4,Nausea,False,Mild,Pharmacist,CA,18-44,1
DRG002,Loretinib,Oncology,2023-Q4,Neutropenia,False,Mild,Other,US,18-44,1
DRG002,Loretinib,Oncology,2023-Q4,Neutropenia,False,Mild,Physician,FR,65-74,1
DRG002,Loretinib,Oncology,2023-Q4,Thrombocytopenia,False,Moderate,Physician,US,65-74,1
DRG002,Loretinib,Oncology,2023-Q4,Alopecia,False,Mild,Physician,US,45-64,1
DRG002,Loretinib,Oncology,2023-Q4,Nausea,False,Serious,Consumer,CA,45-64,1
DRG002,Loretinib,Oncology,2023-Q4,Alopecia,False,Mild,Pharmacist,FR,65-74,1
DRG002,Loretinib,Oncology,2023-Q4,Fatigue,False,Mild,Pharmacist,US,65-74,1
DRG002,Loretinib,Oncology,2023-Q4,Anemia,False,Mild,Pharmacist,CA,18-44,1
DRG002,Loretinib,Oncology,2023-Q4,Alopecia,False,Critical,Other,US,45-64,1
DRG002,Loretinib,Oncology,2023-Q4,Nausea,False,Mild,Consumer,US,45-64,1
DRG002,Loretinib,Oncology,2023-Q4,Vomiting,False,Mild,Other,US,18-44,1
DRG002,Loretinib,Oncology,2023-Q4,Neutropenia,False,Mild,Consumer,GB,45-64,1
DRG002,Loretinib,Oncology,2023-Q4,Nausea,False,Mild,Consumer,GB,65-74,1
DRG002,Loretinib,Oncology,2023-Q4,Nausea,False,Critical,Pharmacist,JP,45-64,1
DRG002,Loretinib,Oncology,2023-Q4,Anemia,False,Critical,Physician,US,45-64,1
DRG002,Loretinib,Oncology,2023-Q4,Anemia,False,Moderate,Physician,US,18-44,1
DRG002,Loretinib,Oncology,2023-Q4,Nausea,False,Moderate,Other,DE,75+,1
DRG002,Loretinib,Oncology,2023-Q4,Anemia,False,Moderate,Consumer,US,65-74,1
DRG002,Loretinib,Oncology,2023-Q4,Thrombocytopenia,False,Moderate,Other,US,45-64,1
DRG002,Loretinib,Oncology,2023-Q4,Fatigue,False,Critical,Other,FR,65-74,1
DRG002,Loretinib,Oncology,2023-Q4,Nausea,False,Moderate,Pharmacist,FR,18-44,1
DRG002,Loretinib,Oncology,2023-Q4,Vomiting,False,Critical,Pharmacist,FR,45-64,1
DRG002,Loretinib,Oncology,2023-Q4,Alopecia,False,Serious,Physician,US,45-64,1
DRG002,Loretinib,Oncology,2023-Q4,Nausea,False,Moderate,Pharmacist,CA,45-64,1
DRG002,Loretinib,Oncology,2023-Q4,Fatigue,False,Moderate,Physician,US,45-64,1
DRG002,Loretinib,Oncology,2023-Q4,Fatigue,False,Mild,Other,US,45-64,1
DRG002,Loretinib,Oncology,2023-Q4,Neutropenia,False,Mild,Pharmacist,US,18-44,1
DRG002,Loretinib,Oncology,2023-Q4,Nausea,False,Moderate,Physician,FR,75+,1
DRG002,Loretinib,Oncology,2023-Q4,Thrombocytopenia,False,Mild,Physician,CA,65-74,1
DRG002,Loretinib,Oncology,2023-Q4,Neutropenia,False,Mild,Pharmacist,GB,75+,1
DRG002,Loretinib,Oncology,2023-Q4,Neutropenia,False,Serious,Physician,JP,18-44,1
DRG002,Loretinib,Oncology,2023-Q4,Fatigue,False,Moderate,Consumer,US,18-44,1
DRG002,Loretinib,Oncology,2023-Q4,Neutropenia,False,Mild,Physician,US,65-74,1
DRG002,Loretinib,Oncology,2023-Q4,Nausea,False,Serious,Physician,JP,45-64,1
DRG002,Loretinib,Oncology,2023-Q4,Alopecia,False,Mild,Pharmacist,US,65-74,1
DRG002,Loretinib,Oncology,2023-Q4,Thrombocytopenia,False,Mild,Pharmacist,CA,65-74,1
DRG002,Loretinib,Oncology,2023-Q4,Alopecia,False,Mild,Other,US,45-64,1
DRG002,Loretinib,Oncology,2023-Q4,Alopecia,False,Moderate,Consumer,JP,45-64,1
DRG002,Loretinib,Oncology,2023-Q4,Nausea,False,Critical,Consumer,US,18-44,1
DRG002,Loretinib,Oncology,2023-Q4,Fatigue,False,Moderate,Physician,JP,45-64,1
DRG002,Loretinib,Oncology,2023-Q4,Neutropenia,False,Mild,Consumer,US,18-44,1
DRG002,Loretinib,Oncology,2023-Q4,Anemia,False,Critical,Consumer,JP,45-64,1
DRG002,Loretinib,Oncology,2023-Q4,Thrombocytopenia,False,Mild,Physician,US,45-64,1
DRG002,Loretinib,Oncology,2023-Q4,Nausea,False,Mild,Consumer,JP,65-74,1
DRG002,Loretinib,Oncology,2023-Q4,Vomiting,False,Moderate,Other,US,18-44,1
DRG002,Loretinib,Oncology,2023-Q4,Anemia,False,Serious,Consumer,JP,75+,1
DRG002,Loretinib,Oncology,2023-Q4,Nausea,False,Serious,Pharmacist,FR,75+,1
DRG002,Loretinib,Oncology,2023-Q4,Thrombocytopenia,False,Mild,Pharmacist,GB,75+,1
DRG002,Loretinib,Oncology,2023-Q4,Thrombocytopenia,False,Moderate,Physician,GB,75+,1
DRG002,Loretinib,Oncology,2023-Q4,Nausea,False,Mild,Physician,CA,65-74,1
DRG002,Loretinib,Oncology,2023-Q4,Neutropenia,False,Moderate,Consumer,US,65-74,1
DRG002,Loretinib,Oncology,2023-Q4,Thrombocytopenia,False,Mild,Pharmacist,DE,65-74,1
DRG002,Loretinib,Oncology,2023-Q4,Neutropenia,False,Moderate,Physician,US,65-74,1
DRG002,Loretinib,Oncology,2023-Q4,Nausea,False,Mild,Pharmacist,JP,45-64,1
DRG002,Loretinib,Oncology,2023-Q4,Nausea,False,Moderate,Consumer,US,45-64,1
DRG002,Loretinib,Oncology,2023-Q4,Vomiting,False,Moderate,Consumer,US,65-74,1
DRG002,Loretinib,Oncology,2023-Q4,Vomiting,False,Critical,Consumer,CA,65-74,1
DRG002,Loretinib,Oncology,2023-Q4,Alopecia,False,Moderate,Other,DE,65-74,1
DRG002,Loretinib,Oncology,2023-Q4,Thrombocytopenia,False,Mild,Consumer,US,75+,1
DRG002,Loretinib,Oncology,2023-Q4,Fatigue,False,Moderate,Physician,JP,75+,1
DRG002,Loretinib,Oncology,2023-Q4,Anemia,False,Mild,Consumer,US,18-44,1
DRG002,Loretinib,Oncology,2023-Q4,Vomiting,False,Mild,Consumer,FR,65-74,1
DRG002,Loretinib,Oncology,2023-Q4,Nausea,False,Serious,Physician,US,45-64,1
DRG002,Loretinib,Oncology,2023-Q4,Thrombocytopenia,False,Mild,Consumer,DE,18-44,1
DRG002,Loretinib,Oncology,2023-Q4,Vomiting,False,Moderate,Physician,US,18-44,1
DRG002,Loretinib,Oncology,2023-Q4,Alopecia,False,Moderate,Other,CA,65-74,1
DRG002,Loretinib,Oncology,2023-Q4,Alopecia,False,Mild,Other,US,75+,1
DRG002,Loretinib,Oncology,2023-Q4,Fatigue,False,Mild,Physician,FR,45-64,1
DRG002,Loretinib,Oncology,2023-Q4,Vomiting,False,Serious,Physician,US,45-64,1
DRG002,Loretinib,Oncology,2023-Q4,Alopecia,False,Moderate,Physician,JP,18-44,1
DRG002,Loretinib,Oncology,2023-Q4,Nausea,False,Serious,Consumer,US,18-44,1
DRG002,Loretinib,Oncology,2023-Q4,Vomiting,False,Mild,Pharmacist,GB,75+,1
DRG002,Loretinib,Oncology,2023-Q4,Vomiting,False,Moderate,Pharmacist,JP,45-64,1
DRG002,Loretinib,Oncology,2023-Q4,Nausea,False,Moderate,Other,US,75+,1
DRG002,Loretinib,Oncology,2023-Q4,Thrombocytopenia,False,Mild,Physician,GB,45-64,1
DRG002,Loretinib,Oncology,2023-Q4,Nausea,False,Serious,Pharmacist,JP,45-64,1
DRG002,Loretinib,Oncology,2023-Q4,Neutropenia,False,Critical,Consumer,JP,65-74,1
DRG002,Loretinib,Oncology,2023-Q4,Fatigue,False,Moderate,Consumer,JP,45-64,1
DRG002,Loretinib,Oncology,2023-Q4,Neutropenia,False,Moderate,Consumer,US,45-64,1
DRG002,Loretinib,Oncology,2023-Q4,Alopecia,False,Serious,Physician,US,65-74,1
DRG002,Loretinib,Oncology,2023-Q4,Anemia,False,Mild,Pharmacist,GB,75+,1
DRG002,Loretinib,Oncology,2023-Q4,Nausea,False,Moderate,Physician,US,65-74,1
DRG002,Loretinib,Oncology,2023-Q4,Nausea,False,Mild,Consumer,CA,65-74,1
DRG002,Loretinib,Oncology,2023-Q4,Thrombocytopenia,False,Critical,Physician,US,45-64,1
DRG002,Loretinib,Oncology,2023-Q4,Anemia,False,Serious,Pharmacist,FR,65-74,1
DRG002,Loretinib,Oncology,2023-Q4,Neutropenia,False,Serious,Consumer,GB,45-64,1
DRG002,Loretinib,Oncology,2023-Q4,Nausea,False,Mild,Physician,JP,75+,1
DRG002,Loretinib,Oncology,2023-Q4,Thrombocytopenia,False,Serious,Physician,US,45-64,1
DRG002,Loretinib,Oncology,2023-Q4,Neutropenia,False,Mild,Physician,GB,18-44,1
DRG002,Loretinib,Oncology,2023-Q4,Thrombocytopenia,False,Mild,Other,US,65-74,1
DRG002,Loretinib,Oncology,2023-Q4,Fatigue,False,Serious,Physician,US,45-64,1
DRG002,Loretinib,Oncology,2023-Q4,Neutropenia,False,Moderate,Consumer,DE,18-44,1
DRG002,Loretinib,Oncology,2023-Q4,Nausea,False,Mild,Physician,US,45-64,1
DRG002,Loretinib,Oncology,2023-Q4,Alopecia,False,Critical,Pharmacist,US,45-64,1
DRG002,Loretinib,Oncology,2023-Q4,Neutropenia,False,Critical,Physician,FR,18-44,1
DRG002,Loretinib,Oncology,2023-Q4,Thrombocytopenia,False,Critical,Consumer,GB,75+,1
DRG002,Loretinib,Oncology,2023-Q4,Anemia,False,Mild,Physician,US,18-44,1
DRG002,Loretinib,Oncology,2023-Q4,Alopecia,False,Mild,Other,DE,65-74,1
DRG002,Loretinib,Oncology,2023-Q4,Thrombocytopenia,False,Mild,Pharmacist,GB,45-64,1
DRG002,Loretinib,Oncology,2023-Q4,Anemia,False,Moderate,Physician,FR,18-44,1
DRG002,Loretinib,Oncology,2023-Q4,Vomiting,False,Moderate,Physician,US,75+,1
DRG002,Loretinib,Oncology,2023-Q4,Thrombocytopenia,False,Mild,Consumer,FR,65-74,1
DRG002,Loretinib,Oncology,2023-Q4,Vomiting,False,Serious,Other,US,18-44,1
DRG002,Loretinib,Oncology,2023-Q4,Alopecia,False,Moderate,Physician,GB,45-64,1
DRG002,Loretinib,Oncology,2023-Q4,Fatigue,False,Serious,Physician,US,75+,1
DRG002,Loretinib,Oncology,2023-Q4,Neutropenia,False,Mild,Consumer,GB,65-74,1
DRG002,Loretinib,Oncology,2023-Q4,Vomiting,False,Critical,Consumer,DE,65-74,1
DRG002,Loretinib,Oncology,2023-Q4,Alopecia,False,Moderate,Consumer,US,45-64,1
DRG002,Loretinib,Oncology,2023-Q4,Vomiting,False,Serious,Consumer,CA,45-64,1
DRG002,Loretinib,Oncology,2023-Q4,Alopecia,False,Moderate,Consumer,US,65-74,1
DRG002,Loretinib,Oncology,2023-Q4,Vomiting,False,Mild,Physician,US,45-64,1
DRG002,Loretinib,Oncology,2023-Q4,Nausea,False,Mild,Other,CA,65-74,1
DRG002,Loretinib,Oncology,2023-Q4,Anemia,False,Serious,Consumer,FR,45-64,1
DRG002,Loretinib,Oncology,2023-Q4,Alopecia,False,Mild,Physician,FR,45-64,1
DRG002,Loretinib,Oncology,2023-Q4,Anemia,False,Mild,Consumer,US,45-64,1
DRG002,Loretinib,Oncology,2023-Q4,Nausea,False,Moderate,Consumer,CA,45-64,1
DRG002,Loretinib,Oncology,2023-Q4,Nausea,False,Mild,Consumer,FR,45-64,1
DRG002,Loretinib,Oncology,2023-Q4,Thrombocytopenia,False,Moderate,Pharmacist,JP,65-74,1
DRG002,Loretinib,Oncology,2023-Q4,Thrombocytopenia,False,Serious,Other,JP,18-44,1
DRG002,Loretinib,Oncology,2023-Q4,Thrombocytopenia,False,Moderate,Pharmacist,US,45-64,1
DRG002,Loretinib,Oncology,2023-Q4,Fatigue,False,Mild,Physician,US,75+,1
DRG002,Loretinib,Oncology,2023-Q4,Anemia,False,Critical,Pharmacist,US,45-64,1
DRG002,Loretinib,Oncology,2023-Q4,Thrombocytopenia,False,Moderate,Consumer,US,45-64,1
DRG002,Loretinib,Oncology,2023-Q4,Vomiting,False,Mild,Other,CA,65-74,1
DRG002,Loretinib,Oncology,2023-Q4,Fatigue,False,Mild,Pharmacist,US,45-64,1
DRG002,Loretinib,Oncology,2023-Q4,Nausea,False,Mild,Consumer,GB,45-64,1
DRG002,Loretinib,Oncology,2023-Q4,Nausea,False,Moderate,Consumer,CA,75+,1
DRG002,Loretinib,Oncology,2023-Q4,Anemia,False,Mild,Other,JP,45-64,1
DRG002,Loretinib,Oncology,2023-Q4,Neutropenia,False,Mild,Pharmacist,FR,65-74,1
DRG002,Loretinib,Oncology,2023-Q4,Nausea,False,Mild,Pharmacist,US,45-64,1
DRG002,Loretinib,Oncology,2023-Q4,Nausea,False,Mild,Pharmacist,US,75+,1
DRG002,Loretinib,Oncology,2023-Q4,Alopecia,False,Mild,Physician,US,65-74,1
DRG002,Loretinib,Oncology,2024-Q1,Alopecia,False,Mild,Physician,CA,45-64,3
DRG002,Loretinib,Oncology,2024-Q1,Fatigue,False,Mild,Consumer,US,45-64,3
DRG002,Loretinib,Oncology,2024-Q1,Alopecia,False,Mild,Consumer,DE,45-64,3
DRG002,Loretinib,Oncology,2024-Q1,Vomiting,False,Mild,Physician,US,18-44,3
DRG002,Loretinib,Oncology,2024-Q1,Vomiting,False,Mild,Physician,US,45-64,3
DRG002,Loretinib,Oncology,2024-Q1,Neutropenia,False,Mild,Consumer,US,65-74,3
DRG002,Loretinib,Oncology,2024-Q1,Nausea,False,Mild,Physician,US,75+,3
DRG002,Loretinib,Oncology,2024-Q1,Nausea,False,Mild,Physician,US,45-64,3
DRG002,Loretinib,Oncology,2024-Q1,Vomiting,False,Mild,Physician,US,75+,2
DRG002,Loretinib,Oncology,2024-Q1,Thrombocytopenia,False,Moderate,Physician,US,75+,2
DRG002,Loretinib,Oncology,2024-Q1,Fatigue,False,Mild,Physician,US,75+,2
DRG002,Loretinib,Oncology,2024-Q1,Neutropenia,False,Mild,Physician,US,65-74,2
DRG002,Loretinib,Oncology,2024-Q1,Nausea,False,Mild,Pharmacist,GB,18-44,2
DRG002,Loretinib,Oncology,2024-Q1,Anemia,False,Serious,Consumer,US,45-64,2
DRG002,Loretinib,Oncology,2024-Q1,Nausea,False,Mild,Consumer,US,45-64,2
DRG002,Loretinib,Oncology,2024-Q1,Fatigue,False,Moderate,Consumer,US,65-74,2
DRG002,Loretinib,Oncology,2024-Q1,Fatigue,False,Mild,Pharmacist,US,45-64,2
DRG002,Loretinib,Oncology,2024-Q1,Fatigue,False,Serious,Consumer,US,45-64,2
DRG002,Loretinib,Oncology,2024-Q1,Alopecia,False,Mild,Physician,US,18-44,2
DRG002,Loretinib,Oncology,2024-Q1,Thrombocytopenia,False,Moderate,Other,US,18-44,2
DRG002,Loretinib,Oncology,2024-Q1,Anemia,False,Moderate,Physician,US,75+,2
DRG002,Loretinib,Oncology,2024-Q1,Alopecia,False,Mild,Physician,US,65-74,2
DRG002,Loretinib,Oncology,2024-Q1,Alopecia,False,Serious,Other,US,65-74,2
DRG002,Loretinib,Oncology,2024-Q1,Vomiting,False,Mild,Consumer,FR,18-44,1
DRG002,Loretinib,Oncology,2024-Q1,Fatigue,False,Mild,Pharmacist,US,75+,1
DRG002,Loretinib,Oncology,2024-Q1,Fatigue,False,Mild,Consumer,JP,45-64,1
DRG002,Loretinib,Oncology,2024-Q1,Alopecia,False,Mild,Physician,GB,45-64,1
DRG002,Loretinib,Oncology,2024-Q1,Neutropenia,False,Mild,Pharmacist,US,65-74,1
DRG002,Loretinib,Oncology,2024-Q1,Fatigue,False,Mild,Consumer,CA,45-64,1
DRG002,Loretinib,Oncology,2024-Q1,Fatigue,False,Serious,Physician,US,65-74,1
DRG002,Loretinib,Oncology,2024-Q1,Fatigue,False,Mild,Physician,GB,75+,1
DRG002,Loretinib,Oncology,2024-Q1,Thrombocytopenia,False,Moderate,Other,FR,45-64,1
DRG002,Loretinib,Oncology,2024-Q1,Anemia,False,Moderate,Physician,DE,18-44,1
DRG002,Loretinib,Oncology,2024-Q1,Vomiting,False,Mild,Consumer,US,65-74,1
DRG002,Loretinib,Oncology,2024-Q1,Anemia,False,Serious,Physician,US,65-74,1
DRG002,Loretinib,Oncology,2024-Q1,Fatigue,False,Serious,Other,US,75+,1
DRG002,Loretinib,Oncology,2024-Q1,Vomiting,False,Serious,Physician,JP,18-44,1
DRG002,Loretinib,Oncology,2024-Q1,Alopecia,False,Critical,Pharmacist,CA,18-44,1
DRG002,Loretinib,Oncology,2024-Q1,Vomiting,False,Mild,Pharmacist,US,45-64,1
DRG002,Loretinib,Oncology,2024-Q1,Vomiting,False,Moderate,Consumer,JP,65-74,1
DRG002,Loretinib,Oncology,2024-Q1,Nausea,False,Mild,Pharmacist,JP,65-74,1
DRG002,Loretinib,Oncology,2024-Q1,Neutropenia,False,Mild,Physician,FR,18-44,1
DRG002,Loretinib,Oncology,2024-Q1,Thrombocytopenia,False,Mild,Consumer,US,45-64,1
DRG002,Loretinib,Oncology,2024-Q1,Vomiting,False,Serious,Physician,US,45-64,1
DRG002,Loretinib,Oncology,2024-Q1,Vomiting,False,Critical,Consumer,US,45-64,1
DRG002,Loretinib,Oncology,2024-Q1,Alopecia,False,Critical,Other,FR,45-64,1
DRG002,Loretinib,Oncology,2024-Q1,Alopecia,False,Serious,Physician,CA,75+,1
DRG002,Loretinib,Oncology,2024-Q1,Fatigue,False,Moderate,Physician,US,45-64,1
DRG002,Loretinib,Oncology,2024-Q1,Anemia,False,Mild,Physician,JP,45-64,1
DRG002,Loretinib,Oncology,2024-Q1,Vomiting,False,Mild,Physician,CA,65-74,1
DRG002,Loretinib,Oncology,2024-Q1,Anemia,False,Critical,Physician,US,18-44,1
DRG002,Loretinib,Oncology,2024-Q1,Neutropenia,False,Serious,Other,US,65-74,1
DRG002,Loretinib,Oncology,2024-Q1,Fatigue,False,Mild,Physician,GB,65-74,1
DRG002,Loretinib,Oncology,2024-Q1,Anemia,False,Mild,Consumer,DE,65-74,1
DRG002,Loretinib,Oncology,2024-Q1,Anemia,False,Mild,Consumer,US,65-74,1
DRG002,Loretinib,Oncology,2024-Q1,Vomiting,False,Critical,Physician,DE,65-74,1
DRG002,Loretinib,Oncology,2024-Q1,Anemia,False,Moderate,Consumer,GB,65-74,1
DRG002,Loretinib,Oncology,2024-Q1,Nausea,False,Mild,Physician,GB,18-44,1
DRG002,Loretinib,Oncology,2024-Q1,Fatigue,False,Serious,Consumer,FR,18-44,1
DRG002,Loretinib,Oncology,2024-Q1,Vomiting,False,Mild,Physician,DE,45-64,1
DRG002,Loretinib,Oncology,2024-Q1,Fatigue,False,Critical,Pharmacist,US,45-64,1
DRG002,Loretinib,Oncology,2024-Q1,Thrombocytopenia,False,Critical,Other,US,45-64,1
DRG002,Loretinib,Oncology,2024-Q1,Anemia,False,Moderate,Physician,US,45-64,1
DRG002,Loretinib,Oncology,2024-Q1,Neutropenia,False,Critical,Consumer,JP,18-44,1
DRG002,Loretinib,Oncology,2024-Q1,Thrombocytopenia,False,Mild,Other,FR,18-44,1
DRG002,Loretinib,Oncology,2024-Q1,Anemia,False,Mild,Physician,US,75+,1
DRG002,Loretinib,Oncology,2024-Q1,Anemia,False,Moderate,Pharmacist,US,65-74,1
DRG002,Loretinib,Oncology,2024-Q1,Alopecia,False,Mild,Consumer,US,75+,1
DRG002,Loretinib,Oncology,2024-Q1,Neutropenia,False,Moderate,Physician,US,45-64,1
DRG002,Loretinib,Oncology,2024-Q1,Fatigue,False,Moderate,Pharmacist,US,45-64,1
DRG002,Loretinib,Oncology,2024-Q1,Thrombocytopenia,False,Moderate,Pharmacist,DE,18-44,1
DRG002,Loretinib,Oncology,2024-Q1,Thrombocytopenia,False,Mild,Physician,JP,65-74,1
DRG002,Loretinib,Oncology,2024-Q1,Neutropenia,False,Moderate,Pharmacist,CA,65-74,1
DRG002,Loretinib,Oncology,2024-Q1,Nausea,False,Moderate,Consumer,DE,65-74,1
DRG002,Loretinib,Oncology,2024-Q1,Fatigue,False,Mild,Pharmacist,FR,65-74,1
DRG002,Loretinib,Oncology,2024-Q1,Vomiting,False,Moderate,Physician,US,75+,1
DRG002,Loretinib,Oncology,2024-Q1,Neutropenia,False,Mild,Pharmacist,JP,65-74,1
DRG002,Loretinib,Oncology,2024-Q1,Alopecia,False,Serious,Pharmacist,US,45-64,1
DRG002,Loretinib,Oncology,2024-Q1,Anemia,False,Serious,Physician,US,75+,1
DRG002,Loretinib,Oncology,2024-Q1,Alopecia,False,Mild,Physician,US,45-64,1
DRG002,Loretinib,Oncology,2024-Q1,Anemia,False,Moderate,Physician,GB,18-44,1
DRG002,Loretinib,Oncology,2024-Q1,Vomiting,False,Mild,Other,JP,45-64,1
DRG002,Loretinib,Oncology,2024-Q1,Fatigue,False,Mild,Pharmacist,CA,45-64,1
DRG002,Loretinib,Oncology,2024-Q1,Vomiting,False,Mild,Consumer,GB,65-74,1
DRG002,Loretinib,Oncology,2024-Q1,Thrombocytopenia,False,Mild,Physician,US,45-64,1
DRG002,Loretinib,Oncology,2024-Q1,Alopecia,False,Mild,Consumer,JP,75+,1
DRG002,Loretinib,Oncology,2024-Q1,Neutropenia,False,Moderate,Consumer,US,45-64,1
DRG002,Loretinib,Oncology,2024-Q1,Anemia,False,Mild,Other,US,75+,1
DRG002,Loretinib,Oncology,2024-Q1,Vomiting,False,Serious,Consumer,US,18-44,1
DRG002,Loretinib,Oncology,2024-Q1,Vomiting,False,Moderate,Physician,JP,18-44,1
DRG002,Loretinib,Oncology,2024-Q1,Alopecia,False,Serious,Consumer,FR,18-44,1
DRG002,Loretinib,Oncology,2024-Q1,Neutropenia,False,Mild,Physician,FR,45-64,1
DRG002,Loretinib,Oncology,2024-Q1,Fatigue,False,Moderate,Pharmacist,US,18-44,1
DRG002,Loretinib,Oncology,2024-Q1,Anemia,False,Serious,Pharmacist,US,45-64,1
DRG002,Loretinib,Oncology,2024-Q1,Thrombocytopenia,False,Moderate,Pharmacist,CA,18-44,1
DRG002,Loretinib,Oncology,2024-Q1,Nausea,False,Critical,Physician,US,45-64,1
DRG002,Loretinib,Oncology,2024-Q1,Fatigue,False,Mild,Physician,GB,45-64,1
DRG002,Loretinib,Oncology,2024-Q1,Nausea,False,Mild,Pharmacist,US,75+,1
DRG002,Loretinib,Oncology,2024-Q1,Nausea,False,Mild,Other,DE,45-64,1
DRG002,Loretinib,Oncology,2024-Q1,Anemia,False,Critical,Physician,JP,45-64,1
DRG002,Loretinib,Oncology,2024-Q1,Neutropenia,False,Mild,Other,US,65-74,1
DRG002,Loretinib,Oncology,2024-Q1,Nausea,False,Moderate,Other,US,65-74,1
DRG002,Loretinib,Oncology,2024-Q1,Thrombocytopenia,False,Mild,Other,JP,65-74,1
DRG002,Loretinib,Oncology,2024-Q1,Nausea,False,Critical,Physician,US,65-74,1
DRG002,Loretinib,Oncology,2024-Q1,Vomiting,False,Mild,Consumer,DE,45-64,1
DRG002,Loretinib,Oncology,2024-Q1,Vomiting,False,Serious,Other,DE,45-64,1
DRG002,Loretinib,Oncology,2024-Q1,Alopecia,False,Mild,Other,DE,65-74,1
DRG002,Loretinib,Oncology,2024-Q1,Vomiting,False,Serious,Physician,US,65-74,1
DRG002,Loretinib,Oncology,2024-Q1,Thrombocytopenia,False,Moderate,Physician,US,18-44,1
DRG002,Loretinib,Oncology,2024-Q1,Vomiting,False,Serious,Physician,CA,18-44,1
DRG002,Loretinib,Oncology,2024-Q1,Alopecia,False,Mild,Pharmacist,DE,45-64,1
DRG002,Loretinib,Oncology,2024-Q1,Fatigue,False,Serious,Consumer,US,75+,1
DRG002,Loretinib,Oncology,2024-Q1,Nausea,False,Moderate,Consumer,JP,75+,1
DRG002,Loretinib,Oncology,2024-Q1,Anemia,False,Moderate,Physician,CA,45-64,1
DRG002,Loretinib,Oncology,2024-Q1,Anemia,False,Mild,Consumer,CA,45-64,1
DRG002,Loretinib,Oncology,2024-Q1,Thrombocytopenia,False,Mild,Physician,US,65-74,1
DRG002,Loretinib,Oncology,2024-Q1,Alopecia,False,Critical,Other,US,65-74,1
DRG002,Loretinib,Oncology,2024-Q1,Nausea,False,Moderate,Physician,CA,45-64,1
DRG002,Loretinib,Oncology,2024-Q1,Neutropenia,False,Moderate,Pharmacist,US,45-64,1
DRG002,Loretinib,Oncology,2024-Q1,Thrombocytopenia,False,Moderate,Consumer,GB,45-64,1
DRG002,Loretinib,Oncology,2024-Q1,Vomiting,False,Critical,Pharmacist,CA,45-64,1
DRG002,Loretinib,Oncology,2024-Q1,Nausea,False,Moderate,Other,CA,65-74,1
DRG002,Loretinib,Oncology,2024-Q1,Vomiting,False,Moderate,Other,US,45-64,1
DRG002,Loretinib,Oncology,2024-Q1,Alopecia,False,Critical,Other,US,45-64,1
DRG002,Loretinib,Oncology,2024-Q1,Vomiting,False,Mild,Physician,US,65-74,1
DRG002,Loretinib,Oncology,2024-Q1,Vomiting,False,Mild,Other,US,65-74,1
DRG002,Loretinib,Oncology,2024-Q1,Fatigue,False,Serious,Physician,DE,65-74,1
DRG002,Loretinib,Oncology,2024-Q1,Alopecia,False,Serious,Physician,US,45-64,1
DRG002,Loretinib,Oncology,2024-Q1,Anemia,False,Serious,Physician,CA,75+,1
DRG002,Loretinib,Oncology,2024-Q1,Anemia,False,Moderate,Physician,FR,65-74,1
DRG002,Loretinib,Oncology,2024-Q1,Nausea,False,Moderate,Consumer,FR,65-74,1
DRG002,Loretinib,Oncology,2024-Q1,Thrombocytopenia,False,Serious,Physician,CA,65-74,1
DRG002,Loretinib,Oncology,2024-Q1,Anemia,False,Moderate,Pharmacist,US,45-64,1
DRG002,Loretinib,Oncology,2024-Q1,Neutropenia,False,Mild,Consumer,CA,45-64,1
DRG002,Loretinib,Oncology,2024-Q1,Anemia,False,Moderate,Consumer,US,45-64,1
DRG002,Loretinib,Oncology,2024-Q1,Anemia,False,Moderate,Pharmacist,GB,75+,1
DRG002,Loretinib,Oncology,2024-Q1,Alopecia,False,Mild,Consumer,US,18-44,1
DRG002,Loretinib,Oncology,2024-Q1,Vomiting,False,Moderate,Pharmacist,US,45-64,1
DRG002,Loretinib,Oncology,2024-Q1,Anemia,False,Serious,Physician,DE,18-44,1
DRG002,Loretinib,Oncology,2024-Q1,Thrombocytopenia,False,Moderate,Physician,US,65-74,1
DRG002,Loretinib,Oncology,2024-Q1,Anemia,False,Moderate,Consumer,US,75+,1
DRG002,Loretinib,Oncology,2024-Q1,Fatigue,False,Mild,Physician,US,45-64,1
DRG002,Loretinib,Oncology,2024-Q1,Anemia,False,Mild,Consumer,JP,65-74,1
DRG002,Loretinib,Oncology,2024-Q1,Fatigue,False,Mild,Pharmacist,JP,45-64,1
DRG002,Loretinib,Oncology,2024-Q1,Fatigue,False,Critical,Physician,US,65-74,1
DRG002,Loretinib,Oncology,2024-Q1,Anemia,False,Moderate,Other,JP,65-74,1
DRG002,Loretinib,Oncology,2024-Q1,Alopecia,False,Serious,Consumer,US,65-74,1
DRG002,Loretinib,Oncology,2024-Q1,Fatigue,False,Mild,Consumer,US,65-74,1
DRG002,Loretinib,Oncology,2024-Q1,Nausea,False,Critical,Consumer,GB,18-44,1
DRG002,Loretinib,Oncology,2024-Q1,Thrombocytopenia,False,Moderate,Other,FR,65-74,1
DRG002,Loretinib,Oncology,2024-Q1,Vomiting,False,Critical,Other,US,75+,1
DRG002,Loretinib,Oncology,2024-Q1,Neutropenia,False,Moderate,Physician,JP,65-74,1
DRG002,Loretinib,Oncology,2024-Q1,Vomiting,False,Serious,Consumer,US,45-64,1
DRG002,Loretinib,Oncology,2024-Q1,Neutropenia,False,Moderate,Physician,US,18-44,1
DRG002,Loretinib,Oncology,2024-Q1,Anemia,False,Critical,Physician,US,75+,1
DRG002,Loretinib,Oncology,2024-Q1,Anemia,False,Mild,Consumer,US,75+,1
DRG002,Loretinib,Oncology,2024-Q1,Anemia,False,Serious,Consumer,CA,75+,1
DRG002,Loretinib,Oncology,2024-Q1,Fatigue,False,Mild,Other,DE,18-44,1
DRG002,Loretinib,Oncology,2024-Q1,Thrombocytopenia,False,Critical,Physician,US,65-74,1
DRG002,Loretinib,Oncology,2024-Q1,Vomiting,False,Critical,Pharmacist,GB,75+,1
DRG002,Loretinib,Oncology,2024-Q1,Vomiting,False,Moderate,Consumer,US,45-64,1
DRG002,Loretinib,Oncology,2024-Q1,Nausea,False,Serious,Physician,CA,45-64,1
DRG002,Loretinib,Oncology,2024-Q1,Vomiting,False,Mild,Consumer,US,18-44,1
DRG002,Loretinib,Oncology,2024-Q1,Fatigue,False,Serious,Physician,CA,18-44,1
DRG002,Loretinib,Oncology,2024-Q1,Neutropenia,False,Mild,Pharmacist,GB,65-74,1
DRG002,Loretinib,Oncology,2024-Q1,Alopecia,False,Moderate,Pharmacist,US,45-64,1
DRG002,Loretinib,Oncology,2024-Q1,Nausea,False,Serious,Other,CA,18-44,1
DRG002,Loretinib,Oncology,2024-Q1,Anemia,False,Mild,Physician,CA,45-64,1
DRG002,Loretinib,Oncology,2024-Q1,Nausea,False,Moderate,Consumer,JP,65-74,1
DRG002,Loretinib,Oncology,2024-Q1,Thrombocytopenia,False,Mild,Consumer,US,65-74,1
DRG002,Loretinib,Oncology,2024-Q1,Nausea,False,Mild,Physician,US,65-74,1
DRG002,Loretinib,Oncology,2024-Q1,Thrombocytopenia,False,Mild,Consumer,CA,45-64,1
DRG002,Loretinib,Oncology,2024-Q1,Thrombocytopenia,False,Moderate,Physician,DE,45-64,1
DRG002,Loretinib,Oncology,2024-Q1,Nausea,False,Serious,Other,US,18-44,1
DRG002,Loretinib,Oncology,2024-Q1,Anemia,False,Serious,Consumer,US,65-74,1
DRG002,Loretinib,Oncology,2024-Q1,Thrombocytopenia,False,Moderate,Consumer,US,45-64,1
DRG002,Loretinib,Oncology,2024-Q1,Anemia,False,Moderate,Other,US,45-64,1
DRG002,Loretinib,Oncology,2024-Q1,Anemia,False,Serious,Physician,US,18-44,1
DRG002,Loretinib,Oncology,2024-Q1,Fatigue,False,Mild,Physician,US,65-74,1
DRG002,Loretinib,Oncology,2024-Q1,Neutropenia,False,Mild,Physician,CA,45-64,1
DRG002,Loretinib,Oncology,2024-Q1,Nausea,False,Moderate,Physician,DE,75+,1
DRG002,Loretinib,Oncology,2024-Q1,Neutropenia,False,Moderate,Other,US,45-64,1
DRG002,Loretinib,Oncology,2024-Q1,Alopecia,False,Mild,Other,US,75+,1
DRG002,Loretinib,Oncology,2024-Q1,Neutropenia,False,Mild,Physician,US,45-64,1
DRG002,Loretinib,Oncology,2024-Q1,Anemia,False,Mild,Physician,DE,65-74,1
DRG002,Loretinib,Oncology,2024-Q1,Nausea,False,Mild,Consumer,CA,45-64,1
DRG002,Loretinib,Oncology,2024-Q1,Fatigue,False,Mild,Physician,FR,45-64,1
DRG002,Loretinib,Oncology,2024-Q1,Thrombocytopenia,False,Moderate,Consumer,JP,65-74,1
DRG002,Loretinib,Oncology,2024-Q1,Alopecia,False,Critical,Physician,DE,45-64,1
DRG002,Loretinib,Oncology,2024-Q1,Alopecia,False,Serious,Pharmacist,US,65-74,1
DRG002,Loretinib,Oncology,2024-Q1,Thrombocytopenia,False,Moderate,Pharmacist,US,65-74,1
DRG002,Loretinib,Oncology,2024-Q1,Thrombocytopenia,False,Serious,Pharmacist,FR,45-64,1
DRG002,Loretinib,Oncology,2024-Q1,Thrombocytopenia,False,Mild,Consumer,JP,65-74,1
DRG002,Loretinib,Oncology,2024-Q1,Thrombocytopenia,False,Moderate,Consumer,FR,65-74,1
DRG002,Loretinib,Oncology,2024-Q1,Fatigue,False,Mild,Other,JP,45-64,1
DRG002,Loretinib,Oncology,2024-Q1,Thrombocytopenia,False,Mild,Physician,DE,45-64,1
DRG002,Loretinib,Oncology,2024-Q1,Thrombocytopenia,False,Mild,Pharmacist,US,45-64,1
DRG002,Loretinib,Oncology,2024-Q1,Alopecia,False,Moderate,Pharmacist,DE,75+,1
DRG002,Loretinib,Oncology,2024-Q1,Thrombocytopenia,False,Mild,Physician,US,18-44,1
DRG002,Loretinib,Oncology,2024-Q1,Alopecia,False,Mild,Pharmacist,US,65-74,1
DRG002,Loretinib,Oncology,2024-Q1,Vomiting,False,Mild,Physician,JP,45-64,1
DRG002,Loretinib,Oncology,2024-Q1,Alopecia,False,Moderate,Pharmacist,US,65-74,1
DRG002,Loretinib,Oncology,2024-Q1,Nausea,False,Critical,Consumer,US,45-64,1
DRG002,Loretinib,Oncology,2024-Q1,Fatigue,False,Critical,Consumer,US,75+,1
DRG002,Loretinib,Oncology,2024-Q1,Fatigue,False,Serious,Physician,CA,65-74,1
DRG002,Loretinib,Oncology,2024-Q1,Nausea,False,Mild,Physician,GB,65-74,1
DRG002,Loretinib,Oncology,2024-Q1,Anemia,False,Moderate,Pharmacist,DE,65-74,1
DRG002,Loretinib,Oncology,2024-Q1,Nausea,False,Mild,Pharmacist,CA,45-64,1
DRG002,Loretinib,Oncology,2024-Q1,Thrombocytopenia,False,Serious,Physician,JP,75+,1
DRG002,Loretinib,Oncology,2024-Q1,Anemia,False,Mild,Consumer,GB,45-64,1
DRG002,Loretinib,Oncology,2024-Q1,Neutropenia,False,Mild,Other,US,45-64,1
DRG002,Loretinib,Oncology,2024-Q1,Alopecia,False,Critical,Physician,GB,65-74,1
DRG003,Daxolimab,Oncology,2023-Q2,Neutropenia,False,Mild,Consumer,US,45-64,3
DRG003,Daxolimab,Oncology,2023-Q2,Neutropenia,False,Mild,Other,US,18-44,3
DRG003,Daxolimab,Oncology,2023-Q2,Anemia,False,Mild,Consumer,US,65-74,3
DRG003,Daxolimab,Oncology,2023-Q2,Alopecia,False,Mild,Consumer,US,65-74,3
DRG003,Daxolimab,Oncology,2023-Q2,Anemia,False,Mild,Physician,US,75+,3
DRG003,Daxolimab,Oncology,2023-Q2,Neutropenia,False,Mild,Physician,US,45-64,3
DRG003,Daxolimab,Oncology,2023-Q2,Fatigue,False,Mild,Consumer,US,45-64,3
DRG003,Daxolimab,Oncology,2023-Q2,Alopecia,False,Moderate,Consumer,US,65-74,3
DRG003,Daxolimab,Oncology,2023-Q2,Neutropenia,False,Moderate,Physician,US,45-64,3
DRG003,Daxolimab,Oncology,2023-Q2,Thrombocytopenia,False,Moderate,Other,US,45-64,2
DRG003,Daxolimab,Oncology,2023-Q2,Vomiting,False,Moderate,Consumer,FR,18-44,2
DRG003,Daxolimab,Oncology,2023-Q2,Vomiting,False,Moderate,Pharmacist,US,65-74,2
DRG003,Daxolimab,Oncology,2023-Q2,Alopecia,False,Serious,Physician,US,65-74,2
DRG003,Daxolimab,Oncology,2023-Q2,Alopecia,False,Mild,Consumer,FR,45-64,2
DRG003,Daxolimab,Oncology,2023-Q2,Anemia,False,Mild,Pharmacist,US,45-64,2
DRG003,Daxolimab,Oncology,2023-Q2,Vomiting,False,Moderate,Consumer,US,45-64,2
DRG003,Daxolimab,Oncology,2023-Q2,Neutropenia,False,Critical,Physician,US,45-64,2
DRG003,Daxolimab,Oncology,2023-Q2,Thrombocytopenia,False,Mild,Consumer,FR,75+,2
DRG003,Daxolimab,Oncology,2023-Q2,Thrombocytopenia,False,Mild,Physician,JP,45-64,2
DRG003,Daxolimab,Oncology,2023-Q2,Nausea,False,Moderate,Physician,US,65-74,2
DRG003,Daxolimab,Oncology,2023-Q2,Thrombocytopenia,False,Mild,Consumer,US,45-64,2
DRG003,Daxolimab,Oncology,2023-Q2,Nausea,False,Mild,Physician,US,45-64,2
DRG003,Daxolimab,Oncology,2023-Q2,Vomiting,False,Mild,Consumer,US,75+,2
DRG003,Daxolimab,Oncology,2023-Q2,Thrombocytopenia,False,Mild,Physician,US,75+,2
DRG003,Daxolimab,Oncology,2023-Q2,Vomiting,False,Moderate,Pharmacist,JP,65-74,2
DRG003,Daxolimab,Oncology,2023-Q2,Anemia,False,Mild,Physician,US,65-74,2
DRG003,Daxolimab,Oncology,2023-Q2,Alopecia,False,Mild,Pharmacist,US,45-64,2
DRG003,Daxolimab,Oncology,2023-Q2,Vomiting,False,Critical,Consumer,US,75+,2
DRG003,Daxolimab,Oncology,2023-Q2,Vomiting,False,Moderate,Physician,US,45-64,2
DRG003,Daxolimab,Oncology,2023-Q2,Nausea,False,Mild,Pharmacist,US,65-74,1
DRG003,Daxolimab,Oncology,2023-Q2,Thrombocytopenia,False,Serious,Consumer,US,75+,1
DRG003,Daxolimab,Oncology,2023-Q2,Anemia,False,Moderate,Consumer,FR,45-64,1
DRG003,Daxolimab,Oncology,2023-Q2,Alopecia,False,Mild,Other,US,65-74,1
DRG003,Daxolimab,Oncology,2023-Q2,Nausea,False,Moderate,Consumer,DE,45-64,1
DRG003,Daxolimab,Oncology,2023-Q2,Anemia,False,Mild,Other,US,18-44,1
DRG003,Daxolimab,Oncology,2023-Q2,Neutropenia,False,Serious,Pharmacist,DE,45-64,1
DRG003,Daxolimab,Oncology,2023-Q2,Neutropenia,False,Serious,Other,US,18-44,1
DRG003,Daxolimab,Oncology,2023-Q2,Vomiting,False,Critical,Pharmacist,GB,18-44,1
DRG003,Daxolimab,Oncology,2023-Q2,Thrombocytopenia,False,Moderate,Pharmacist,DE,45-64,1
DRG003,Daxolimab,Oncology,2023-Q2,Fatigue,False,Mild,Physician,US,45-64,1
DRG003,Daxolimab,Oncology,2023-Q2,Thrombocytopenia,False,Mild,Other,US,65-74,1
DRG003,Daxolimab,Oncology,2023-Q2,Neutropenia,False,Mild,Physician,GB,18-44,1
DRG003,Daxolimab,Oncology,2023-Q2,Nausea,False,Mild,Pharmacist,DE,65-74,1
DRG003,Daxolimab,Oncology,2023-Q2,Nausea,False,Critical,Consumer,US,45-64,1
DRG003,Daxolimab,Oncology,2023-Q2,Neutropenia,False,Mild,Consumer,JP,18-44,1
DRG003,Daxolimab,Oncology,2023-Q2,Neutropenia,False,Mild,Physician,US,18-44,1
DRG003,Daxolimab,Oncology,2023-Q2,Thrombocytopenia,False,Serious,Physician,US,75+,1
DRG003,Daxolimab,Oncology,2023-Q2,Neutropenia,False,Moderate,Pharmacist,US,65-74,1
DRG003,Daxolimab,Oncology,2023-Q2,Nausea,False,Serious,Physician,US,45-64,1
DRG003,Daxolimab,Oncology,2023-Q2,Fatigue,False,Mild,Pharmacist,DE,65-74,1
DRG003,Daxolimab,Oncology,2023-Q2,Vomiting,False,Mild,Consumer,GB,45-64,1
DRG003,Daxolimab,Oncology,2023-Q2,Nausea,False,Critical,Other,US,45-64,1
DRG003,Daxolimab,Oncology,2023-Q2,Alopecia,False,Serious,Physician,FR,18-44,1
DRG003,Daxolimab,Oncology,2023-Q2,Nausea,False,Mild,Other,US,65-74,1
DRG003,Daxolimab,Oncology,2023-Q2,Vomiting,False,Moderate,Physician,DE,65-74,1
DRG003,Daxolimab,Oncology,2023-Q2,Nausea,False,Serious,Physician,JP,18-44,1
DRG003,Daxolimab,Oncology,2023-Q2,Thrombocytopenia,False,Mild,Other,DE,45-64,1
DRG003,Daxolimab,Oncology,2023-Q2,Neutropenia,False,Serious,Consumer,GB,18-44,1
DRG003,Daxolimab,Oncology,2023-Q2,Alopecia,False,Moderate,Physician,US,65-74,1
DRG003,Daxolimab,Oncology,2023-Q2,Vomiting,False,Serious,Other,US,45-64,1
DRG003,Daxolimab,Oncology,2023-Q2,Vomiting,False,Critical,Pharmacist,US,18-44,1
DRG003,Daxolimab,Oncology,2023-Q2,Fatigue,False,Moderate,Consumer,GB,45-64,1
DRG003,Daxolimab,Oncology,2023-Q2,Nausea,False,Mild,Other,US,75+,1
DRG003,Daxolimab,Oncology,2023-Q2,Alopecia,False,Critical,Consumer,GB,65-74,1
DRG003,Daxolimab,Oncology,2023-Q2,Nausea,False,Moderate,Physician,CA,18-44,1
DRG003,Daxolimab,Oncology,2023-Q2,Anemia,False,Moderate,Pharmacist,CA,65-74,1
DRG003,Daxolimab,Oncology,2023-Q2,Neutropenia,False,Serious,Physician,US,65-74,1
DRG003,Daxolimab,Oncology,2023-Q2,Neutropenia,False,Moderate,Consumer,JP,75+,1
DRG003,Daxolimab,Oncology,2023-Q2,Nausea,False,Serious,Pharmacist,CA,18-44,1
DRG003,Daxolimab,Oncology,2023-Q2,Thrombocytopenia,False,Mild,Physician,US,45-64,1
DRG003,Daxolimab,Oncology,2023-Q2,Fatigue,False,Serious,Pharmacist,DE,18-44,1
DRG003,Daxolimab,Oncology,2023-Q2,Vomiting,False,Mild,Physician,FR,65-74,1
DRG003,Daxolimab,Oncology,2023-Q2,Anemia,False,Serious,Physician,US,75+,1
DRG003,Daxolimab,Oncology,2023-Q2,Anemia,False,Moderate,Other,US,18-44,1
DRG003,Daxolimab,Oncology,2023-Q2,Fatigue,False,Mild,Physician,JP,65-74,1
DRG003,Daxolimab,Oncology,2023-Q2,Vomiting,False,Mild,Consumer,US,65-74,1
DRG003,Daxolimab,Oncology,2023-Q2,Neutropenia,False,Serious,Consumer,GB,45-64,1
DRG003,Daxolimab,Oncology,2023-Q2,Anemia,False,Mild,Pharmacist,JP,18-44,1
DRG003,Daxolimab,Oncology,2023-Q2,Anemia,False,Mild,Physician,JP,75+,1
DRG003,Daxolimab,Oncology,2023-Q2,Fatigue,False,Moderate,Consumer,US,65-74,1
DRG003,Daxolimab,Oncology,2023-Q2,Anemia,False,Moderate,Consumer,DE,65-74,1
DRG003,Daxolimab,Oncology,2023-Q2,Alopecia,False,Mild,Physician,US,45-64,1
DRG003,Daxolimab,Oncology,2023-Q2,Neutropenia,False,Mild,Other,CA,65-74,1
DRG003,Daxolimab,Oncology,2023-Q2,Thrombocytopenia,False,Critical,Physician,CA,45-64,1
DRG003,Daxolimab,Oncology,2023-Q2,Neutropenia,False,Critical,Physician,DE,45-64,1
DRG003,Daxolimab,Oncology,2023-Q2,Neutropenia,False,Mild,Pharmacist,US,65-74,1
DRG003,Daxolimab,Oncology,2023-Q2,Vomiting,False,Critical,Pharmacist,JP,75+,1
DRG003,Daxolimab,Oncology,2023-Q2,Neutropenia,False,Serious,Physician,US,18-44,1
DRG003,Daxolimab,Oncology,2023-Q2,Alopecia,False,Critical,Consumer,JP,45-64,1
DRG003,Daxolimab,Oncology,2023-Q2,Fatigue,False,Mild,Physician,DE,65-74,1
DRG003,Daxolimab,Oncology,2023-Q2,Alopecia,False,Moderate,Consumer,JP,45-64,1
DRG003,Daxolimab,Oncology,2023-Q2,Vomiting,False,Moderate,Pharmacist,US,45-64,1
DRG003,Daxolimab,Oncology,2023-Q2,Anemia,False,Mild,Physician,DE,18-44,1
DRG003,Daxolimab,Oncology,2023-Q2,Thrombocytopenia,False,Mild,Consumer,US,18-44,1
DRG003,Daxolimab,Oncology,2023-Q2,Anemia,False,Mild,Consumer,US,75+,1
DRG003,Daxolimab,Oncology,2023-Q2,Fatigue,False,Moderate,Physician,CA,18-44,1
DRG003,Daxolimab,Oncology,2023-Q2,Anemia,False,Serious,Physician,US,65-74,1
DRG003,Daxolimab,Oncology,2023-Q2,Neutropenia,False,Moderate,Physician,US,65-74,1
DRG003,Daxolimab,Oncology,2023-Q2,Alopecia,False,Serious,Physician,US,45-64,1
DRG003,Daxolimab,Oncology,2023-Q2,Vomiting,False,Mild,Other,DE,75+,1
DRG003,Daxolimab,Oncology,2023-Q2,Nausea,False,Mild,Consumer,JP,75+,1
DRG003,Daxolimab,Oncology,2023-Q2,Nausea,False,Moderate,Consumer,US,65-74,1
DRG003,Daxolimab,Oncology,2023-Q2,Fatigue,False,Serious,Physician,DE,45-64,1
DRG003,Daxolimab,Oncology,2023-Q2,Neutropenia,False,Moderate,Physician,US,75+,1
DRG003,Daxolimab,Oncology,2023-Q2,Neutropenia,False,Mild,Consumer,DE,45-64,1
DRG003,Daxolimab,Oncology,2023-Q2,Neutropenia,False,Serious,Physician,US,45-64,1
DRG003,Daxolimab,Oncology,2023-Q2,Thrombocytopenia,False,Serious,Consumer,US,18-44,1
DRG003,Daxolimab,Oncology,2023-Q2,Nausea,False,Critical,Consumer,GB,45-64,1
DRG003,Daxolimab,Oncology,2023-Q2,Nausea,False,Moderate,Consumer,GB,45-64,1
DRG003,Daxolimab,Oncology,2023-Q2,Vomiting,False,Moderate,Physician,CA,18-44,1
DRG003,Daxolimab,Oncology,2023-Q2,Alopecia,False,Moderate,Physician,US,45-64,1
DRG003,Daxolimab,Oncology,2023-Q2,Nausea,False,Moderate,Physician,DE,18-44,1
DRG003,Daxolimab,Oncology,2023-Q2,Fatigue,False,Moderate,Pharmacist,DE,75+,1
DRG003,Daxolimab,Oncology,2023-Q2,Vomiting,False,Moderate,Physician,GB,65-74,1
DRG003,Daxolimab,Oncology,2023-Q2,Vomiting,False,Moderate,Consumer,JP,45-64,1
DRG003,Daxolimab,Oncology,2023-Q2,Fatigue,False,Mild,Other,FR,75+,1
DRG003,Daxolimab,Oncology,2023-Q2,Alopecia,False,Serious,Pharmacist,CA,18-44,1
DRG003,Daxolimab,Oncology,2023-Q2,Thrombocytopenia,False,Mild,Other,FR,45-64,1
DRG003,Daxolimab,Oncology,2023-Q2,Neutropenia,False,Mild,Other,FR,18-44,1
DRG003,Daxolimab,Oncology,2023-Q2,Vomiting,False,Mild,Other,US,18-44,1
DRG003,Daxolimab,Oncology,2023-Q2,Fatigue,False,Serious,Physician,FR,18-44,1
DRG003,Daxolimab,Oncology,2023-Q2,Fatigue,False,Serious,Consumer,US,45-64,1
DRG003,Daxolimab,Oncology,2023-Q2,Nausea,False,Mild,Physician,FR,45-64,1
DRG003,Daxolimab,Oncology,2023-Q2,Vomiting,False,Mild,Physician,CA,75+,1
DRG003,Daxolimab,Oncology,2023-Q2,Fatigue,False,Mild,Other,US,18-44,1
DRG003,Daxolimab,Oncology,2023-Q2,Anemia,False,Moderate,Physician,JP,65-74,1
DRG003,Daxolimab,Oncology,2023-Q2,Vomiting,False,Moderate,Pharmacist,FR,45-64,1
DRG003,Daxolimab,Oncology,2023-Q2,Fatigue,False,Mild,Physician,US,65-74,1
DRG003,Daxolimab,Oncology,2023-Q2,Thrombocytopenia,False,Critical,Consumer,US,65-74,1
DRG003,Daxolimab,Oncology,2023-Q2,Anemia,False,Mild,Physician,GB,65-74,1
DRG003,Daxolimab,Oncology,2023-Q2,Neutropenia,False,Serious,Physician,FR,65-74,1
DRG003,Daxolimab,Oncology,2023-Q2,Alopecia,False,Moderate,Other,FR,65-74,1
DRG003,Daxolimab,Oncology,2023-Q2,Thrombocytopenia,False,Critical,Physician,JP,45-64,1
DRG003,Daxolimab,Oncology,2023-Q2,Fatigue,False,Critical,Physician,DE,45-64,1
DRG003,Daxolimab,Oncology,2023-Q2,Alopecia,False,Moderate,Physician,DE,45-64,1
DRG003,Daxolimab,Oncology,2023-Q2,Neutropenia,False,Moderate,Consumer,US,65-74,1
DRG003,Daxolimab,Oncology,2023-Q2,Fatigue,False,Serious,Physician,GB,45-64,1
DRG003,Daxolimab,Oncology,2023-Q2,Thrombocytopenia,False,Mild,Pharmacist,FR,18-44,1
DRG003,Daxolimab,Oncology,2023-Q2,Thrombocytopenia,False,Serious,Physician,GB,75+,1
DRG003,Daxolimab,Oncology,2023-Q2,Thrombocytopenia,False,Moderate,Consumer,GB,65-74,1
DRG003,Daxolimab,Oncology,2023-Q2,Nausea,False,Mild,Physician,US,65-74,1
DRG003,Daxolimab,Oncology,2023-Q2,Thrombocytopenia,False,Critical,Physician,US,65-74,1
DRG003,Daxolimab,Oncology,2023-Q2,Neutropenia,False,Moderate,Pharmacist,US,75+,1
DRG003,Daxolimab,Oncology,2023-Q2,Nausea,False,Mild,Pharmacist,DE,18-44,1
DRG003,Daxolimab,Oncology,2023-Q2,Vomiting,False,Critical,Physician,GB,65-74,1
DRG003,Daxolimab,Oncology,2023-Q2,Neutropenia,False,Moderate,Physician,GB,45-64,1
DRG003,Daxolimab,Oncology,2023-Q2,Anemia,False,Mild,Consumer,US,45-64,1
DRG003,Daxolimab,Oncology,2023-Q2,Nausea,False,Moderate,Pharmacist,US,45-64,1
DRG003,Daxolimab,Oncology,2023-Q2,Thrombocytopenia,False,Mild,Pharmacist,GB,45-64,1
DRG003,Daxolimab,Oncology,2023-Q2,Neutropenia,False,Mild,Pharmacist,DE,18-44,1
DRG003,Daxolimab,Oncology,2023-Q2,Neutropenia,False,Serious,Physician,FR,45-64,1
DRG003,Daxolimab,Oncology,2023-Q2,Fatigue,False,Critical,Consumer,GB,75+,1
DRG003,Daxolimab,Oncology,2023-Q2,Alopecia,False,Serious,Physician,DE,45-64,1
DRG003,Daxolimab,Oncology,2023-Q2,Vomiting,False,Moderate,Consumer,US,65-74,1
DRG003,Daxolimab,Oncology,2023-Q2,Alopecia,False,Moderate,Consumer,DE,45-64,1
DRG003,Daxolimab,Oncology,2023-Q2,Anemia,False,Mild,Pharmacist,US,75+,1
DRG003,Daxolimab,Oncology,2023-Q2,Anemia,False,Moderate,Physician,US,45-64,1
DRG003,Daxolimab,Oncology,2023-Q2,Thrombocytopenia,False,Moderate,Consumer,US,65-74,1
DRG003,Daxolimab,Oncology,2023-Q2,Thrombocytopenia,False,Mild,Pharmacist,CA,65-74,1
DRG003,Daxolimab,Oncology,2023-Q2,Fatigue,False,Mild,Pharmacist,US,65-74,1
DRG003,Daxolimab,Oncology,2023-Q2,Neutropenia,False,Moderate,Physician,FR,45-64,1
DRG003,Daxolimab,Oncology,2023-Q2,Alopecia,False,Critical,Consumer,US,65-74,1
DRG003,Daxolimab,Oncology,2023-Q2,Neutropenia,False,Moderate,Physician,FR,18-44,1
DRG003,Daxolimab,Oncology,2023-Q2,Vomiting,False,Mild,Physician,US,18-44,1
DRG003,Daxolimab,Oncology,2023-Q2,Vomiting,False,Mild,Physician,US,45-64,1
DRG003,Daxolimab,Oncology,2023-Q2,Vomiting,False,Moderate,Consumer,DE,45-64,1
DRG003,Daxolimab,Oncology,2023-Q2,Neutropenia,False,Mild,Consumer,DE,75+,1
DRG003,Daxolimab,Oncology,2023-Q2,Fatigue,False,Mild,Pharmacist,US,75+,1
DRG003,Daxolimab,Oncology,2023-Q2,Anemia,False,Mild,Physician,DE,45-64,1
DRG003,Daxolimab,Oncology,2023-Q2,Nausea,False,Moderate,Pharmacist,US,65-74,1
DRG003,Daxolimab,Oncology,2023-Q2,Nausea,False,Mild,Consumer,DE,18-44,1
DRG003,Daxolimab,Oncology,2023-Q2,Anemia,False,Serious,Physician,DE,45-64,1
DRG003,Daxolimab,Oncology,2023-Q2,Thrombocytopenia,False,Serious,Consumer,CA,45-64,1
DRG003,Daxolimab,Oncology,2023-Q2,Fatigue,False,Serious,Physician,US,45-64,1
DRG003,Daxolimab,Oncology,2023-Q2,Neutropenia,False,Serious,Physician,GB,45-64,1
DRG003,Daxolimab,Oncology,2023-Q2,Alopecia,False,Mild,Pharmacist,US,65-74,1
DRG003,Daxolimab,Oncology,2023-Q2,Fatigue,False,Mild,Physician,GB,18-44,1
DRG003,Daxolimab,Oncology,2023-Q2,Thrombocytopenia,False,Moderate,Consumer,GB,18-44,1
DRG003,Daxolimab,Oncology,2023-Q2,Anemia,False,Moderate,Pharmacist,CA,45-64,1
DRG003,Daxolimab,Oncology,2023-Q2,Fatigue,False,Serious,Physician,US,75+,1
DRG003,Daxolimab,Oncology,2023-Q2,Fatigue,False,Mild,Consumer,US,65-74,1
DRG003,Daxolimab,Oncology,2023-Q2,Alopecia,False,Critical,Physician,US,75+,1
DRG003,Daxolimab,Oncology,2023-Q2,Neutropenia,False,Critical,Consumer,US,75+,1
DRG003,Daxolimab,Oncology,2023-Q2,Anemia,False,Mild,Other,DE,45-64,1
DRG003,Daxolimab,Oncology,2023-Q2,Neutropenia,False,Moderate,Pharmacist,CA,65-74,1
DRG003,Daxolimab,Oncology,2023-Q2,Anemia,False,Mild,Other,US,45-64,1
DRG003,Daxolimab,Oncology,2023-Q2,Vomiting,False,Mild,Physician,US,65-74,1
DRG003,Daxolimab,Oncology,2023-Q2,Nausea,False,Serious,Pharmacist,JP,18-44,1
DRG003,Daxolimab,Oncology,2023-Q2,Nausea,False,Moderate,Physician,GB,65-74,1
DRG003,Daxolimab,Oncology,2023-Q2,Neutropenia,False,Moderate,Physician,JP,45-64,1
DRG003,Daxolimab,Oncology,2023-Q2,Alopecia,False,Serious,Consumer,CA,65-74,1
DRG003,Daxolimab,Oncology,2023-Q2,Anemia,False,Serious,Consumer,US,45-64,1
DRG003,Daxolimab,Oncology,2023-Q2,Vomiting,False,Mild,Pharmacist,US,45-64,1
DRG003,Daxolimab,Oncology,2023-Q2,Fatigue,False,Moderate,Consumer,JP,45-64,1
DRG003,Daxolimab,Oncology,2023-Q2,Nausea,False,Critical,Pharmacist,US,75+,1
DRG003,Daxolimab,Oncology,2023-Q2,Thrombocytopenia,False,Mild,Physician,US,65-74,1
DRG003,Daxolimab,Oncology,2023-Q2,Fatigue,False,Critical,Physician,US,75+,1
DRG003,Daxolimab,Oncology,2023-Q2,Alopecia,False,Mild,Consumer,US,18-44,1
DRG003,Daxolimab,Oncology,2023-Q2,Fatigue,False,Mild,Other,US,65-74,1
DRG003,Daxolimab,Oncology,2023-Q2,Thrombocytopenia,False,Mild,Consumer,FR,45-64,1
DRG003,Daxolimab,Oncology,2023-Q2,Neutropenia,False,Serious,Consumer,FR,75+,1
DRG003,Daxolimab,Oncology,2023-Q2,Vomiting,False,Mild,Physician,US,75+,1
DRG003,Daxolimab,Oncology,2023-Q2,Alopecia,False,Critical,Pharmacist,US,18-44,1
DRG003,Daxolimab,Oncology,2023-Q3,Alopecia,False,Mild,Physician,US,45-64,4
DRG003,Daxolimab,Oncology,2023-Q3,Neutropenia,False,Mild,Pharmacist,US,65-74,4
DRG003,Daxolimab,Oncology,2023-Q3,Neutropenia,False,Mild,Physician,US,65-74,3
DRG003,Daxolimab,Oncology,2023-Q3,Thrombocytopenia,False,Mild,Physician,US,45-64,3
DRG003,Daxolimab,Oncology,2023-Q3,Fatigue,False,Mild,Physician,US,45-64,3
DRG003,Daxolimab,Oncology,2023-Q3,Nausea,False,Moderate,Physician,US,18-44,2
DRG003,Daxolimab,Oncology,2023-Q3,Anemia,False,Critical,Physician,US,45-64,2
DRG003,Daxolimab,Oncology,2023-Q3,Fatigue,False,Mild,Physician,US,65-74,2
DRG003,Daxolimab,Oncology,2023-Q3,Nausea,False,Moderate,Consumer,US,45-64,2
DRG003,Daxolimab,Oncology,2023-Q3,Alopecia,False,Moderate,Consumer,DE,45-64,2
DRG003,Daxolimab,Oncology,2023-Q3,Thrombocytopenia,False,Mild,Physician,US,65-74,2
DRG003,Daxolimab,Oncology,2023-Q3,Nausea,False,Mild,Pharmacist,US,65-74,2
DRG003,Daxolimab,Oncology,2023-Q3,Thrombocytopenia,False,Moderate,Physician,GB,18-44,2
DRG003,Daxolimab,Oncology,2023-Q3,Neutropenia,False,Mild,Other,US,45-64,2
DRG003,Daxolimab,Oncology,2023-Q3,Anemia,False,Moderate,Consumer,US,75+,2
DRG003,Daxolimab,Oncology,2023-Q3,Neutropenia,False,Moderate,Physician,US,45-64,2
DRG003,Daxolimab,Oncology,2023-Q3,Nausea,False,Moderate,Physician,US,45-64,2
DRG003,Daxolimab,Oncology,2023-Q3,Vomiting,False,Mild,Physician,US,18-44,2
DRG003,Daxolimab,Oncology,2023-Q3,Fatigue,False,Moderate,Physician,US,18-44,2
DRG003,Daxolimab,Oncology,2023-Q3,Anemia,False,Moderate,Other,US,45-64,2
DRG003,Daxolimab,Oncology,2023-Q3,Alopecia,False,Critical,Physician,US,65-74,2
DRG003,Daxolimab,Oncology,2023-Q3,Anemia,False,Mild,Consumer,US,65-74,2
DRG003,Daxolimab,Oncology,2023-Q3,Alopecia,False,Mild,Consumer,US,65-74,2
DRG003,Daxolimab,Oncology,2023-Q3,Vomiting,False,Moderate,Pharmacist,US,18-44,2
DRG003,Daxolimab,Oncology,2023-Q3,Vomiting,False,Mild,Physician,US,45-64,2
DRG003,Daxolimab,Oncology,2023-Q3,Thrombocytopenia,False,Mild,Pharmacist,US,65-74,1
DRG003,Daxolimab,Oncology,2023-Q3,Alopecia,False,Mild,Physician,GB,45-64,1
DRG003,Daxolimab,Oncology,2023-Q3,Neutropenia,False,Mild,Consumer,US,65-74,1
DRG003,Daxolimab,Oncology,2023-Q3,Neutropenia,False,Mild,Physician,JP,45-64,1
DRG003,Daxolimab,Oncology,2023-Q3,Vomiting,False,Moderate,Consumer,JP,65-74,1
DRG003,Daxolimab,Oncology,2023-Q3,Anemia,False,Mild,Physician,CA,65-74,1
DRG003,Daxolimab,Oncology,2023-Q3,Thrombocytopenia,False,Critical,Other,US,75+,1
DRG003,Daxolimab,Oncology,2023-Q3,Neutropenia,False,Critical,Other,CA,45-64,1
DRG003,Daxolimab,Oncology,2023-Q3,Anemia,False,Moderate,Other,DE,45-64,1
DRG003,Daxolimab,Oncology,2023-Q3,Vomiting,False,Serious,Physician,US,45-64,1
DRG003,Daxolimab,Oncology,2023-Q3,Nausea,False,Mild,Physician,US,45-64,1
DRG003,Daxolimab,Oncology,2023-Q3,Nausea,False,Mild,Physician,GB,65-74,1
DRG003,Daxolimab,Oncology,2023-Q3,Anemia,False,Moderate,Consumer,US,45-64,1
DRG003,Daxolimab,Oncology,2023-Q3,Nausea,False,Serious,Consumer,US,75+,1
DRG003,Daxolimab,Oncology,2023-Q3,Neutropenia,False,Mild,Consumer,FR,75+,1
DRG003,Daxolimab,Oncology,2023-Q3,Anemia,False,Mild,Consumer,US,45-64,1
DRG003,Daxolimab,Oncology,2023-Q3,Nausea,False,Moderate,Other,FR,65-74,1
DRG003,Daxolimab,Oncology,2023-Q3,Fatigue,False,Critical,Other,US,65-74,1
DRG003,Daxolimab,Oncology,2023-Q3,Thrombocytopenia,False,Mild,Other,GB,45-64,1
DRG003,Daxolimab,Oncology,2023-Q3,Neutropenia,False,Mild,Physician,US,75+,1
DRG003,Daxolimab,Oncology,2023-Q3,Alopecia,False,Serious,Physician,CA,65-74,1
DRG003,Daxolimab,Oncology,2023-Q3,Fatigue,False,Serious,Consumer,DE,45-64,1
DRG003,Daxolimab,Oncology,2023-Q3,Vomiting,False,Moderate,Consumer,CA,65-74,1
DRG003,Daxolimab,Oncology,2023-Q3,Vomiting,False,Serious,Physician,JP,45-64,1
DRG003,Daxolimab,Oncology,2023-Q3,Fatigue,False,Moderate,Pharmacist,JP,65-74,1
DRG003,Daxolimab,Oncology,2023-Q3,Vomiting,False,Mild,Pharmacist,JP,45-64,1
DRG003,Daxolimab,Oncology,2023-Q3,Vomiting,False,Moderate,Other,US,65-74,1
DRG003,Daxolimab,Oncology,2023-Q3,Vomiting,False,Mild,Pharmacist,US,45-64,1
DRG003,Daxolimab,Oncology,2023-Q3,Anemia,False,Mild,Physician,GB,18-44,1
DRG003,Daxolimab,Oncology,2023-Q3,Neutropenia,False,Mild,Consumer,FR,65-74,1
DRG003,Daxolimab,Oncology,2023-Q3,Anemia,False,Moderate,Physician,DE,45-64,1
DRG003,Daxolimab,Oncology,2023-Q3,Thrombocytopenia,False,Critical,Consumer,US,18-44,1
DRG003,Daxolimab,Oncology,2023-Q3,Alopecia,False,Mild,Physician,US,65-74,1
DRG003,Daxolimab,Oncology,2023-Q3,Neutropenia,False,Moderate,Consumer,US,65-74,1
DRG003,Daxolimab,Oncology,2023-Q3,Neutropenia,False,Moderate,Consumer,DE,45-64,1
DRG003,Daxolimab,Oncology,2023-Q3,Alopecia,False,Mild,Physician,US,18-44,1
DRG003,Daxolimab,Oncology,2023-Q3,Neutropenia,False,Mild,Consumer,US,75+,1
DRG003,Daxolimab,Oncology,2023-Q3,Fatigue,False,Mild,Consumer,US,65-74,1
DRG003,Daxolimab,Oncology,2023-Q3,Fatigue,False,Mild,Pharmacist,FR,45-64,1
DRG003,Daxolimab,Oncology,2023-Q3,Anemia,False,Mild,Physician,US,65-74,1
DRG003,Daxolimab,Oncology,2023-Q3,Thrombocytopenia,False,Serious,Consumer,DE,45-64,1
DRG003,Daxolimab,Oncology,2023-Q3,Vomiting,False,Moderate,Consumer,US,65-74,1
DRG003,Daxolimab,Oncology,2023-Q3,Fatigue,False,Moderate,Physician,US,75+,1
DRG003,Daxolimab,Oncology,2023-Q3,Fatigue,False,Moderate,Consumer,US,45-64,1
DRG003,Daxolimab,Oncology,2023-Q3,Vomiting,False,Critical,Consumer,DE,45-64,1
DRG003,Daxolimab,Oncology,2023-Q3,Alopecia,False,Serious,Consumer,US,45-64,1
DRG003,Daxolimab,Oncology,2023-Q3,Nausea,False,Critical,Pharmacist,US,45-64,1
DRG003,Daxolimab,Oncology,2023-Q3,Fatigue,False,Mild,Other,US,65-74,1
DRG003,Daxolimab,Oncology,2023-Q3,Anemia,False,Moderate,Physician,US,45-64,1
DRG003,Daxolimab,Oncology,2023-Q3,Vomiting,False,Mild,Other,US,18-44,1
DRG003,Daxolimab,Oncology,2023-Q3,Neutropenia,False,Mild,Pharmacist,US,45-64,1
DRG003,Daxolimab,Oncology,2023-Q3,Alopecia,False,Moderate,Physician,US,75+,1
DRG003,Daxolimab,Oncology,2023-Q3,Alopecia,False,Mild,Consumer,US,75+,1
DRG003,Daxolimab,Oncology,2023-Q3,Anemia,False,Critical,Pharmacist,US,45-64,1
DRG003,Daxolimab,Oncology,2023-Q3,Nausea,False,Mild,Other,CA,75+,1
DRG003,Daxolimab,Oncology,2023-Q3,Nausea,False,Mild,Physician,GB,75+,1
DRG003,Daxolimab,Oncology,2023-Q3,Nausea,False,Moderate,Physician,DE,45-64,1
DRG003,Daxolimab,Oncology,2023-Q3,Fatigue,False,Serious,Other,US,65-74,1
DRG003,Daxolimab,Oncology,2023-Q3,Vomiting,False,Mild,Consumer,US,18-44,1
DRG003,Daxolimab,Oncology,2023-Q3,Thrombocytopenia,False,Mild,Consumer,US,75+,1
DRG003,Daxolimab,Oncology,2023-Q3,Neutropenia,False,Serious,Other,JP,45-64,1
DRG003,Daxolimab,Oncology,2023-Q3,Anemia,False,Mild,Physician,US,45-64,1
DRG003,Daxolimab,Oncology,2023-Q3,Alopecia,False,Moderate,Consumer,US,65-74,1
DRG003,Daxolimab,Oncology,2023-Q3,Fatigue,False,Moderate,Physician,US,65-74,1
DRG003,Daxolimab,Oncology,2023-Q3,Fatigue,False,Serious,Physician,GB,65-74,1
DRG003,Daxolimab,Oncology,2023-Q3,Alopecia,False,Mild,Pharmacist,US,18-44,1
DRG003,Daxolimab,Oncology,2023-Q3,Nausea,False,Mild,Other,US,45-64,1
DRG003,Daxolimab,Oncology,2023-Q3,Anemia,False,Moderate,Physician,GB,18-44,1
DRG003,Daxolimab,Oncology,2023-Q3,Thrombocytopenia,False,Critical,Pharmacist,US,75+,1
DRG003,Daxolimab,Oncology,2023-Q3,Thrombocytopenia,False,Moderate,Physician,CA,65-74,1
DRG003,Daxolimab,Oncology,2023-Q3,Neutropenia,False,Moderate,Consumer,JP,45-64,1
DRG003,Daxolimab,Oncology,2023-Q3,Thrombocytopenia,False,Mild,Other,US,75+,1
DRG003,Daxolimab,Oncology,2023-Q3,Nausea,False,Serious,Physician,US,65-74,1
DRG003,Daxolimab,Oncology,2023-Q3,Vomiting,False,Moderate,Pharmacist,JP,65-74,1
DRG003,Daxolimab,Oncology,2023-Q3,Anemia,False,Moderate,Consumer,US,65-74,1
DRG003,Daxolimab,Oncology,2023-Q3,Alopecia,False,Moderate,Pharmacist,US,75+,1
DRG003,Daxolimab,Oncology,2023-Q3,Fatigue,False,Critical,Physician,US,75+,1
DRG003,Daxolimab,Oncology,2023-Q3,Nausea,False,Moderate,Pharmacist,DE,75+,1
DRG003,Daxolimab,Oncology,2023-Q3,Alopecia,False,Mild,Pharmacist,GB,45-64,1
DRG003,Daxolimab,Oncology,2023-Q3,Vomiting,False,Mild,Physician,US,75+,1
DRG003,Daxolimab,Oncology,2023-Q3,Neutropenia,False,Serious,Pharmacist,US,18-44,1
DRG003,Daxolimab,Oncology,2023-Q3,Vomiting,False,Serious,Pharmacist,US,75+,1
DRG003,Daxolimab,Oncology,2023-Q3,Vomiting,False,Mild,Consumer,JP,45-64,1
DRG003,Daxolimab,Oncology,2023-Q3,Vomiting,False,Moderate,Consumer,US,18-44,1
DRG003,Daxolimab,Oncology,2023-Q3,Neutropenia,False,Moderate,Consumer,FR,18-44,1
DRG003,Daxolimab,Oncology,2023-Q3,Anemia,False,Moderate,Consumer,GB,75+,1
DRG003,Daxolimab,Oncology,2023-Q3,Alopecia,False,Moderate,Physician,FR,18-44,1
DRG003,Daxolimab,Oncology,2023-Q3,Thrombocytopenia,False,Mild,Consumer,JP,75+,1
DRG003,Daxolimab,Oncology,2023-Q3,Nausea,False,Critical,Consumer,CA,45-64,1
DRG003,Daxolimab,Oncology,2023-Q3,Neutropenia,False,Moderate,Consumer,US,75+,1
DRG003,Daxolimab,Oncology,2023-Q3,Nausea,False,Mild,Pharmacist,US,75+,1
DRG003,Daxolimab,Oncology,2023-Q3,Fatigue,False,Serious,Pharmacist,JP,75+,1
DRG003,Daxolimab,Oncology,2023-Q3,Vomiting,False,Mild,Consumer,CA,65-74,1
DRG003,Daxolimab,Oncology,2023-Q3,Nausea,False,Moderate,Physician,GB,65-74,1
DRG003,Daxolimab,Oncology,2023-Q3,Alopecia,False,Critical,Consumer,US,45-64,1
DRG003,Daxolimab,Oncology,2023-Q3,Nausea,False,Moderate,Consumer,FR,45-64,1
DRG003,Daxolimab,Oncology,2023-Q3,Neutropenia,False,Moderate,Physician,JP,75+,1
DRG003,Daxolimab,Oncology,2023-Q3,Alopecia,False,Moderate,Physician,FR,45-64,1
DRG003,Daxolimab,Oncology,2023-Q3,Thrombocytopenia,False,Moderate,Pharmacist,US,45-64,1
DRG003,Daxolimab,Oncology,2023-Q3,Nausea,False,Moderate,Physician,DE,75+,1
DRG003,Daxolimab,Oncology,2023-Q3,Thrombocytopenia,False,Mild,Physician,GB,18-44,1
DRG003,Daxolimab,Oncology,2023-Q3,Neutropenia,False,Critical,Consumer,US,45-64,1
DRG003,Daxolimab,Oncology,2023-Q3,Fatigue,False,Moderate,Physician,FR,45-64,1
DRG003,Daxolimab,Oncology,2023-Q3,Alopecia,False,Moderate,Consumer,FR,65-74,1
DRG003,Daxolimab,Oncology,2023-Q3,Neutropenia,False,Mild,Physician,US,45-64,1
DRG003,Daxolimab,Oncology,2023-Q3,Nausea,False,Mild,Consumer,FR,75+,1
DRG003,Daxolimab,Oncology,2023-Q3,Fatigue,False,Mild,Physician,GB,45-64,1
DRG003,Daxolimab,Oncology,2023-Q3,Fatigue,False,Mild,Physician,GB,65-74,1
DRG003,Daxolimab,Oncology,2023-Q3,Anemia,False,Serious,Consumer,CA,65-74,1
DRG003,Daxolimab,Oncology,2023-Q3,Neutropenia,False,Moderate,Consumer,GB,65-74,1
DRG003,Daxolimab,Oncology,2023-Q3,Vomiting,False,Mild,Consumer,GB,65-74,1
DRG003,Daxolimab,Oncology,2023-Q3,Anemia,False,Mild,Physician,FR,75+,1
DRG003,Daxolimab,Oncology,2023-Q3,Anemia,False,Mild,Physician,JP,18-44,1
DRG003,Daxolimab,Oncology,2023-Q3,Nausea,False,Serious,Consumer,US,65-74,1
DRG003,Daxolimab,Oncology,2023-Q3,Alopecia,False,Moderate,Physician,DE,45-64,1
DRG003,Daxolimab,Oncology,2023-Q3,Fatigue,False,Mild,Physician,FR,45-64,1
DRG003,Daxolimab,Oncology,2023-Q3,Vomiting,False,Moderate,Physician,US,45-64,1
DRG003,Daxolimab,Oncology,2023-Q3,Vomiting,False,Critical,Consumer,US,45-64,1
DRG003,Daxolimab,Oncology,2023-Q3,Vomiting,False,Moderate,Physician,US,75+,1
DRG003,Daxolimab,Oncology,2023-Q3,Nausea,False,Mild,Consumer,US,45-64,1
DRG003,Daxolimab,Oncology,2023-Q3,Neutropenia,False,Moderate,Other,CA,18-44,1
DRG003,Daxolimab,Oncology,2023-Q3,Vomiting,False,Serious,Consumer,US,45-64,1
DRG003,Daxolimab,Oncology,2023-Q3,Thrombocytopenia,False,Mild,Consumer,CA,18-44,1
DRG003,Daxolimab,Oncology,2023-Q3,Neutropenia,False,Mild,Physician,GB,45-64,1
DRG003,Daxolimab,Oncology,2023-Q3,Nausea,False,Serious,Pharmacist,US,65-74,1
DRG003,Daxolimab,Oncology,2023-Q3,Neutropenia,False,Mild,Pharmacist,US,75+,1
DRG003,Daxolimab,Oncology,2023-Q3,Anemia,False,Serious,Other,US,75+,1
DRG003,Daxolimab,Oncology,2023-Q3,Alopecia,False,Serious,Consumer,US,18-44,1
DRG003,Daxolimab,Oncology,2023-Q3,Alopecia,False,Mild,Pharmacist,US,65-74,1
DRG003,Daxolimab,Oncology,2023-Q3,Alopecia,False,Mild,Physician,US,75+,1
DRG003,Daxolimab,Oncology,2023-Q3,Vomiting,False,Critical,Consumer,US,65-74,1
DRG003,Daxolimab,Oncology,2023-Q3,Nausea,False,Serious,Physician,JP,45-64,1
DRG003,Daxolimab,Oncology,2023-Q3,Neutropenia,False,Moderate,Pharmacist,US,45-64,1
DRG003,Daxolimab,Oncology,2023-Q3,Neutropenia,False,Critical,Physician,US,45-64,1
DRG003,Daxolimab,Oncology,2023-Q3,Nausea,False,Critical,Physician,US,65-74,1
DRG003,Daxolimab,Oncology,2023-Q3,Neutropenia,False,Mild,Pharmacist,US,18-44,1
DRG003,Daxolimab,Oncology,2023-Q3,Vomiting,False,Critical,Physician,DE,65-74,1
DRG003,Daxolimab,Oncology,2023-Q3,Nausea,False,Mild,Consumer,CA,45-64,1
DRG003,Daxolimab,Oncology,2023-Q3,Fatigue,False,Moderate,Pharmacist,US,65-74,1
DRG003,Daxolimab,Oncology,2023-Q3,Fatigue,False,Mild,Pharmacist,US,65-74,1
DRG003,Daxolimab,Oncology,2023-Q3,Alopecia,False,Mild,Consumer,JP,45-64,1
DRG003,Daxolimab,Oncology,2023-Q3,Anemia,False,Serious,Consumer,US,45-64,1
DRG003,Daxolimab,Oncology,2023-Q3,Nausea,False,Moderate,Other,US,18-44,1
DRG003,Daxolimab,Oncology,2023-Q3,Alopecia,False,Moderate,Consumer,FR,45-64,1
DRG003,Daxolimab,Oncology,2023-Q3,Fatigue,False,Critical,Consumer,US,65-74,1
DRG003,Daxolimab,Oncology,2023-Q3,Alopecia,False,Critical,Other,DE,45-64,1
DRG003,Daxolimab,Oncology,2023-Q3,Anemia,False,Mild,Consumer,FR,65-74,1
DRG003,Daxolimab,Oncology,2023-Q3,Alopecia,False,Serious,Physician,US,45-64,1
DRG003,Daxolimab,Oncology,2023-Q3,Fatigue,False,Serious,Physician,US,45-64,1
DRG003,Daxolimab,Oncology,2023-Q3,Anemia,False,Mild,Other,US,45-64,1
DRG003,Daxolimab,Oncology,2023-Q3,Fatigue,False,Critical,Other,US,45-64,1
DRG003,Daxolimab,Oncology,2023-Q3,Neutropenia,False,Serious,Pharmacist,GB,45-64,1
DRG003,Daxolimab,Oncology,2023-Q3,Fatigue,False,Moderate,Pharmacist,CA,75+,1
DRG003,Daxolimab,Oncology,2023-Q3,Thrombocytopenia,False,Serious,Consumer,DE,65-74,1
DRG003,Daxolimab,Oncology,2023-Q3,Nausea,False,Critical,Pharmacist,GB,45-64,1
DRG003,Daxolimab,Oncology,2023-Q3,Nausea,False,Mild,Physician,US,65-74,1
DRG003,Daxolimab,Oncology,2023-Q3,Fatigue,False,Serious,Consumer,US,75+,1
DRG003,Daxolimab,Oncology,2023-Q3,Anemia,False,Serious,Pharmacist,GB,75+,1
DRG003,Daxolimab,Oncology,2023-Q3,Vomiting,False,Moderate,Other,US,45-64,1
DRG003,Daxolimab,Oncology,2023-Q3,Alopecia,False,Serious,Consumer,CA,75+,1
DRG003,Daxolimab,Oncology,2023-Q3,Fatigue,False,Moderate,Consumer,DE,65-74,1
DRG003,Daxolimab,Oncology,2023-Q3,Fatigue,False,Moderate,Physician,US,45-64,1
DRG003,Daxolimab,Oncology,2023-Q3,Vomiting,False,Moderate,Pharmacist,FR,65-74,1
DRG003,Daxolimab,Oncology,2023-Q3,Fatigue,False,Critical,Consumer,GB,45-64,1
DRG003,Daxolimab,Oncology,2023-Q3,Nausea,False,Moderate,Other,US,45-64,1
DRG003,Daxolimab,Oncology,2023-Q3,Alopecia,False,Critical,Consumer,CA,45-64,1
DRG003,Daxolimab,Oncology,2023-Q3,Neutropenia,False,Moderate,Physician,GB,75+,1
DRG003,Daxolimab,Oncology,2023-Q3,Neutropenia,False,Moderate,Physician,FR,65-74,1
DRG003,Daxolimab,Oncology,2023-Q3,Neutropenia,False,Moderate,Pharmacist,DE,18-44,1
DRG003,Daxolimab,Oncology,2023-Q3,Thrombocytopenia,False,Critical,Pharmacist,JP,45-64,1
DRG003,Daxolimab,Oncology,2023-Q3,Alopecia,False,Moderate,Physician,US,65-74,1
DRG003,Daxolimab,Oncology,2023-Q3,Alopecia,False,Mild,Consumer,DE,45-64,1
DRG003,Daxolimab,Oncology,2023-Q3,Thrombocytopenia,False,Mild,Pharmacist,US,45-64,1
DRG003,Daxolimab,Oncology,2023-Q3,Neutropenia,False,Serious,Other,US,45-64,1
DRG003,Daxolimab,Oncology,2023-Q3,Vomiting,False,Moderate,Pharmacist,GB,75+,1
DRG003,Daxolimab,Oncology,2023-Q3,Fatigue,False,Serious,Pharmacist,US,45-64,1
DRG003,Daxolimab,Oncology,2023-Q3,Fatigue,False,Moderate,Consumer,FR,65-74,1
DRG003,Daxolimab,Oncology,2023-Q3,Thrombocytopenia,False,Serious,Physician,US,65-74,1
DRG003,Daxolimab,Oncology,2023-Q3,Thrombocytopenia,False,Moderate,Physician,US,18-44,1
DRG003,Daxolimab,Oncology,2023-Q3,Vomiting,False,Mild,Other,US,65-74,1
DRG003,Daxolimab,Oncology,2023-Q3,Fatigue,False,Serious,Consumer,FR,65-74,1
DRG003,Daxolimab,Oncology,2023-Q3,Neutropenia,False,Mild,Other,US,65-74,1
DRG003,Daxolimab,Oncology,2023-Q3,Nausea,False,Mild,Physician,DE,18-44,1
DRG003,Daxolimab,Oncology,2023-Q3,Neutropenia,False,Moderate,Consumer,CA,45-64,1
DRG003,Daxolimab,Oncology,2023-Q3,Thrombocytopenia,False,Moderate,Consumer,US,45-64,1
DRG003,Daxolimab,Oncology,2023-Q3,Neutropenia,False,Moderate,Physician,FR,18-44,1
DRG003,Daxolimab,Oncology,2023-Q4,Alopecia,False,Mild,Consumer,US,75+,3
DRG003,Daxolimab,Oncology,2023-Q4,Nausea,False,Critical,Physician,US,65-74,3
DRG003,Daxolimab,Oncology,2023-Q4,Nausea,False,Mild,Physician,US,18-44,2
DRG003,Daxolimab,Oncology,2023-Q4,Alopecia,False,Serious,Physician,CA,45-64,2
DRG003,Daxolimab,Oncology,2023-Q4,Alopecia,False,Serious,Physician,US,45-64,2
DRG003,Daxolimab,Oncology,2023-Q4,Vomiting,False,Mild,Physician,US,65-74,2
DRG003,Daxolimab,Oncology,2023-Q4,Alopecia,False,Mild,Physician,US,65-74,2
DRG003,Daxolimab,Oncology,2023-Q4,Neutropenia,False,Mild,Physician,JP,45-64,2
DRG003,Daxolimab,Oncology,2023-Q4,Anemia,False,Moderate,Physician,US,65-74,2
DRG003,Daxolimab,Oncology,2023-Q4,Thrombocytopenia,False,Mild,Consumer,US,45-64,2
DRG003,Daxolimab,Oncology,2023-Q4,Anemia,False,Mild,Other,US,65-74,2
DRG003,Daxolimab,Oncology,2023-Q4,Alopecia,False,Mild,Physician,US,18-44,2
DRG003,Daxolimab,Oncology,2023-Q4,Anemia,False,Mild,Physician,FR,45-64,2
DRG003,Daxolimab,Oncology,2023-Q4,Nausea,False,Serious,Physician,US,45-64,2
DRG003,Daxolimab,Oncology,2023-Q4,Anemia,False,Mild,Consumer,US,45-64,2
DRG003,Daxolimab,Oncology,2023-Q4,Alopecia,False,Moderate,Consumer,JP,18-44,2
DRG003,Daxolimab,Oncology,2023-Q4,Fatigue,False,Mild,Physician,US,18-44,2
DRG003,Daxolimab,Oncology,2023-Q4,Neutropenia,False,Mild,Physician,DE,65-74,2
DRG003,Daxolimab,Oncology,2023-Q4,Vomiting,False,Moderate,Physician,US,65-74,2
DRG003,Daxolimab,Oncology,2023-Q4,Fatigue,False,Mild,Pharmacist,CA,45-64,2
DRG003,Daxolimab,Oncology,2023-Q4,Anemia,False,Mild,Consumer,US,18-44,2
DRG003,Daxolimab,Oncology,2023-Q4,Nausea,False,Moderate,Physician,US,45-64,2
DRG003,Daxolimab,Oncology,2023-Q4,Fatigue,False,Critical,Consumer,US,65-74,2
DRG003,Daxolimab,Oncology,2023-Q4,Thrombocytopenia,False,Moderate,Consumer,US,45-64,2
DRG003,Daxolimab,Oncology,2023-Q4,Anemia,False,Mild,Physician,US,45-64,1
DRG003,Daxolimab,Oncology,2023-Q4,Anemia,False,Serious,Physician,CA,45-64,1
DRG003,Daxolimab,Oncology,2023-Q4,Alopecia,False,Moderate,Physician,FR,65-74,1
DRG003,Daxolimab,Oncology,2023-Q4,Fatigue,False,Mild,Consumer,US,45-64,1
DRG003,Daxolimab,Oncology,2023-Q4,Alopecia,False,Mild,Pharmacist,US,45-64,1
DRG003,Daxolimab,Oncology,2023-Q4,Thrombocytopenia,False,Moderate,Consumer,FR,75+,1
DRG003,Daxolimab,Oncology,2023-Q4,Thrombocytopenia,False,Critical,Physician,US,75+,1
DRG003,Daxolimab,Oncology,2023-Q4,Nausea,False,Moderate,Consumer,US,65-74,1
DRG003,Daxolimab,Oncology,2023-Q4,Nausea,False,Serious,Consumer,GB,65-74,1
DRG003,Daxolimab,Oncology,2023-Q4,Vomiting,False,Mild,Physician,GB,45-64,1
DRG003,Daxolimab,Oncology,2023-Q4,Anemia,False,Mild,Other,US,75+,1
DRG003,Daxolimab,Oncology,2023-Q4,Alopecia,False,Moderate,Physician,US,45-64,1
DRG003,Daxolimab,Oncology,2023-Q4,Fatigue,False,Critical,Physician,US,45-64,1
DRG003,Daxolimab,Oncology,2023-Q4,Anemia,False,Mild,Consumer,GB,18-44,1
DRG003,Daxolimab,Oncology,2023-Q4,Thrombocytopenia,False,Moderate,Pharmacist,US,45-64,1
DRG003,Daxolimab,Oncology,2023-Q4,Vomiting,False,Mild,Physician,US,45-64,1
DRG003,Daxolimab,Oncology,2023-Q4,Thrombocytopenia,False,Serious,Consumer,US,65-74,1
DRG003,Daxolimab,Oncology,2023-Q4,Vomiting,False,Mild,Pharmacist,US,65-74,1
DRG003,Daxolimab,Oncology,2023-Q4,Nausea,False,Serious,Consumer,JP,75+,1
DRG003,Daxolimab,Oncology,2023-Q4,Thrombocytopenia,False,Mild,Physician,JP,45-64,1
DRG003,Daxolimab,Oncology,2023-Q4,Neutropenia,False,Serious,Physician,US,45-64,1
DRG003,Daxolimab,Oncology,2023-Q4,Anemia,False,Mild,Physician,FR,65-74,1
DRG003,Daxolimab,Oncology,2023-Q4,Alopecia,False,Moderate,Other,GB,18-44,1
DRG003,Daxolimab,Oncology,2023-Q4,Neutropenia,False,Serious,Consumer,US,75+,1
DRG003,Daxolimab,Oncology,2023-Q4,Fatigue,False,Mild,Physician,CA,65-74,1
DRG003,Daxolimab,Oncology,2023-Q4,Nausea,False,Serious,Physician,CA,18-44,1
DRG003,Daxolimab,Oncology,2023-Q4,Neutropenia,False,Moderate,Physician,US,45-64,1
DRG003,Daxolimab,Oncology,2023-Q4,Fatigue,False,Mild,Physician,US,75+,1
DRG003,Daxolimab,Oncology,2023-Q4,Neutropenia,False,Moderate,Other,US,65-74,1
DRG003,Daxolimab,Oncology,2023-Q4,Anemia,False,Mild,Pharmacist,US,18-44,1
DRG003,Daxolimab,Oncology,2023-Q4,Anemia,False,Mild,Pharmacist,JP,65-74,1
DRG003,Daxolimab,Oncology,2023-Q4,Anemia,False,Mild,Pharmacist,US,45-64,1
DRG003,Daxolimab,Oncology,2023-Q4,Fatigue,False,Mild,Pharmacist,US,45-64,1
DRG003,Daxolimab,Oncology,2023-Q4,Thrombocytopenia,False,Mild,Consumer,US,18-44,1
DRG003,Daxolimab,Oncology,2023-Q4,Vomiting,False,Moderate,Pharmacist,CA,45-64,1
DRG003,Daxolimab,Oncology,2023-Q4,Vomiting,False,Mild,Physician,FR,45-64,1
DRG003,Daxolimab,Oncology,2023-Q4,Alopecia,False,Moderate,Consumer,CA,65-74,1
DRG003,Daxolimab,Oncology,2023-Q4,Nausea,False,Serious,Pharmacist,FR,18-44,1
DRG003,Daxolimab,Oncology,2023-Q4,Alopecia,False,Mild,Pharmacist,GB,45-64,1
DRG003,Daxolimab,Oncology,2023-Q4,Alopecia,False,Serious,Physician,DE,45-64,1
DRG003,Daxolimab,Oncology,2023-Q4,Neutropenia,False,Moderate,Pharmacist,FR,45-64,1
DRG003,Daxolimab,Oncology,2023-Q4,Alopecia,False,Moderate,Physician,JP,18-44,1
DRG003,Daxolimab,Oncology,2023-Q4,Vomiting,False,Mild,Consumer,US,45-64,1
DRG003,Daxolimab,Oncology,2023-Q4,Fatigue,False,Moderate,Physician,DE,18-44,1
DRG003,Daxolimab,Oncology,2023-Q4,Vomiting,False,Mild,Pharmacist,US,45-64,1
DRG003,Daxolimab,Oncology,2023-Q4,Fatigue,False,Mild,Physician,CA,75+,1
DRG003,Daxolimab,Oncology,2023-Q4,Thrombocytopenia,False,Mild,Consumer,CA,65-74,1
DRG003,Daxolimab,Oncology,2023-Q4,Alopecia,False,Mild,Pharmacist,CA,75+,1
DRG003,Daxolimab,Oncology,2023-Q4,Fatigue,False,Moderate,Consumer,FR,45-64,1
DRG003,Daxolimab,Oncology,2023-Q4,Neutropenia,False,Moderate,Physician,CA,75+,1
DRG003,Daxolimab,Oncology,2023-Q4,Vomiting,False,Serious,Consumer,US,65-74,1
DRG003,Daxolimab,Oncology,2023-Q4,Vomiting,False,Mild,Consumer,US,65-74,1
DRG003,Daxolimab,Oncology,2023-Q4,Neutropenia,False,Moderate,Pharmacist,US,45-64,1
DRG003,Daxolimab,Oncology,2023-Q4,Nausea,False,Moderate,Pharmacist,CA,65-74,1
DRG003,Daxolimab,Oncology,2023-Q4,Thrombocytopenia,False,Mild,Physician,DE,45-64,1
DRG003,Daxolimab,Oncology,2023-Q4,Alopecia,False,Critical,Physician,JP,75+,1
DRG003,Daxolimab,Oncology,2023-Q4,Anemia,False,Critical,Consumer,US,45-64,1
DRG003,Daxolimab,Oncology,2023-Q4,Alopecia,False,Moderate,Pharmacist,JP,45-64,1
DRG003,Daxolimab,Oncology,2023-Q4,Anemia,False,Mild,Other,JP,65-74,1
DRG003,Daxolimab,Oncology,2023-Q4,Anemia,False,Moderate,Physician,CA,45-64,1
DRG003,Daxolimab,Oncology,2023-Q4,Thrombocytopenia,False,Mild,Pharmacist,FR,75+,1
DRG003,Daxolimab,Oncology,2023-Q4,Vomiting,False,Critical,Physician,GB,65-74,1
DRG003,Daxolimab,Oncology,2023-Q4,Thrombocytopenia,False,Mild,Consumer,US,75+,1
DRG003,Daxolimab,Oncology,2023-Q4,Anemia,False,Critical,Consumer,US,65-74,1
DRG003,Daxolimab,Oncology,2023-Q4,Thrombocytopenia,False,Mild,Pharmacist,US,18-44,1
DRG003,Daxolimab,Oncology,2023-Q4,Nausea,False,Mild,Physician,GB,45-64,1
DRG003,Daxolimab,Oncology,2023-Q4,Anemia,False,Serious,Pharmacist,US,45-64,1
DRG003,Daxolimab,Oncology,2023-Q4,Neutropenia,False,Critical,Consumer,DE,75+,1
DRG003,Daxolimab,Oncology,2023-Q4,Vomiting,False,Moderate,Physician,US,45-64,1
DRG003,Daxolimab,Oncology,2023-Q4,Alopecia,False,Mild,Consumer,FR,45-64,1
DRG003,Daxolimab,Oncology,2023-Q4,Fatigue,False,Mild,Pharmacist,US,18-44,1
DRG003,Daxolimab,Oncology,2023-Q4,Vomiting,False,Mild,Consumer,US,18-44,1
DRG003,Daxolimab,Oncology,2023-Q4,Neutropenia,False,Critical,Other,US,75+,1
DRG003,Daxolimab,Oncology,2023-Q4,Thrombocytopenia,False,Mild,Other,US,65-74,1
DRG003,Daxolimab,Oncology,2023-Q4,Alopecia,False,Moderate,Pharmacist,US,45-64,1
DRG003,Daxolimab,Oncology,2023-Q4,Anemia,False,Mild,Consumer,GB,45-64,1
DRG003,Daxolimab,Oncology,2023-Q4,Anemia,False,Moderate,Physician,US,75+,1
DRG003,Daxolimab,Oncology,2023-Q4,Thrombocytopenia,False,Serious,Other,US,45-64,1
DRG003,Daxolimab,Oncology,2023-Q4,Anemia,False,Mild,Physician,US,18-44,1
DRG003,Daxolimab,Oncology,2023-Q4,Vomiting,False,Mild,Consumer,JP,45-64,1
DRG003,Daxolimab,Oncology,2023-Q4,Nausea,False,Moderate,Consumer,JP,18-44,1
DRG003,Daxolimab,Oncology,2023-Q4,Nausea,False,Serious,Consumer,FR,18-44,1
DRG003,Daxolimab,Oncology,2023-Q4,Vomiting,False,Moderate,Physician,US,75+,1
DRG003,Daxolimab,Oncology,2023-Q4,Thrombocytopenia,False,Moderate,Consumer,CA,45-64,1
DRG003,Daxolimab,Oncology,2023-Q4,Neutropenia,False,Mild,Consumer,US,75+,1
DRG003,Daxolimab,Oncology,2023-Q4,Alopecia,False,Moderate,Physician,US,18-44,1
DRG003,Daxolimab,Oncology,2023-Q4,Fatigue,False,Mild,Consumer,US,18-44,1
DRG003,Daxolimab,Oncology,2023-Q4,Anemia,False,Mild,Physician,US,75+,1
DRG003,Daxolimab,Oncology,2023-Q4,Neutropenia,False,Serious,Physician,US,75+,1
DRG003,Daxolimab,Oncology,2023-Q4,Fatigue,False,Serious,Other,US,45-64,1
DRG003,Daxolimab,Oncology,2023-Q4,Neutropenia,False,Mild,Other,GB,65-74,1
DRG003,Daxolimab,Oncology,2023-Q4,Anemia,False,Serious,Physician,FR,65-74,1
DRG003,Daxolimab,Oncology,2023-Q4,Neutropenia,False,Moderate,Other,GB,65-74,1
DRG003,Daxolimab,Oncology,2023-Q4,Nausea,False,Moderate,Consumer,CA,65-74,1
DRG003,Daxolimab,Oncology,2023-Q4,Fatigue,False,Serious,Physician,US,45-64,1
DRG003,Daxolimab,Oncology,2023-Q4,Thrombocytopenia,False,Critical,Other,US,75+,1
DRG003,Daxolimab,Oncology,2023-Q4,Nausea,False,Mild,Physician,US,45-64,1
DRG003,Daxolimab,Oncology,2023-Q4,Neutropenia,False,Mild,Pharmacist,GB,45-64,1
DRG003,Daxolimab,Oncology,2023-Q4,Neutropenia,False,Critical,Physician,US,65-74,1
DRG003,Daxolimab,Oncology,2023-Q4,Vomiting,False,Mild,Consumer,CA,45-64,1
DRG003,Daxolimab,Oncology,2023-Q4,Alopecia,False,Mild,Consumer,US,65-74,1
DRG003,Daxolimab,Oncology,2023-Q4,Thrombocytopenia,False,Moderate,Physician,US,18-44,1
DRG003,Daxolimab,Oncology,2023-Q4,Anemia,False,Serious,Pharmacist,US,75+,1
DRG003,Daxolimab,Oncology,2023-Q4,Neutropenia,False,Moderate,Physician,US,18-44,1
DRG003,Daxolimab,Oncology,2023-Q4,Vomiting,False,Critical,Physician,CA,45-64,1
DRG003,Daxolimab,Oncology,2023-Q4,Fatigue,False,Moderate,Physician,FR,45-64,1
DRG003,Daxolimab,Oncology,2023-Q4,Vomiting,False,Mild,Pharmacist,GB,65-74,1
DRG003,Daxolimab,Oncology,2023-Q4,Neutropenia,False,Serious,Consumer,US,45-64,1
DRG003,Daxolimab,Oncology,2023-Q4,Vomiting,False,Mild,Physician,GB,18-44,1
DRG003,Daxolimab,Oncology,2023-Q4,Alopecia,False,Moderate,Physician,CA,45-64,1
DRG003,Daxolimab,Oncology,2023-Q4,Fatigue,False,Mild,Consumer,CA,65-74,1
DRG003,Daxolimab,Oncology,2023-Q4,Neutropenia,False,Critical,Other,US,65-74,1
DRG003,Daxolimab,Oncology,2023-Q4,Neutropenia,False,Serious,Physician,FR,65-74,1
DRG003,Daxolimab,Oncology,2023-Q4,Vomiting,False,Moderate,Consumer,FR,18-44,1
DRG003,Daxolimab,Oncology,2023-Q4,Neutropenia,False,Mild,Physician,GB,45-64,1
DRG003,Daxolimab,Oncology,2023-Q4,Nausea,False,Mild,Pharmacist,JP,45-64,1
DRG003,Daxolimab,Oncology,2023-Q4,Neutropenia,False,Moderate,Physician,US,65-74,1
DRG003,Daxolimab,Oncology,2023-Q4,Fatigue,False,Mild,Physician,JP,65-74,1
DRG003,Daxolimab,Oncology,2023-Q4,Vomiting,False,Critical,Physician,JP,65-74,1
DRG003,Daxolimab,Oncology,2023-Q4,Anemia,False,Serious,Physician,US,65-74,1
DRG003,Daxolimab,Oncology,2023-Q4,Alopecia,False,Serious,Consumer,US,65-74,1
DRG003,Daxolimab,Oncology,2023-Q4,Neutropenia,False,Mild,Physician,DE,45-64,1
DRG003,Daxolimab,Oncology,2023-Q4,Nausea,False,Critical,Physician,US,45-64,1
DRG003,Daxolimab,Oncology,2023-Q4,Neutropenia,False,Critical,Pharmacist,GB,65-74,1
DRG003,Daxolimab,Oncology,2023-Q4,Vomiting,False,Moderate,Consumer,DE,75+,1
DRG003,Daxolimab,Oncology,2023-Q4,Nausea,False,Moderate,Physician,FR,65-74,1
DRG003,Daxolimab,Oncology,2023-Q4,Anemia,False,Mild,Consumer,US,75+,1
DRG003,Daxolimab,Oncology,2023-Q4,Fatigue,False,Moderate,Consumer,US,45-64,1
DRG003,Daxolimab,Oncology,2023-Q4,Neutropenia,False,Moderate,Consumer,US,75+,1
DRG003,Daxolimab,Oncology,2023-Q4,Vomiting,False,Moderate,Consumer,DE,65-74,1
DRG003,Daxolimab,Oncology,2023-Q4,Nausea,False,Mild,Consumer,US,45-64,1
DRG003,Daxolimab,Oncology,2023-Q4,Thrombocytopenia,False,Mild,Physician,US,45-64,1
DRG003,Daxolimab,Oncology,2023-Q4,Nausea,False,Moderate,Physician,JP,65-74,1
DRG003,Daxolimab,Oncology,2023-Q4,Thrombocytopenia,False,Critical,Consumer,FR,75+,1
DRG003,Daxolimab,Oncology,2023-Q4,Neutropenia,False,Mild,Physician,US,45-64,1
DRG003,Daxolimab,Oncology,2023-Q4,Nausea,False,Mild,Physician,DE,65-74,1
DRG003,Daxolimab,Oncology,2023-Q4,Neutropenia,False,Moderate,Consumer,US,18-44,1
DRG003,Daxolimab,Oncology,2023-Q4,Thrombocytopenia,False,Mild,Consumer,US,65-74,1
DRG003,Daxolimab,Oncology,2023-Q4,Neutropenia,False,Critical,Other,DE,75+,1
DRG003,Daxolimab,Oncology,2023-Q4,Fatigue,False,Serious,Consumer,JP,45-64,1
DRG003,Daxolimab,Oncology,2023-Q4,Neutropenia,False,Moderate,Physician,CA,45-64,1
DRG003,Daxolimab,Oncology,2023-Q4,Anemia,False,Mild,Physician,US,65-74,1
DRG003,Daxolimab,Oncology,2023-Q4,Nausea,False,Serious,Other,DE,18-44,1
DRG003,Daxolimab,Oncology,2023-Q4,Alopecia,False,Moderate,Consumer,US,65-74,1
DRG003,Daxolimab,Oncology,2023-Q4,Anemia,False,Critical,Physician,DE,45-64,1
DRG003,Daxolimab,Oncology,2023-Q4,Nausea,False,Moderate,Consumer,US,45-64,1
DRG003,Daxolimab,Oncology,2023-Q4,Vomiting,False,Moderate,Other,US,65-74,1
DRG003,Daxolimab,Oncology,2023-Q4,Anemia,False,Critical,Pharmacist,GB,65-74,1
DRG003,Daxolimab,Oncology,2023-Q4,Nausea,False,Moderate,Other,US,75+,1
DRG003,Daxolimab,Oncology,2023-Q4,Vomiting,False,Mild,Physician,FR,75+,1
DRG003,Daxolimab,Oncology,2023-Q4,Anemia,False,Mild,Physician,DE,45-64,1
DRG003,Daxolimab,Oncology,2023-Q4,Neutropenia,False,Mild,Consumer,US,65-74,1
DRG003,Daxolimab,Oncology,2023-Q4,Anemia,False,Moderate,Other,US,45-64,1
DRG003,Daxolimab,Oncology,2023-Q4,Alopecia,False,Mild,Pharmacist,FR,65-74,1
DRG003,Daxolimab,Oncology,2023-Q4,Alopecia,False,Critical,Physician,US,45-64,1
DRG003,Daxolimab,Oncology,2023-Q4,Fatigue,False,Moderate,Physician,US,45-64,1
DRG003,Daxolimab,Oncology,2023-Q4,Vomiting,False,Mild,Physician,JP,18-44,1
DRG003,Daxolimab,Oncology,2023-Q4,Vomiting,False,Serious,Consumer,CA,45-64,1
DRG003,Daxolimab,Oncology,2023-Q4,Alopecia,False,Mild,Physician,GB,18-44,1
DRG003,Daxolimab,Oncology,2023-Q4,Fatigue,False,Mild,Physician,US,45-64,1
DRG003,Daxolimab,Oncology,2023-Q4,Neutropenia,False,Mild,Physician,CA,45-64,1
DRG003,Daxolimab,Oncology,2023-Q4,Vomiting,False,Moderate,Pharmacist,JP,45-64,1
DRG003,Daxolimab,Oncology,2023-Q4,Nausea,False,Serious,Other,US,18-44,1
DRG003,Daxolimab,Oncology,2023-Q4,Fatigue,False,Serious,Pharmacist,US,65-74,1
DRG003,Daxolimab,Oncology,2023-Q4,Neutropenia,False,Mild,Consumer,FR,75+,1
DRG003,Daxolimab,Oncology,2023-Q4,Thrombocytopenia,False,Mild,Physician,GB,45-64,1
DRG003,Daxolimab,Oncology,2023-Q4,Vomiting,False,Moderate,Pharmacist,JP,75+,1
DRG003,Daxolimab,Oncology,2023-Q4,Neutropenia,False,Critical,Consumer,US,18-44,1
DRG003,Daxolimab,Oncology,2023-Q4,Fatigue,False,Moderate,Physician,GB,18-44,1
DRG003,Daxolimab,Oncology,2023-Q4,Fatigue,False,Mild,Other,DE,75+,1
DRG003,Daxolimab,Oncology,2023-Q4,Alopecia,False,Moderate,Physician,US,65-74,1
DRG003,Daxolimab,Oncology,2023-Q4,Vomiting,False,Moderate,Pharmacist,JP,18-44,1
DRG003,Daxolimab,Oncology,2023-Q4,Anemia,False,Serious,Other,US,65-74,1
DRG003,Daxolimab,Oncology,2023-Q4,Fatigue,False,Mild,Other,GB,45-64,1
DRG003,Daxolimab,Oncology,2023-Q4,Alopecia,False,Mild,Consumer,CA,45-64,1
DRG003,Daxolimab,Oncology,2023-Q4,Alopecia,False,Moderate,Physician,JP,75+,1
DRG003,Daxolimab,Oncology,2023-Q4,Neutropenia,False,Mild,Other,US,45-64,1
DRG003,Daxolimab,Oncology,2023-Q4,Neutropenia,False,Critical,Other,US,45-64,1
DRG003,Daxolimab,Oncology,2023-Q4,Nausea,False,Moderate,Consumer,US,75+,1
DRG003,Daxolimab,Oncology,2023-Q4,Vomiting,False,Serious,Physician,DE,65-74,1
DRG003,Daxolimab,Oncology,2023-Q4,Neutropenia,False,Mild,Physician,US,65-74,1
DRG003,Daxolimab,Oncology,2023-Q4,Nausea,False,Serious,Pharmacist,GB,45-64,1
DRG003,Daxolimab,Oncology,2023-Q4,Alopecia,False,Moderate,Consumer,JP,45-64,1
DRG003,Daxolimab,Oncology,2023-Q4,Nausea,False,Serious,Consumer,US,65-74,1
DRG003,Daxolimab,Oncology,2023-Q4,Alopecia,False,Mild,Consumer,DE,65-74,1
DRG003,Daxolimab,Oncology,2023-Q4,Alopecia,False,Mild,Pharmacist,US,65-74,1
DRG003,Daxolimab,Oncology,2023-Q4,Nausea,False,Moderate,Physician,GB,75+,1
DRG003,Daxolimab,Oncology,2023-Q4,Vomiting,False,Moderate,Consumer,US,45-64,1
DRG003,Daxolimab,Oncology,2023-Q4,Nausea,False,Mild,Physician,DE,45-64,1
DRG003,Daxolimab,Oncology,2023-Q4,Thrombocytopenia,False,Serious,Physician,US,45-64,1
DRG003,Daxolimab,Oncology,2023-Q4,Fatigue,False,Moderate,Physician,US,65-74,1
DRG003,Daxolimab,Oncology,2023-Q4,Thrombocytopenia,False,Critical,Consumer,US,75+,1
DRG003,Daxolimab,Oncology,2024-Q1,Nausea,False,Mild,Consumer,US,45-64,4
DRG003,Daxolimab,Oncology,2024-Q1,Anemia,False,Mild,Consumer,US,65-74,4
DRG003,Daxolimab,Oncology,2024-Q1,Thrombocytopenia,False,Mild,Physician,US,65-74,4
DRG003,Daxolimab,Oncology,2024-Q1,Nausea,False,Mild,Physician,US,65-74,3
DRG003,Daxolimab,Oncology,2024-Q1,Alopecia,False,Mild,Pharmacist,US,65-74,3
DRG003,Daxolimab,Oncology,2024-Q1,Fatigue,False,Mild,Physician,US,45-64,3
DRG003,Daxolimab,Oncology,2024-Q1,Neutropenia,False,Moderate,Pharmacist,US,45-64,3
DRG003,Daxolimab,Oncology,2024-Q1,Neutropenia,False,Mild,Physician,US,45-64,3
DRG003,Daxolimab,Oncology,2024-Q1,Neutropenia,False,Moderate,Pharmacist,CA,65-74,2
DRG003,Daxolimab,Oncology,2024-Q1,Vomiting,False,Mild,Physician,US,65-74,2
DRG003,Daxolimab,Oncology,2024-Q1,Anemia,False,Moderate,Consumer,US,45-64,2
DRG003,Daxolimab,Oncology,2024-Q1,Neutropenia,False,Critical,Physician,US,75+,2
DRG003,Daxolimab,Oncology,2024-Q1,Vomiting,False,Moderate,Consumer,US,65-74,2
DRG003,Daxolimab,Oncology,2024-Q1,Alopecia,False,Mild,Consumer,US,45-64,2
DRG003,Daxolimab,Oncology,2024-Q1,Alopecia,False,Mild,Consumer,US,75+,2
DRG003,Daxolimab,Oncology,2024-Q1,Nausea,False,Mild,Physician,DE,65-74,2
DRG003,Daxolimab,Oncology,2024-Q1,Vomiting,False,Mild,Consumer,US,18-44,2
DRG003,Daxolimab,Oncology,2024-Q1,Anemia,False,Moderate,Physician,US,45-64,2
DRG003,Daxolimab,Oncology,2024-Q1,Vomiting,False,Mild,Consumer,US,45-64,2
DRG003,Daxolimab,Oncology,2024-Q1,Alopecia,False,Moderate,Physician,US,65-74,2
DRG003,Daxolimab,Oncology,2024-Q1,Anemia,False,Mild,Consumer,US,45-64,2
DRG003,Daxolimab,Oncology,2024-Q1,Anemia,False,Mild,Other,US,65-74,2
DRG003,Daxolimab,Oncology,2024-Q1,Neutropenia,False,Serious,Physician,FR,45-64,2
DRG003,Daxolimab,Oncology,2024-Q1,Neutropenia,False,Critical,Consumer,US,65-74,2
DRG003,Daxolimab,Oncology,2024-Q1,Fatigue,False,Moderate,Physician,GB,65-74,2
DRG003,Daxolimab,Oncology,2024-Q1,Anemia,False,Mild,Physician,US,45-64,2
DRG003,Daxolimab,Oncology,2024-Q1,Anemia,False,Mild,Pharmacist,US,65-74,2
DRG003,Daxolimab,Oncology,2024-Q1,Thrombocytopenia,False,Critical,Consumer,CA,45-64,1
DRG003,Daxolimab,Oncology,2024-Q1,Nausea,False,Critical,Physician,US,65-74,1
DRG003,Daxolimab,Oncology,2024-Q1,Thrombocytopenia,False,Moderate,Physician,US,45-64,1
DRG003,Daxolimab,Oncology,2024-Q1,Nausea,False,Serious,Other,US,65-74,1
DRG003,Daxolimab,Oncology,2024-Q1,Nausea,False,Moderate,Consumer,US,45-64,1
DRG003,Daxolimab,Oncology,2024-Q1,Alopecia,False,Moderate,Consumer,US,65-74,1
DRG003,Daxolimab,Oncology,2024-Q1,Neutropenia,False,Moderate,Pharmacist,CA,75+,1
DRG003,Daxolimab,Oncology,2024-Q1,Neutropenia,False,Mild,Consumer,US,45-64,1
DRG003,Daxolimab,Oncology,2024-Q1,Vomiting,False,Serious,Consumer,CA,45-64,1
DRG003,Daxolimab,Oncology,2024-Q1,Fatigue,False,Mild,Consumer,DE,45-64,1
DRG003,Daxolimab,Oncology,2024-Q1,Nausea,False,Mild,Physician,US,75+,1
DRG003,Daxolimab,Oncology,2024-Q1,Anemia,False,Serious,Consumer,US,45-64,1
DRG003,Daxolimab,Oncology,2024-Q1,Vomiting,False,Mild,Physician,US,45-64,1
DRG003,Daxolimab,Oncology,2024-Q1,Vomiting,False,Serious,Other,GB,18-44,1
DRG003,Daxolimab,Oncology,2024-Q1,Alopecia,False,Moderate,Physician,JP,18-44,1
DRG003,Daxolimab,Oncology,2024-Q1,Nausea,False,Critical,Consumer,GB,18-44,1
DRG003,Daxolimab,Oncology,2024-Q1,Thrombocytopenia,False,Critical,Other,US,18-44,1
DRG003,Daxolimab,Oncology,2024-Q1,Anemia,False,Critical,Pharmacist,US,75+,1
DRG003,Daxolimab,Oncology,2024-Q1,Fatigue,False,Mild,Pharmacist,CA,18-44,1
DRG003,Daxolimab,Oncology,2024-Q1,Anemia,False,Serious,Physician,GB,45-64,1
DRG003,Daxolimab,Oncology,2024-Q1,Anemia,False,Serious,Other,US,45-64,1
DRG003,Daxolimab,Oncology,2024-Q1,Fatigue,False,Critical,Consumer,US,18-44,1
DRG003,Daxolimab,Oncology,2024-Q1,Neutropenia,False,Moderate,Physician,DE,75+,1
DRG003,Daxolimab,Oncology,2024-Q1,Vomiting,False,Moderate,Physician,US,75+,1
DRG003,Daxolimab,Oncology,2024-Q1,Alopecia,False,Mild,Physician,DE,75+,1
DRG003,Daxolimab,Oncology,2024-Q1,Neutropenia,False,Mild,Physician,US,18-44,1
DRG003,Daxolimab,Oncology,2024-Q1,Nausea,False,Moderate,Pharmacist,US,45-64,1
DRG003,Daxolimab,Oncology,2024-Q1,Nausea,False,Mild,Physician,GB,45-64,1
DRG003,Daxolimab,Oncology,2024-Q1,Thrombocytopenia,False,Mild,Physician,FR,45-64,1
DRG003,Daxolimab,Oncology,2024-Q1,Nausea,False,Moderate,Consumer,US,75+,1
DRG003,Daxolimab,Oncology,2024-Q1,Alopecia,False,Mild,Other,US,45-64,1
DRG003,Daxolimab,Oncology,2024-Q1,Fatigue,False,Moderate,Consumer,GB,45-64,1
DRG003,Daxolimab,Oncology,2024-Q1,Thrombocytopenia,False,Mild,Physician,FR,75+,1
DRG003,Daxolimab,Oncology,2024-Q1,Neutropenia,False,Critical,Pharmacist,FR,18-44,1
DRG003,Daxolimab,Oncology,2024-Q1,Nausea,False,Mild,Physician,US,45-64,1
DRG003,Daxolimab,Oncology,2024-Q1,Anemia,False,Moderate,Pharmacist,US,75+,1
DRG003,Daxolimab,Oncology,2024-Q1,Nausea,False,Moderate,Consumer,CA,45-64,1
DRG003,Daxolimab,Oncology,2024-Q1,Vomiting,False,Serious,Consumer,FR,65-74,1
DRG003,Daxolimab,Oncology,2024-Q1,Thrombocytopenia,False,Moderate,Physician,DE,65-74,1
DRG003,Daxolimab,Oncology,2024-Q1,Thrombocytopenia,False,Critical,Consumer,JP,18-44,1
DRG003,Daxolimab,Oncology,2024-Q1,Vomiting,False,Critical,Physician,US,65-74,1
DRG003,Daxolimab,Oncology,2024-Q1,Alopecia,False,Moderate,Pharmacist,US,45-64,1
DRG003,Daxolimab,Oncology,2024-Q1,Fatigue,False,Mild,Physician,US,75+,1
DRG003,Daxolimab,Oncology,2024-Q1,Neutropenia,False,Serious,Physician,US,65-74,1
DRG003,Daxolimab,Oncology,2024-Q1,Alopecia,False,Moderate,Physician,US,45-64,1
DRG003,Daxolimab,Oncology,2024-Q1,Fatigue,False,Mild,Consumer,US,75+,1
DRG003,Daxolimab,Oncology,2024-Q1,Thrombocytopenia,False,Critical,Consumer,CA,65-74,1
DRG003,Daxolimab,Oncology,2024-Q1,Thrombocytopenia,False,Moderate,Consumer,US,45-64,1
DRG003,Daxolimab,Oncology,2024-Q1,Fatigue,False,Critical,Other,JP,65-74,1
DRG003,Daxolimab,Oncology,2024-Q1,Anemia,False,Moderate,Pharmacist,CA,65-74,1
DRG003,Daxolimab,Oncology,2024-Q1,Neutropenia,False,Mild,Consumer,FR,45-64,1
DRG003,Daxolimab,Oncology,2024-Q1,Thrombocytopenia,False,Mild,Physician,GB,45-64,1
DRG003,Daxolimab,Oncology,2024-Q1,Alopecia,False,Moderate,Physician,CA,45-64,1
DRG003,Daxolimab,Oncology,2024-Q1,Thrombocytopenia,False,Mild,Pharmacist,DE,65-74,1
DRG003,Daxolimab,Oncology,2024-Q1,Vomiting,False,Critical,Consumer,US,75+,1
DRG003,Daxolimab,Oncology,2024-Q1,Fatigue,False,Serious,Other,DE,65-74,1
DRG003,Daxolimab,Oncology,2024-Q1,Thrombocytopenia,False,Mild,Pharmacist,FR,65-74,1
DRG003,Daxolimab,Oncology,2024-Q1,Anemia,False,Serious,Physician,DE,65-74,1
DRG003,Daxolimab,Oncology,2024-Q1,Alopecia,False,Mild,Pharmacist,US,45-64,1
DRG003,Daxolimab,Oncology,2024-Q1,Fatigue,False,Mild,Physician,US,18-44,1
DRG003,Daxolimab,Oncology,2024-Q1,Nausea,False,Moderate,Other,FR,45-64,1
DRG003,Daxolimab,Oncology,2024-Q1,Neutropenia,False,Mild,Physician,US,65-74,1
DRG003,Daxolimab,Oncology,2024-Q1,Vomiting,False,Moderate,Physician,CA,45-64,1
DRG003,Daxolimab,Oncology,2024-Q1,Thrombocytopenia,False,Moderate,Consumer,GB,45-64,1
DRG003,Daxolimab,Oncology,2024-Q1,Fatigue,False,Mild,Consumer,JP,65-74,1
DRG003,Daxolimab,Oncology,2024-Q1,Vomiting,False,Moderate,Pharmacist,US,45-64,1
DRG003,Daxolimab,Oncology,2024-Q1,Neutropenia,False,Mild,Physician,US,75+,1
DRG003,Daxolimab,Oncology,2024-Q1,Vomiting,False,Moderate,Pharmacist,GB,75+,1
DRG003,Daxolimab,Oncology,2024-Q1,Fatigue,False,Mild,Other,FR,45-64,1
DRG003,Daxolimab,Oncology,2024-Q1,Fatigue,False,Critical,Physician,FR,18-44,1
DRG003,Daxolimab,Oncology,2024-Q1,Alopecia,False,Critical,Physician,GB,45-64,1
DRG003,Daxolimab,Oncology,2024-Q1,Anemia,False,Mild,Other,CA,45-64,1
DRG003,Daxolimab,Oncology,2024-Q1,Alopecia,False,Moderate,Physician,DE,65-74,1
DRG003,Daxolimab,Oncology,2024-Q1,Nausea,False,Moderate,Physician,JP,65-74,1
DRG003,Daxolimab,Oncology,2024-Q1,Neutropenia,False,Mild,Physician,JP,18-44,1
DRG003,Daxolimab,Oncology,2024-Q1,Fatigue,False,Critical,Pharmacist,DE,18-44,1
DRG003,Daxolimab,Oncology,2024-Q1,Alopecia,False,Moderate,Pharmacist,JP,65-74,1
DRG003,Daxolimab,Oncology,2024-Q1,Neutropenia,False,Mild,Other,US,45-64,1
DRG003,Daxolimab,Oncology,2024-Q1,Thrombocytopenia,False,Critical,Consumer,DE,65-74,1
DRG003,Daxolimab,Oncology,2024-Q1,Fatigue,False,Moderate,Physician,DE,75+,1
DRG003,Daxolimab,Oncology,2024-Q1,Neutropenia,False,Serious,Consumer,CA,65-74,1
DRG003,Daxolimab,Oncology,2024-Q1,Alopecia,False,Mild,Other,CA,18-44,1
DRG003,Daxolimab,Oncology,2024-Q1,Vomiting,False,Critical,Physician,GB,65-74,1
DRG003,Daxolimab,Oncology,2024-Q1,Neutropenia,False,Mild,Pharmacist,FR,75+,1
DRG003,Daxolimab,Oncology,2024-Q1,Neutropenia,False,Critical,Consumer,US,45-64,1
DRG003,Daxolimab,Oncology,2024-Q1,Thrombocytopenia,False,Mild,Other,CA,45-64,1
DRG003,Daxolimab,Oncology,2024-Q1,Vomiting,False,Critical,Pharmacist,JP,45-64,1
DRG003,Daxolimab,Oncology,2024-Q1,Vomiting,False,Serious,Consumer,JP,45-64,1
DRG003,Daxolimab,Oncology,2024-Q1,Thrombocytopenia,False,Serious,Physician,GB,45-64,1
DRG003,Daxolimab,Oncology,2024-Q1,Anemia,False,Moderate,Physician,JP,45-64,1
DRG003,Daxolimab,Oncology,2024-Q1,Anemia,False,Moderate,Physician,US,65-74,1
DRG003,Daxolimab,Oncology,2024-Q1,Nausea,False,Critical,Physician,DE,65-74,1
DRG003,Daxolimab,Oncology,2024-Q1,Alopecia,False,Serious,Consumer,JP,65-74,1
DRG003,Daxolimab,Oncology,2024-Q1,Thrombocytopenia,False,Mild,Consumer,US,65-74,1
DRG003,Daxolimab,Oncology,2024-Q1,Neutropenia,False,Mild,Consumer,US,65-74,1
DRG003,Daxolimab,Oncology,2024-Q1,Nausea,False,Moderate,Physician,US,65-74,1
DRG003,Daxolimab,Oncology,2024-Q1,Vomiting,False,Moderate,Other,FR,18-44,1
DRG003,Daxolimab,Oncology,2024-Q1,Alopecia,False,Mild,Physician,FR,45-64,1
DRG003,Daxolimab,Oncology,2024-Q1,Fatigue,False,Moderate,Consumer,JP,45-64,1
DRG003,Daxolimab,Oncology,2024-Q1,Neutropenia,False,Critical,Other,US,45-64,1
DRG003,Daxolimab,Oncology,2024-Q1,Vomiting,False,Mild,Pharmacist,US,65-74,1
DRG003,Daxolimab,Oncology,2024-Q1,Alopecia,False,Mild,Physician,US,75+,1
DRG003,Daxolimab,Oncology,2024-Q1,Vomiting,False,Mild,Consumer,JP,65-74,1
DRG003,Daxolimab,Oncology,2024-Q1,Anemia,False,Moderate,Physician,US,75+,1
DRG003,Daxolimab,Oncology,2024-Q1,Vomiting,False,Moderate,Physician,US,65-74,1
DRG003,Daxolimab,Oncology,2024-Q1,Fatigue,False,Mild,Consumer,GB,45-64,1
DRG003,Daxolimab,Oncology,2024-Q1,Fatigue,False,Moderate,Consumer,CA,65-74,1
DRG003,Daxolimab,Oncology,2024-Q1,Neutropenia,False,Critical,Pharmacist,CA,75+,1
DRG003,Daxolimab,Oncology,2024-Q1,Anemia,False,Critical,Pharmacist,DE,65-74,1
DRG003,Daxolimab,Oncology,2024-Q1,Nausea,False,Mild,Consumer,US,18-44,1
DRG003,Daxolimab,Oncology,2024-Q1,Alopecia,False,Serious,Physician,FR,65-74,1
DRG003,Daxolimab,Oncology,2024-Q1,Fatigue,False,Mild,Consumer,CA,45-64,1
DRG003,Daxolimab,Oncology,2024-Q1,Fatigue,False,Moderate,Consumer,US,45-64,1
DRG003,Daxolimab,Oncology,2024-Q1,Nausea,False,Moderate,Pharmacist,DE,18-44,1
DRG003,Daxolimab,Oncology,2024-Q1,Vomiting,False,Moderate,Consumer,US,45-64,1
DRG003,Daxolimab,Oncology,2024-Q1,Anemia,False,Mild,Physician,JP,75+,1
DRG003,Daxolimab,Oncology,2024-Q1,Thrombocytopenia,False,Mild,Physician,DE,45-64,1
DRG003,Daxolimab,Oncology,2024-Q1,Neutropenia,False,Moderate,Pharmacist,US,65-74,1
DRG003,Daxolimab,Oncology,2024-Q1,Alopecia,False,Mild,Physician,JP,75+,1
DRG003,Daxolimab,Oncology,2024-Q1,Thrombocytopenia,False,Mild,Physician,US,45-64,1
DRG003,Daxolimab,Oncology,2024-Q1,Neutropenia,False,Moderate,Physician,GB,45-64,1
DRG003,Daxolimab,Oncology,2024-Q1,Alopecia,False,Mild,Pharmacist,FR,65-74,1
DRG003,Daxolimab,Oncology,2024-Q1,Nausea,False,Mild,Physician,DE,18-44,1
DRG003,Daxolimab,Oncology,2024-Q1,Neutropenia,False,Mild,Pharmacist,US,65-74,1
DRG003,Daxolimab,Oncology,2024-Q1,Vomiting,False,Mild,Pharmacist,GB,45-64,1
DRG003,Daxolimab,Oncology,2024-Q1,Vomiting,False,Critical,Consumer,US,45-64,1
DRG003,Daxolimab,Oncology,2024-Q1,Fatigue,False,Mild,Pharmacist,US,45-64,1
DRG003,Daxolimab,Oncology,2024-Q1,Vomiting,False,Moderate,Other,JP,65-74,1
DRG003,Daxolimab,Oncology,2024-Q1,Alopecia,False,Serious,Physician,US,45-64,1
DRG003,Daxolimab,Oncology,2024-Q1,Thrombocytopenia,False,Moderate,Pharmacist,JP,45-64,1
DRG003,Daxolimab,Oncology,2024-Q1,Alopecia,False,Critical,Consumer,US,18-44,1
DRG003,Daxolimab,Oncology,2024-Q1,Nausea,False,Mild,Other,US,45-64,1
DRG003,Daxolimab,Oncology,2024-Q1,Vomiting,False,Mild,Consumer,GB,65-74,1
DRG003,Daxolimab,Oncology,2024-Q1,Nausea,False,Mild,Consumer,DE,45-64,1
DRG003,Daxolimab,Oncology,2024-Q1,Thrombocytopenia,False,Moderate,Physician,GB,18-44,1
DRG003,Daxolimab,Oncology,2024-Q1,Nausea,False,Moderate,Other,US,18-44,1
DRG003,Daxolimab,Oncology,2024-Q1,Alopecia,False,Moderate,Consumer,CA,45-64,1
DRG003,Daxolimab,Oncology,2024-Q1,Anemia,False,Moderate,Pharmacist,US,65-74,1
DRG003,Daxolimab,Oncology,2024-Q1,Fatigue,False,Moderate,Physician,US,65-74,1
DRG003,Daxolimab,Oncology,2024-Q1,Vomiting,False,Mild,Physician,FR,65-74,1
DRG003,Daxolimab,Oncology,2024-Q1,Thrombocytopenia,False,Critical,Physician,US,65-74,1
DRG003,Daxolimab,Oncology,2024-Q1,Alopecia,False,Mild,Physician,DE,18-44,1
DRG003,Daxolimab,Oncology,2024-Q1,Thrombocytopenia,False,Critical,Other,US,65-74,1
DRG003,Daxolimab,Oncology,2024-Q1,Nausea,False,Moderate,Physician,US,45-64,1
DRG003,Daxolimab,Oncology,2024-Q1,Fatigue,False,Mild,Consumer,US,65-74,1
DRG003,Daxolimab,Oncology,2024-Q1,Anemia,False,Moderate,Other,GB,65-74,1
DRG003,Daxolimab,Oncology,2024-Q1,Vomiting,False,Serious,Pharmacist,JP,45-64,1
DRG003,Daxolimab,Oncology,2024-Q1,Anemia,False,Mild,Physician,CA,65-74,1
DRG003,Daxolimab,Oncology,2024-Q1,Fatigue,False,Mild,Consumer,US,18-44,1
DRG003,Daxolimab,Oncology,2024-Q1,Anemia,False,Mild,Pharmacist,DE,65-74,1
DRG003,Daxolimab,Oncology,2024-Q1,Nausea,False,Critical,Physician,US,45-64,1
DRG003,Daxolimab,Oncology,2024-Q1,Vomiting,False,Moderate,Consumer,GB,75+,1
DRG003,Daxolimab,Oncology,2024-Q1,Vomiting,False,Mild,Physician,DE,45-64,1
DRG003,Daxolimab,Oncology,2024-Q1,Fatigue,False,Moderate,Physician,GB,45-64,1
DRG003,Daxolimab,Oncology,2024-Q1,Alopecia,False,Mild,Consumer,US,65-74,1
DRG003,Daxolimab,Oncology,2024-Q1,Alopecia,False,Serious,Pharmacist,US,45-64,1
DRG003,Daxolimab,Oncology,2024-Q1,Anemia,False,Mild,Pharmacist,DE,45-64,1
DRG003,Daxolimab,Oncology,2024-Q1,Anemia,False,Moderate,Pharmacist,DE,18-44,1
DRG003,Daxolimab,Oncology,2024-Q1,Anemia,False,Serious,Physician,US,65-74,1
DRG003,Daxolimab,Oncology,2024-Q1,Anemia,False,Serious,Pharmacist,CA,65-74,1
DRG003,Daxolimab,Oncology,2024-Q1,Thrombocytopenia,False,Moderate,Physician,US,65-74,1
DRG003,Daxolimab,Oncology,2024-Q1,Fatigue,False,Critical,Other,US,65-74,1
DRG003,Daxolimab,Oncology,2024-Q1,Fatigue,False,Moderate,Consumer,DE,45-64,1
DRG003,Daxolimab,Oncology,2024-Q1,Anemia,False,Mild,Physician,US,65-74,1
DRG003,Daxolimab,Oncology,2024-Q1,Anemia,False,Mild,Consumer,DE,45-64,1
DRG003,Daxolimab,Oncology,2024-Q1,Anemia,False,Mild,Pharmacist,US,18-44,1
DRG003,Daxolimab,Oncology,2024-Q1,Neutropenia,False,Moderate,Consumer,US,18-44,1
DRG003,Daxolimab,Oncology,2024-Q1,Fatigue,False,Mild,Pharmacist,US,65-74,1
DRG003,Daxolimab,Oncology,2024-Q1,Thrombocytopenia,False,Mild,Pharmacist,JP,75+,1
DRG003,Daxolimab,Oncology,2024-Q1,Thrombocytopenia,False,Critical,Other,US,45-64,1
DRG003,Daxolimab,Oncology,2024-Q1,Neutropenia,False,Mild,Physician,JP,45-64,1
DRG003,Daxolimab,Oncology,2024-Q1,Nausea,False,Serious,Physician,US,45-64,1
DRG003,Daxolimab,Oncology,2024-Q1,Nausea,False,Mild,Consumer,JP,45-64,1
DRG004,Norafentix,CNS,2023-Q2,Tremor,False,Serious,Physician,US,45-64,2
DRG004,Norafentix,CNS,2023-Q2,Anxiety,False,Critical,Physician,US,45-64,2
DRG004,Norafentix,CNS,2023-Q2,Anxiety,False,Critical,Consumer,GB,65-74,1
DRG004,Norafentix,CNS,2023-Q2,Insomnia,False,Serious,Consumer,DE,45-64,1
DRG004,Norafentix,CNS,2023-Q2,Nausea,False,Serious,Consumer,US,18-44,1
DRG004,Norafentix,CNS,2023-Q2,Dizziness,False,Critical,Physician,US,18-44,1
DRG004,Norafentix,CNS,2023-Q2,Anxiety,False,Moderate,Other,US,18-44,1
DRG004,Norafentix,CNS,2023-Q2,Nausea,False,Moderate,Consumer,US,45-64,1
DRG004,Norafentix,CNS,2023-Q2,Somnolence,False,Mild,Consumer,US,45-64,1
DRG004,Norafentix,CNS,2023-Q2,Dizziness,False,Serious,Pharmacist,FR,45-64,1
DRG004,Norafentix,CNS,2023-Q2,Headache,False,Mild,Consumer,US,45-64,1
DRG004,Norafentix,CNS,2023-Q2,Anxiety,False,Serious,Pharmacist,US,45-64,1
DRG004,Norafentix,CNS,2023-Q2,Dizziness,False,Mild,Pharmacist,GB,75+,1
DRG004,Norafentix,CNS,2023-Q2,Tremor,False,Mild,Physician,JP,65-74,1
DRG004,Norafentix,CNS,2023-Q2,Anxiety,False,Moderate,Other,US,65-74,1
DRG004,Norafentix,CNS,2023-Q2,Tremor,False,Serious,Pharmacist,US,45-64,1
DRG004,Norafentix,CNS,2023-Q2,Headache,False,Serious,Physician,FR,18-44,1
DRG004,Norafentix,CNS,2023-Q2,Tremor,False,Critical,Other,US,65-74,1
DRG004,Norafentix,CNS,2023-Q2,Nausea,False,Moderate,Pharmacist,US,65-74,1
DRG004,Norafentix,CNS,2023-Q2,Headache,False,Moderate,Physician,DE,45-64,1
DRG004,Norafentix,CNS,2023-Q2,Headache,False,Critical,Consumer,US,45-64,1
DRG004,Norafentix,CNS,2023-Q2,Anxiety,False,Serious,Other,DE,65-74,1
DRG004,Norafentix,CNS,2023-Q2,Headache,False,Moderate,Pharmacist,US,65-74,1
DRG004,Norafentix,CNS,2023-Q2,Dizziness,False,Mild,Physician,US,65-74,1
DRG004,Norafentix,CNS,2023-Q2,Somnolence,False,Critical,Consumer,US,45-64,1
DRG004,Norafentix,CNS,2023-Q2,Nausea,False,Mild,Consumer,US,65-74,1
DRG004,Norafentix,CNS,2023-Q2,Tremor,False,Moderate,Other,DE,45-64,1
DRG004,Norafentix,CNS,2023-Q2,Somnolence,False,Moderate,Consumer,US,45-64,1
DRG004,Norafentix,CNS,2023-Q2,Dizziness,False,Critical,Consumer,US,45-64,1
DRG004,Norafentix,CNS,2023-Q2,Nausea,False,Serious,Pharmacist,FR,45-64,1
DRG004,Norafentix,CNS,2023-Q2,Insomnia,False,Serious,Consumer,US,65-74,1
DRG004,Norafentix,CNS,2023-Q2,Anxiety,False,Serious,Physician,US,65-74,1
DRG004,Norafentix,CNS,2023-Q2,Insomnia,False,Critical,Physician,US,18-44,1
DRG004,Norafentix,CNS,2023-Q2,Somnolence,False,Critical,Physician,FR,45-64,1
DRG004,Norafentix,CNS,2023-Q2,Somnolence,False,Mild,Pharmacist,DE,65-74,1
DRG004,Norafentix,CNS,2023-Q2,Nausea,False,Serious,Pharmacist,US,65-74,1
DRG004,Norafentix,CNS,2023-Q2,Headache,False,Serious,Physician,GB,45-64,1
DRG004,Norafentix,CNS,2023-Q2,Dizziness,False,Critical,Other,US,65-74,1
DRG004,Norafentix,CNS,2023-Q2,Headache,False,Moderate,Other,GB,45-64,1
DRG004,Norafentix,CNS,2023-Q2,Anxiety,False,Mild,Pharmacist,FR,65-74,1
DRG004,Norafentix,CNS,2023-Q2,Tremor,False,Moderate,Consumer,US,65-74,1
DRG004,Norafentix,CNS,2023-Q2,Anxiety,False,Moderate,Pharmacist,JP,18-44,1
DRG004,Norafentix,CNS,2023-Q2,Tremor,False,Critical,Other,GB,65-74,1
DRG004,Norafentix,CNS,2023-Q2,Headache,False,Mild,Consumer,FR,18-44,1
DRG004,Norafentix,CNS,2023-Q2,Tremor,False,Moderate,Consumer,CA,75+,1
DRG004,Norafentix,CNS,2023-Q2,Somnolence,False,Critical,Other,US,45-64,1
DRG004,Norafentix,CNS,2023-Q2,Anxiety,False,Mild,Consumer,JP,18-44,1
DRG004,Norafentix,CNS,2023-Q2,Tremor,False,Serious,Consumer,US,65-74,1
DRG004,Norafentix,CNS,2023-Q2,Dizziness,False,Moderate,Other,US,18-44,1
DRG004,Norafentix,CNS,2023-Q2,Headache,False,Moderate,Physician,GB,45-64,1
DRG004,Norafentix,CNS,2023-Q2,Tremor,False,Critical,Consumer,US,75+,1
DRG004,Norafentix,CNS,2023-Q2,Anxiety,False,Serious,Physician,DE,45-64,1
DRG004,Norafentix,CNS,2023-Q2,Somnolence,False,Critical,Pharmacist,US,75+,1
DRG004,Norafentix,CNS,2023-Q2,Nausea,False,Serious,Other,US,45-64,1
DRG004,Norafentix,CNS,2023-Q2,Headache,False,Moderate,Pharmacist,GB,45-64,1
DRG004,Norafentix,CNS,2023-Q2,Somnolence,False,Mild,Pharmacist,US,45-64,1
DRG004,Norafentix,CNS,2023-Q2,Insomnia,False,Critical,Physician,DE,18-44,1
DRG004,Norafentix,CNS,2023-Q2,Nausea,False,Mild,Consumer,CA,45-64,1
DRG004,Norafentix,CNS,2023-Q2,Headache,False,Moderate,Pharmacist,US,18-44,1
DRG004,Norafentix,CNS,2023-Q2,Dizziness,False,Moderate,Pharmacist,GB,45-64,1
DRG004,Norafentix,CNS,2023-Q2,Anxiety,False,Mild,Pharmacist,DE,45-64,1
DRG004,Norafentix,CNS,2023-Q2,Insomnia,False,Serious,Physician,CA,45-64,1
DRG004,Norafentix,CNS,2023-Q2,Headache,False,Serious,Physician,JP,45-64,1
DRG004,Norafentix,CNS,2023-Q2,Nausea,False,Serious,Other,GB,65-74,1
DRG004,Norafentix,CNS,2023-Q2,Headache,False,Mild,Other,US,75+,1
DRG004,Norafentix,CNS,2023-Q2,Serotonin syndrome,True,Moderate,Pharmacist,FR,65-74,1
DRG004,Norafentix,CNS,2023-Q2,Insomnia,False,Moderate,Physician,DE,18-44,1
DRG004,Norafentix,CNS,2023-Q2,Anxiety,False,Moderate,Physician,GB,18-44,1
DRG004,Norafentix,CNS,2023-Q2,Headache,False,Serious,Consumer,US,45-64,1
DRG004,Norafentix,CNS,2023-Q2,Insomnia,False,Serious,Pharmacist,US,65-74,1
DRG004,Norafentix,CNS,2023-Q2,Akathisia,True,Serious,Pharmacist,FR,65-74,1
DRG004,Norafentix,CNS,2023-Q2,Akathisia,True,Mild,Consumer,US,45-64,1
DRG004,Norafentix,CNS,2023-Q2,Nausea,False,Critical,Consumer,US,18-44,1
DRG004,Norafentix,CNS,2023-Q2,Nausea,False,Moderate,Physician,US,65-74,1
DRG004,Norafentix,CNS,2023-Q2,Insomnia,False,Serious,Physician,US,45-64,1
DRG004,Norafentix,CNS,2023-Q2,Hallucination,True,Moderate,Physician,US,75+,1
DRG004,Norafentix,CNS,2023-Q2,Hallucination,True,Serious,Physician,US,75+,1
DRG004,Norafentix,CNS,2023-Q2,Serotonin syndrome,True,Critical,Physician,CA,65-74,1
DRG004,Norafentix,CNS,2023-Q2,Nausea,False,Mild,Other,US,45-64,1
DRG004,Norafentix,CNS,2023-Q2,Akathisia,True,Moderate,Consumer,FR,45-64,1
DRG004,Norafentix,CNS,2023-Q2,Anxiety,False,Moderate,Consumer,US,65-74,1
DRG004,Norafentix,CNS,2023-Q2,Headache,False,Critical,Other,FR,18-44,1
DRG004,Norafentix,CNS,2023-Q2,Serotonin syndrome,True,Serious,Physician,FR,45-64,1
DRG004,Norafentix,CNS,2023-Q2,Insomnia,False,Critical,Other,FR,18-44,1
DRG004,Norafentix,CNS,2023-Q2,Serotonin syndrome,True,Moderate,Pharmacist,US,75+,1
DRG004,Norafentix,CNS,2023-Q2,Anxiety,False,Serious,Physician,DE,75+,1
DRG004,Norafentix,CNS,2023-Q2,Akathisia,True,Serious,Pharmacist,DE,65-74,1
DRG004,Norafentix,CNS,2023-Q2,Serotonin syndrome,True,Critical,Pharmacist,US,18-44,1
DRG004,Norafentix,CNS,2023-Q2,Somnolence,False,Mild,Physician,CA,18-44,1
DRG004,Norafentix,CNS,2023-Q2,Tremor,False,Moderate,Physician,FR,18-44,1
DRG004,Norafentix,CNS,2023-Q2,Insomnia,False,Serious,Pharmacist,DE,65-74,1
DRG004,Norafentix,CNS,2023-Q2,Dizziness,False,Moderate,Physician,US,18-44,1
DRG004,Norafentix,CNS,2023-Q3,Somnolence,False,Moderate,Physician,US,45-64,2
DRG004,Norafentix,CNS,2023-Q3,Anxiety,False,Critical,Consumer,US,65-74,2
DRG004,Norafentix,CNS,2023-Q3,Akathisia,True,Serious,Consumer,US,45-64,2
DRG004,Norafentix,CNS,2023-Q3,Hallucination,True,Moderate,Physician,US,45-64,2
DRG004,Norafentix,CNS,2023-Q3,Headache,False,Mild,Physician,JP,45-64,1
DRG004,Norafentix,CNS,2023-Q3,Dizziness,False,Mild,Other,GB,45-64,1
DRG004,Norafentix,CNS,2023-Q3,Akathisia,True,Serious,Pharmacist,US,45-64,1
DRG004,Norafentix,CNS,2023-Q3,Serotonin syndrome,True,Mild,Other,US,75+,1
DRG004,Norafentix,CNS,2023-Q3,Headache,False,Critical,Physician,US,65-74,1
DRG004,Norafentix,CNS,2023-Q3,Tremor,False,Moderate,Physician,FR,45-64,1
DRG004,Norafentix,CNS,2023-Q3,Hallucination,True,Critical,Physician,US,45-64,1
DRG004,Norafentix,CNS,2023-Q3,Hallucination,True,Serious,Other,US,65-74,1
DRG004,Norafentix,CNS,2023-Q3,Nausea,False,Serious,Consumer,JP,45-64,1
DRG004,Norafentix,CNS,2023-Q3,Somnolence,False,Serious,Physician,CA,75+,1
DRG004,Norafentix,CNS,2023-Q3,Somnolence,False,Moderate,Other,US,45-64,1
DRG004,Norafentix,CNS,2023-Q3,Tremor,False,Critical,Other,CA,75+,1
DRG004,Norafentix,CNS,2023-Q3,Headache,False,Mild,Other,US,75+,1
DRG004,Norafentix,CNS,2023-Q3,Somnolence,False,Mild,Other,DE,18-44,1
DRG004,Norafentix,CNS,2023-Q3,Tremor,False,Mild,Physician,JP,18-44,1
DRG004,Norafentix,CNS,2023-Q3,Anxiety,False,Mild,Physician,CA,45-64,1
DRG004,Norafentix,CNS,2023-Q3,Akathisia,True,Mild,Other,US,65-74,1
DRG004,Norafentix,CNS,2023-Q3,Somnolence,False,Critical,Pharmacist,CA,18-44,1
DRG004,Norafentix,CNS,2023-Q3,Anxiety,False,Moderate,Consumer,CA,18-44,1
DRG004,Norafentix,CNS,2023-Q3,Headache,False,Serious,Physician,US,65-74,1
DRG004,Norafentix,CNS,2023-Q3,Hallucination,True,Critical,Physician,US,65-74,1
DRG004,Norafentix,CNS,2023-Q3,Anxiety,False,Moderate,Consumer,US,65-74,1
DRG004,Norafentix,CNS,2023-Q3,Insomnia,False,Mild,Physician,JP,45-64,1
DRG004,Norafentix,CNS,2023-Q3,Serotonin syndrome,True,Moderate,Pharmacist,GB,45-64,1
DRG004,Norafentix,CNS,2023-Q3,Insomnia,False,Moderate,Physician,US,75+,1
DRG004,Norafentix,CNS,2023-Q3,Insomnia,False,Mild,Physician,US,45-64,1
DRG004,Norafentix,CNS,2023-Q3,Hallucination,True,Mild,Physician,DE,65-74,1
DRG004,Norafentix,CNS,2023-Q3,Nausea,False,Critical,Physician,US,65-74,1
DRG004,Norafentix,CNS,2023-Q3,Anxiety,False,Serious,Other,FR,45-64,1
DRG004,Norafentix,CNS,2023-Q3,Insomnia,False,Moderate,Consumer,DE,65-74,1
DRG004,Norafentix,CNS,2023-Q3,Akathisia,True,Mild,Physician,US,65-74,1
DRG004,Norafentix,CNS,2023-Q3,Insomnia,False,Moderate,Physician,DE,65-74,1
DRG004,Norafentix,CNS,2023-Q3,Insomnia,False,Moderate,Other,CA,45-64,1
DRG004,Norafentix,CNS,2023-Q3,Akathisia,True,Serious,Consumer,DE,65-74,1
DRG004,Norafentix,CNS,2023-Q3,Akathisia,True,Moderate,Pharmacist,CA,45-64,1
DRG004,Norafentix,CNS,2023-Q3,Headache,False,Mild,Consumer,GB,45-64,1
DRG004,Norafentix,CNS,2023-Q3,Headache,False,Mild,Physician,US,45-64,1
DRG004,Norafentix,CNS,2023-Q3,Akathisia,True,Mild,Other,JP,45-64,1
DRG004,Norafentix,CNS,2023-Q3,Nausea,False,Critical,Consumer,JP,18-44,1
DRG004,Norafentix,CNS,2023-Q3,Dizziness,False,Critical,Pharmacist,US,18-44,1
DRG004,Norafentix,CNS,2023-Q3,Serotonin syndrome,True,Mild,Physician,FR,65-74,1
DRG004,Norafentix,CNS,2023-Q3,Somnolence,False,Mild,Physician,GB,45-64,1
DRG004,Norafentix,CNS,2023-Q3,Akathisia,True,Serious,Pharmacist,JP,65-74,1
DRG004,Norafentix,CNS,2023-Q3,Tremor,False,Serious,Pharmacist,CA,45-64,1
DRG004,Norafentix,CNS,2023-Q3,Hallucination,True,Serious,Consumer,US,45-64,1
DRG004,Norafentix,CNS,2023-Q3,Anxiety,False,Critical,Physician,JP,75+,1
DRG004,Norafentix,CNS,2023-Q3,Dizziness,False,Serious,Pharmacist,US,75+,1
DRG004,Norafentix,CNS,2023-Q3,Nausea,False,Moderate,Pharmacist,US,45-64,1
DRG004,Norafentix,CNS,2023-Q3,Dizziness,False,Serious,Physician,US,75+,1
DRG004,Norafentix,CNS,2023-Q3,Anxiety,False,Moderate,Consumer,US,75+,1
DRG004,Norafentix,CNS,2023-Q3,Tremor,False,Moderate,Pharmacist,US,18-44,1
DRG004,Norafentix,CNS,2023-Q3,Akathisia,True,Serious,Pharmacist,US,75+,1
DRG004,Norafentix,CNS,2023-Q3,Nausea,False,Serious,Consumer,US,75+,1
DRG004,Norafentix,CNS,2023-Q3,Nausea,False,Serious,Pharmacist,US,45-64,1
DRG004,Norafentix,CNS,2023-Q3,Tremor,False,Critical,Physician,US,45-64,1
DRG004,Norafentix,CNS,2023-Q3,Dizziness,False,Critical,Pharmacist,US,45-64,1
DRG004,Norafentix,CNS,2023-Q3,Tremor,False,Critical,Physician,US,75+,1
DRG004,Norafentix,CNS,2023-Q3,Hallucination,True,Serious,Physician,CA,45-64,1
DRG004,Norafentix,CNS,2023-Q3,Anxiety,False,Mild,Consumer,FR,65-74,1
DRG004,Norafentix,CNS,2023-Q3,Hallucination,True,Critical,Physician,DE,65-74,1
DRG004,Norafentix,CNS,2023-Q3,Headache,False,Moderate,Consumer,JP,45-64,1
DRG004,Norafentix,CNS,2023-Q3,Headache,False,Critical,Physician,GB,45-64,1
DRG004,Norafentix,CNS,2023-Q3,Akathisia,True,Critical,Physician,US,18-44,1
DRG004,Norafentix,CNS,2023-Q3,Hallucination,True,Mild,Physician,CA,45-64,1
DRG004,Norafentix,CNS,2023-Q3,Headache,False,Critical,Physician,CA,18-44,1
DRG004,Norafentix,CNS,2023-Q3,Somnolence,False,Critical,Other,CA,18-44,1
DRG004,Norafentix,CNS,2023-Q3,Headache,False,Mild,Pharmacist,US,65-74,1
DRG004,Norafentix,CNS,2023-Q3,Anxiety,False,Moderate,Consumer,CA,65-74,1
DRG004,Norafentix,CNS,2023-Q3,Serotonin syndrome,True,Moderate,Consumer,US,65-74,1
DRG004,Norafentix,CNS,2023-Q3,Nausea,False,Moderate,Consumer,US,45-64,1
DRG004,Norafentix,CNS,2023-Q3,Nausea,False,Critical,Physician,FR,45-64,1
DRG004,Norafentix,CNS,2023-Q3,Serotonin syndrome,True,Serious,Physician,US,45-64,1
DRG004,Norafentix,CNS,2023-Q3,Dizziness,False,Moderate,Physician,US,45-64,1
DRG004,Norafentix,CNS,2023-Q3,Nausea,False,Moderate,Physician,GB,18-44,1
DRG004,Norafentix,CNS,2023-Q3,Headache,False,Serious,Physician,CA,65-74,1
DRG004,Norafentix,CNS,2023-Q3,Tremor,False,Moderate,Physician,DE,65-74,1
DRG004,Norafentix,CNS,2023-Q3,Dizziness,False,Mild,Consumer,US,75+,1
DRG004,Norafentix,CNS,2023-Q3,Hallucination,True,Serious,Pharmacist,DE,45-64,1
DRG004,Norafentix,CNS,2023-Q3,Nausea,False,Critical,Pharmacist,JP,75+,1
DRG004,Norafentix,CNS,2023-Q3,Nausea,False,Critical,Consumer,GB,18-44,1
DRG004,Norafentix,CNS,2023-Q3,Akathisia,True,Serious,Physician,US,45-64,1
DRG004,Norafentix,CNS,2023-Q3,Akathisia,True,Mild,Pharmacist,US,75+,1
DRG004,Norafentix,CNS,2023-Q3,Nausea,False,Serious,Other,GB,45-64,1
DRG004,Norafentix,CNS,2023-Q3,Insomnia,False,Serious,Pharmacist,US,45-64,1
DRG004,Norafentix,CNS,2023-Q3,Serotonin syndrome,True,Mild,Consumer,CA,65-74,1
DRG004,Norafentix,CNS,2023-Q3,Nausea,False,Serious,Other,US,45-64,1
DRG004,Norafentix,CNS,2023-Q3,Akathisia,True,Critical,Pharmacist,DE,45-64,1
DRG004,Norafentix,CNS,2023-Q3,Somnolence,False,Serious,Physician,US,45-64,1
DRG004,Norafentix,CNS,2023-Q3,Akathisia,True,Moderate,Physician,GB,65-74,1
DRG004,Norafentix,CNS,2023-Q3,Anxiety,False,Moderate,Other,FR,18-44,1
DRG004,Norafentix,CNS,2023-Q3,Serotonin syndrome,True,Moderate,Physician,CA,45-64,1
DRG004,Norafentix,CNS,2023-Q3,Serotonin syndrome,True,Mild,Physician,US,75+,1
DRG004,Norafentix,CNS,2023-Q3,Tremor,False,Moderate,Consumer,CA,65-74,1
DRG004,Norafentix,CNS,2023-Q3,Hallucination,True,Critical,Consumer,US,75+,1
DRG004,Norafentix,CNS,2023-Q3,Akathisia,True,Serious,Other,JP,18-44,1
DRG004,Norafentix,CNS,2023-Q3,Insomnia,False,Moderate,Pharmacist,DE,45-64,1
DRG004,Norafentix,CNS,2023-Q3,Nausea,False,Serious,Consumer,US,45-64,1
DRG004,Norafentix,CNS,2023-Q3,Anxiety,False,Critical,Consumer,US,18-44,1
DRG004,Norafentix,CNS,2023-Q3,Insomnia,False,Moderate,Pharmacist,JP,75+,1
DRG004,Norafentix,CNS,2023-Q3,Akathisia,True,Moderate,Physician,US,45-64,1
DRG004,Norafentix,CNS,2023-Q3,Akathisia,True,Mild,Physician,FR,45-64,1
DRG004,Norafentix,CNS,2023-Q3,Serotonin syndrome,True,Critical,Other,US,75+,1
DRG004,Norafentix,CNS,2023-Q3,Insomnia,False,Moderate,Consumer,CA,45-64,1
DRG004,Norafentix,CNS,2023-Q3,Tremor,False,Serious,Consumer,US,75+,1
DRG004,Norafentix,CNS,2023-Q3,Hallucination,True,Serious,Physician,US,45-64,1
DRG004,Norafentix,CNS,2023-Q3,Tremor,False,Serious,Pharmacist,US,75+,1
DRG004,Norafentix,CNS,2023-Q3,Serotonin syndrome,True,Critical,Pharmacist,US,45-64,1
DRG004,Norafentix,CNS,2023-Q3,Akathisia,True,Moderate,Other,US,75+,1
DRG004,Norafentix,CNS,2023-Q3,Nausea,False,Moderate,Pharmacist,FR,45-64,1
DRG004,Norafentix,CNS,2023-Q3,Headache,False,Serious,Consumer,CA,45-64,1
DRG004,Norafentix,CNS,2023-Q3,Nausea,False,Mild,Pharmacist,GB,75+,1
DRG004,Norafentix,CNS,2023-Q3,Hallucination,True,Moderate,Consumer,FR,65-74,1
DRG004,Norafentix,CNS,2023-Q4,Tremor,False,Moderate,Physician,US,65-74,3
DRG004,Norafentix,CNS,2023-Q4,Hallucination,True,Moderate,Consumer,US,45-64,3
DRG004,Norafentix,CNS,2023-Q4,Somnolence,False,Moderate,Physician,US,65-74,2
DRG004,Norafentix,CNS,2023-Q4,Anxiety,False,Moderate,Pharmacist,US,45-64,2
DRG004,Norafentix,CNS,2023-Q4,Serotonin syndrome,True,Serious,Other,US,45-64,2
DRG004,Norafentix,CNS,2023-Q4,Tremor,False,Moderate,Pharmacist,US,65-74,2
DRG004,Norafentix,CNS,2023-Q4,Hallucination,True,Mild,Consumer,US,45-64,2
DRG004,Norafentix,CNS,2023-Q4,Hallucination,True,Serious,Consumer,US,65-74,2
DRG004,Norafentix,CNS,2023-Q4,Serotonin syndrome,True,Serious,Physician,US,45-64,2
DRG004,Norafentix,CNS,2023-Q4,Hallucination,True,Mild,Pharmacist,US,75+,2
DRG004,Norafentix,CNS,2023-Q4,Anxiety,False,Mild,Other,DE,45-64,1
DRG004,Norafentix,CNS,2023-Q4,Somnolence,False,Mild,Other,US,45-64,1
DRG004,Norafentix,CNS,2023-Q4,Headache,False,Serious,Pharmacist,US,65-74,1
DRG004,Norafentix,CNS,2023-Q4,Insomnia,False,Mild,Consumer,US,45-64,1
DRG004,Norafentix,CNS,2023-Q4,Akathisia,True,Moderate,Physician,US,45-64,1
DRG004,Norafentix,CNS,2023-Q4,Nausea,False,Moderate,Physician,US,45-64,1
DRG004,Norafentix,CNS,2023-Q4,Akathisia,True,Critical,Consumer,US,18-44,1
DRG004,Norafentix,CNS,2023-Q4,Serotonin syndrome,True,Mild,Physician,US,18-44,1
DRG004,Norafentix,CNS,2023-Q4,Serotonin syndrome,True,Critical,Consumer,FR,45-64,1
DRG004,Norafentix,CNS,2023-Q4,Akathisia,True,Mild,Pharmacist,FR,75+,1
DRG004,Norafentix,CNS,2023-Q4,Akathisia,True,Moderate,Physician,DE,18-44,1
DRG004,Norafentix,CNS,2023-Q4,Insomnia,False,Serious,Consumer,US,65-74,1
DRG004,Norafentix,CNS,2023-Q4,Serotonin syndrome,True,Moderate,Pharmacist,CA,65-74,1
DRG004,Norafentix,CNS,2023-Q4,Dizziness,False,Moderate,Physician,US,45-64,1
DRG004,Norafentix,CNS,2023-Q4,Nausea,False,Serious,Pharmacist,FR,18-44,1
DRG004,Norafentix,CNS,2023-Q4,Tremor,False,Moderate,Consumer,US,45-64,1
DRG004,Norafentix,CNS,2023-Q4,Tremor,False,Moderate,Physician,FR,18-44,1
DRG004,Norafentix,CNS,2023-Q4,Hallucination,True,Mild,Physician,GB,65-74,1
DRG004,Norafentix,CNS,2023-Q4,Hallucination,True,Serious,Consumer,DE,18-44,1
DRG004,Norafentix,CNS,2023-Q4,Hallucination,True,Moderate,Consumer,US,18-44,1
DRG004,Norafentix,CNS,2023-Q4,Headache,False,Critical,Consumer,US,18-44,1
DRG004,Norafentix,CNS,2023-Q4,Nausea,False,Serious,Physician,CA,45-64,1
DRG004,Norafentix,CNS,2023-Q4,Serotonin syndrome,True,Moderate,Consumer,CA,65-74,1
DRG004,Norafentix,CNS,2023-Q4,Akathisia,True,Moderate,Consumer,DE,45-64,1
DRG004,Norafentix,CNS,2023-Q4,Akathisia,True,Serious,Pharmacist,CA,65-74,1
DRG004,Norafentix,CNS,2023-Q4,Anxiety,False,Serious,Pharmacist,US,45-64,1
DRG004,Norafentix,CNS,2023-Q4,Anxiety,False,Serious,Physician,FR,75+,1
DRG004,Norafentix,CNS,2023-Q4,Somnolence,False,Serious,Pharmacist,US,45-64,1
DRG004,Norafentix,CNS,2023-Q4,Akathisia,True,Moderate,Consumer,FR,75+,1
DRG004,Norafentix,CNS,2023-Q4,Headache,False,Critical,Consumer,US,75+,1
DRG004,Norafentix,CNS,2023-Q4,Headache,False,Mild,Physician,CA,45-64,1
DRG004,Norafentix,CNS,2023-Q4,Somnolence,False,Critical,Physician,US,18-44,1
DRG004,Norafentix,CNS,2023-Q4,Dizziness,False,Moderate,Consumer,GB,45-64,1
DRG004,Norafentix,CNS,2023-Q4,Nausea,False,Moderate,Consumer,CA,65-74,1
DRG004,Norafentix,CNS,2023-Q4,Serotonin syndrome,True,Serious,Consumer,CA,45-64,1
DRG004,Norafentix,CNS,2023-Q4,Dizziness,False,Serious,Physician,US,65-74,1
DRG004,Norafentix,CNS,2023-Q4,Hallucination,True,Mild,Other,US,45-64,1
DRG004,Norafentix,CNS,2023-Q4,Hallucination,True,Moderate,Pharmacist,US,65-74,1
DRG004,Norafentix,CNS,2023-Q4,Hallucination,True,Serious,Consumer,CA,18-44,1
DRG004,Norafentix,CNS,2023-Q4,Anxiety,False,Critical,Physician,CA,65-74,1
DRG004,Norafentix,CNS,2023-Q4,Tremor,False,Mild,Pharmacist,GB,65-74,1
DRG004,Norafentix,CNS,2023-Q4,Hallucination,True,Critical,Pharmacist,US,75+,1
DRG004,Norafentix,CNS,2023-Q4,Anxiety,False,Critical,Physician,CA,18-44,1
DRG004,Norafentix,CNS,2023-Q4,Insomnia,False,Mild,Physician,US,45-64,1
DRG004,Norafentix,CNS,2023-Q4,Hallucination,True,Moderate,Physician,US,18-44,1
DRG004,Norafentix,CNS,2023-Q4,Serotonin syndrome,True,Mild,Physician,US,75+,1
DRG004,Norafentix,CNS,2023-Q4,Serotonin syndrome,True,Serious,Physician,US,75+,1
DRG004,Norafentix,CNS,2023-Q4,Tremor,False,Moderate,Physician,DE,75+,1
DRG004,Norafentix,CNS,2023-Q4,Insomnia,False,Critical,Consumer,GB,65-74,1
DRG004,Norafentix,CNS,2023-Q4,Dizziness,False,Moderate,Physician,US,65-74,1
DRG004,Norafentix,CNS,2023-Q4,Somnolence,False,Serious,Physician,US,45-64,1
DRG004,Norafentix,CNS,2023-Q4,Dizziness,False,Mild,Physician,GB,45-64,1
DRG004,Norafentix,CNS,2023-Q4,Somnolence,False,Critical,Physician,FR,65-74,1
DRG004,Norafentix,CNS,2023-Q4,Insomnia,False,Serious,Consumer,GB,65-74,1
DRG004,Norafentix,CNS,2023-Q4,Akathisia,True,Mild,Consumer,US,65-74,1
DRG004,Norafentix,CNS,2023-Q4,Hallucination,True,Moderate,Consumer,GB,45-64,1
DRG004,Norafentix,CNS,2023-Q4,Somnolence,False,Serious,Pharmacist,JP,75+,1
DRG004,Norafentix,CNS,2023-Q4,Hallucination,True,Serious,Other,CA,45-64,1
DRG004,Norafentix,CNS,2023-Q4,Insomnia,False,Mild,Physician,US,65-74,1
DRG004,Norafentix,CNS,2023-Q4,Serotonin syndrome,True,Serious,Pharmacist,CA,75+,1
DRG004,Norafentix,CNS,2023-Q4,Headache,False,Moderate,Physician,US,45-64,1
DRG004,Norafentix,CNS,2023-Q4,Tremor,False,Mild,Consumer,FR,45-64,1
DRG004,Norafentix,CNS,2023-Q4,Anxiety,False,Critical,Other,US,18-44,1
DRG004,Norafentix,CNS,2023-Q4,Dizziness,False,Serious,Consumer,US,45-64,1
DRG004,Norafentix,CNS,2023-Q4,Anxiety,False,Critical,Consumer,US,65-74,1
DRG004,Norafentix,CNS,2023-Q4,Tremor,False,Mild,Pharmacist,US,18-44,1
DRG004,Norafentix,CNS,2023-Q4,Somnolence,False,Critical,Consumer,US,45-64,1
DRG004,Norafentix,CNS,2023-Q4,Dizziness,False,Mild,Other,US,18-44,1
DRG004,Norafentix,CNS,2023-Q4,Hallucination,True,Critical,Physician,US,45-64,1
DRG004,Norafentix,CNS,2023-Q4,Akathisia,True,Moderate,Physician,GB,65-74,1
DRG004,Norafentix,CNS,2023-Q4,Headache,False,Moderate,Pharmacist,FR,18-44,1
DRG004,Norafentix,CNS,2023-Q4,Insomnia,False,Mild,Other,FR,45-64,1
DRG004,Norafentix,CNS,2023-Q4,Dizziness,False,Moderate,Physician,DE,65-74,1
DRG004,Norafentix,CNS,2023-Q4,Serotonin syndrome,True,Moderate,Physician,US,18-44,1
DRG004,Norafentix,CNS,2023-Q4,Serotonin syndrome,True,Moderate,Pharmacist,CA,45-64,1
DRG004,Norafentix,CNS,2023-Q4,Hallucination,True,Moderate,Physician,JP,45-64,1
DRG004,Norafentix,CNS,2023-Q4,Somnolence,False,Serious,Pharmacist,FR,65-74,1
DRG004,Norafentix,CNS,2023-Q4,Hallucination,True,Serious,Physician,US,45-64,1
DRG004,Norafentix,CNS,2023-Q4,Tremor,False,Serious,Consumer,US,45-64,1
DRG004,Norafentix,CNS,2023-Q4,Headache,False,Moderate,Consumer,JP,45-64,1
DRG004,Norafentix,CNS,2023-Q4,Somnolence,False,Moderate,Consumer,FR,45-64,1
DRG004,Norafentix,CNS,2023-Q4,Anxiety,False,Moderate,Physician,US,45-64,1
DRG004,Norafentix,CNS,2023-Q4,Serotonin syndrome,True,Critical,Consumer,GB,75+,1
DRG004,Norafentix,CNS,2023-Q4,Serotonin syndrome,True,Mild,Pharmacist,US,65-74,1
DRG004,Norafentix,CNS,2023-Q4,Hallucination,True,Critical,Pharmacist,US,45-64,1
DRG004,Norafentix,CNS,2023-Q4,Hallucination,True,Serious,Consumer,US,18-44,1
DRG004,Norafentix,CNS,2023-Q4,Serotonin syndrome,True,Mild,Consumer,US,75+,1
DRG004,Norafentix,CNS,2023-Q4,Hallucination,True,Mild,Physician,DE,18-44,1
DRG004,Norafentix,CNS,2023-Q4,Hallucination,True,Serious,Physician,DE,45-64,1
DRG004,Norafentix,CNS,2023-Q4,Serotonin syndrome,True,Moderate,Other,US,45-64,1
DRG004,Norafentix,CNS,2023-Q4,Anxiety,False,Moderate,Consumer,JP,45-64,1
DRG004,Norafentix,CNS,2023-Q4,Hallucination,True,Serious,Consumer,CA,65-74,1
DRG004,Norafentix,CNS,2023-Q4,Akathisia,True,Mild,Pharmacist,US,45-64,1
DRG004,Norafentix,CNS,2023-Q4,Akathisia,True,Critical,Pharmacist,US,65-74,1
DRG004,Norafentix,CNS,2023-Q4,Somnolence,False,Mild,Physician,US,45-64,1
DRG004,Norafentix,CNS,2023-Q4,Tremor,False,Critical,Consumer,DE,45-64,1
DRG004,Norafentix,CNS,2023-Q4,Insomnia,False,Serious,Physician,US,65-74,1
DRG004,Norafentix,CNS,2023-Q4,Nausea,False,Critical,Other,US,65-74,1
DRG004,Norafentix,CNS,2023-Q4,Hallucination,True,Mild,Physician,GB,75+,1
DRG004,Norafentix,CNS,2023-Q4,Somnolence,False,Serious,Consumer,US,45-64,1
DRG004,Norafentix,CNS,2023-Q4,Nausea,False,Serious,Other,FR,65-74,1
DRG004,Norafentix,CNS,2023-Q4,Anxiety,False,Serious,Physician,GB,75+,1
DRG004,Norafentix,CNS,2023-Q4,Headache,False,Mild,Physician,US,18-44,1
DRG004,Norafentix,CNS,2023-Q4,Akathisia,True,Critical,Pharmacist,GB,65-74,1
DRG004,Norafentix,CNS,2023-Q4,Somnolence,False,Mild,Pharmacist,US,18-44,1
DRG004,Norafentix,CNS,2023-Q4,Nausea,False,Moderate,Other,US,65-74,1
DRG004,Norafentix,CNS,2023-Q4,Tremor,False,Mild,Physician,US,65-74,1
DRG004,Norafentix,CNS,2023-Q4,Headache,False,Moderate,Physician,US,65-74,1
DRG004,Norafentix,CNS,2023-Q4,Serotonin syndrome,True,Moderate,Consumer,US,65-74,1
DRG004,Norafentix,CNS,2023-Q4,Headache,False,Moderate,Physician,US,75+,1
DRG004,Norafentix,CNS,2023-Q4,Anxiety,False,Critical,Physician,US,65-74,1
DRG004,Norafentix,CNS,2023-Q4,Tremor,False,Moderate,Pharmacist,US,75+,1
DRG004,Norafentix,CNS,2023-Q4,Insomnia,False,Mild,Pharmacist,US,45-64,1
DRG004,Norafentix,CNS,2023-Q4,Headache,False,Critical,Physician,GB,45-64,1
DRG004,Norafentix,CNS,2023-Q4,Somnolence,False,Mild,Other,FR,18-44,1
DRG004,Norafentix,CNS,2023-Q4,Hallucination,True,Critical,Other,US,65-74,1
DRG004,Norafentix,CNS,2023-Q4,Insomnia,False,Moderate,Physician,JP,65-74,1
DRG004,Norafentix,CNS,2023-Q4,Nausea,False,Mild,Physician,DE,45-64,1
DRG004,Norafentix,CNS,2023-Q4,Tremor,False,Critical,Consumer,US,18-44,1
DRG004,Norafentix,CNS,2023-Q4,Anxiety,False,Serious,Consumer,US,65-74,1
DRG004,Norafentix,CNS,2023-Q4,Nausea,False,Serious,Consumer,CA,45-64,1
DRG004,Norafentix,CNS,2023-Q4,Anxiety,False,Moderate,Pharmacist,US,18-44,1
DRG004,Norafentix,CNS,2023-Q4,Insomnia,False,Mild,Consumer,CA,75+,1
DRG004,Norafentix,CNS,2023-Q4,Hallucination,True,Critical,Physician,US,65-74,1
DRG004,Norafentix,CNS,2023-Q4,Tremor,False,Serious,Physician,JP,45-64,1
DRG004,Norafentix,CNS,2023-Q4,Insomnia,False,Critical,Other,DE,45-64,1
DRG004,Norafentix,CNS,2024-Q1,Dizziness,False,Mild,Other,US,45-64,2
DRG004,Norafentix,CNS,2024-Q1,Akathisia,True,Mild,Physician,US,75+,2
DRG004,Norafentix,CNS,2024-Q1,Serotonin syndrome,True,Mild,Other,US,45-64,2
DRG004,Norafentix,CNS,2024-Q1,Akathisia,True,Moderate,Physician,JP,45-64,2
DRG004,Norafentix,CNS,2024-Q1,Serotonin syndrome,True,Critical,Consumer,US,45-64,2
DRG004,Norafentix,CNS,2024-Q1,Headache,False,Mild,Pharmacist,US,65-74,2
DRG004,Norafentix,CNS,2024-Q1,Somnolence,False,Moderate,Physician,JP,45-64,1
DRG004,Norafentix,CNS,2024-Q1,Serotonin syndrome,True,Serious,Consumer,JP,45-64,1
DRG004,Norafentix,CNS,2024-Q1,Nausea,False,Serious,Other,US,45-64,1
DRG004,Norafentix,CNS,2024-Q1,Headache,False,Moderate,Pharmacist,US,65-74,1
DRG004,Norafentix,CNS,2024-Q1,Somnolence,False,Critical,Physician,US,75+,1
DRG004,Norafentix,CNS,2024-Q1,Serotonin syndrome,True,Critical,Pharmacist,US,45-64,1
DRG004,Norafentix,CNS,2024-Q1,Headache,False,Moderate,Consumer,US,75+,1
DRG004,Norafentix,CNS,2024-Q1,Serotonin syndrome,True,Serious,Pharmacist,US,18-44,1
DRG004,Norafentix,CNS,2024-Q1,Anxiety,False,Serious,Physician,US,65-74,1
DRG004,Norafentix,CNS,2024-Q1,Nausea,False,Moderate,Pharmacist,DE,45-64,1
DRG004,Norafentix,CNS,2024-Q1,Akathisia,True,Serious,Physician,JP,45-64,1
DRG004,Norafentix,CNS,2024-Q1,Anxiety,False,Moderate,Consumer,CA,75+,1
DRG004,Norafentix,CNS,2024-Q1,Anxiety,False,Critical,Physician,JP,45-64,1
DRG004,Norafentix,CNS,2024-Q1,Nausea,False,Serious,Consumer,JP,45-64,1
DRG004,Norafentix,CNS,2024-Q1,Somnolence,False,Mild,Consumer,GB,18-44,1
DRG004,Norafentix,CNS,2024-Q1,Somnolence,False,Critical,Pharmacist,US,18-44,1
DRG004,Norafentix,CNS,2024-Q1,Anxiety,False,Critical,Consumer,US,45-64,1
DRG004,Norafentix,CNS,2024-Q1,Hallucination,True,Moderate,Physician,CA,18-44,1
DRG004,Norafentix,CNS,2024-Q1,Insomnia,False,Critical,Pharmacist,US,65-74,1
DRG004,Norafentix,CNS,2024-Q1,Akathisia,True,Moderate,Physician,CA,65-74,1
DRG004,Norafentix,CNS,2024-Q1,Nausea,False,Serious,Other,GB,18-44,1
DRG004,Norafentix,CNS,2024-Q1,Akathisia,True,Critical,Physician,GB,18-44,1
DRG004,Norafentix,CNS,2024-Q1,Somnolence,False,Critical,Physician,JP,45-64,1
DRG004,Norafentix,CNS,2024-Q1,Anxiety,False,Serious,Physician,CA,18-44,1
DRG004,Norafentix,CNS,2024-Q1,Nausea,False,Mild,Physician,US,65-74,1
DRG004,Norafentix,CNS,2024-Q1,Insomnia,False,Moderate,Consumer,FR,65-74,1
DRG004,Norafentix,CNS,2024-Q1,Hallucination,True,Serious,Other,GB,75+,1
DRG004,Norafentix,CNS,2024-Q1,Serotonin syndrome,True,Critical,Consumer,CA,45-64,1
DRG004,Norafentix,CNS,2024-Q1,Hallucination,True,Moderate,Physician,GB,75+,1
DRG004,Norafentix,CNS,2024-Q1,Serotonin syndrome,True,Critical,Physician,FR,45-64,1
DRG004,Norafentix,CNS,2024-Q1,Headache,False,Serious,Pharmacist,US,65-74,1
DRG004,Norafentix,CNS,2024-Q1,Dizziness,False,Serious,Physician,US,65-74,1
DRG004,Norafentix,CNS,2024-Q1,Nausea,False,Critical,Pharmacist,US,45-64,1
DRG004,Norafentix,CNS,2024-Q1,Serotonin syndrome,True,Critical,Consumer,US,18-44,1
DRG004,Norafentix,CNS,2024-Q1,Somnolence,False,Critical,Physician,DE,65-74,1
DRG004,Norafentix,CNS,2024-Q1,Anxiety,False,Serious,Physician,US,18-44,1
DRG004,Norafentix,CNS,2024-Q1,Anxiety,False,Moderate,Physician,US,75+,1
DRG004,Norafentix,CNS,2024-Q1,Serotonin syndrome,True,Mild,Physician,US,65-74,1
DRG004,Norafentix,CNS,2024-Q1,Dizziness,False,Moderate,Consumer,GB,18-44,1
DRG004,Norafentix,CNS,2024-Q1,Anxiety,False,Mild,Physician,FR,65-74,1
DRG004,Norafentix,CNS,2024-Q1,Hallucination,True,Serious,Physician,US,65-74,1
DRG004,Norafentix,CNS,2024-Q1,Somnolence,False,Critical,Physician,US,45-64,1
DRG004,Norafentix,CNS,2024-Q1,Hallucination,True,Critical,Other,US,65-74,1
DRG004,Norafentix,CNS,2024-Q1,Akathisia,True,Serious,Physician,US,45-64,1
DRG004,Norafentix,CNS,2024-Q1,Dizziness,False,Mild,Consumer,US,75+,1
DRG004,Norafentix,CNS,2024-Q1,Hallucination,True,Moderate,Pharmacist,JP,18-44,1
DRG004,Norafentix,CNS,2024-Q1,Anxiety,False,Moderate,Other,FR,18-44,1
DRG004,Norafentix,CNS,2024-Q1,Tremor,False,Moderate,Pharmacist,US,45-64,1
DRG004,Norafentix,CNS,2024-Q1,Somnolence,False,Critical,Pharmacist,FR,65-74,1
DRG004,Norafentix,CNS,2024-Q1,Serotonin syndrome,True,Mild,Physician,US,75+,1
DRG004,Norafentix,CNS,2024-Q1,Insomnia,False,Critical,Consumer,DE,45-64,1
DRG004,Norafentix,CNS,2024-Q1,Headache,False,Mild,Physician,GB,65-74,1
DRG004,Norafentix,CNS,2024-Q1,Insomnia,False,Critical,Physician,CA,45-64,1
DRG004,Norafentix,CNS,2024-Q1,Nausea,False,Mild,Physician,US,75+,1
DRG004,Norafentix,CNS,2024-Q1,Headache,False,Critical,Physician,US,18-44,1
DRG004,Norafentix,CNS,2024-Q1,Tremor,False,Moderate,Consumer,DE,45-64,1
DRG004,Norafentix,CNS,2024-Q1,Nausea,False,Critical,Physician,US,45-64,1
DRG004,Norafentix,CNS,2024-Q1,Dizziness,False,Critical,Physician,US,45-64,1
DRG004,Norafentix,CNS,2024-Q1,Serotonin syndrome,True,Moderate,Physician,US,65-74,1
DRG004,Norafentix,CNS,2024-Q1,Headache,False,Mild,Other,DE,45-64,1
DRG004,Norafentix,CNS,2024-Q1,Akathisia,True,Serious,Physician,US,65-74,1
DRG004,Norafentix,CNS,2024-Q1,Serotonin syndrome,True,Moderate,Pharmacist,US,65-74,1
DRG004,Norafentix,CNS,2024-Q1,Anxiety,False,Moderate,Other,GB,75+,1
DRG004,Norafentix,CNS,2024-Q1,Dizziness,False,Critical,Pharmacist,US,65-74,1
DRG004,Norafentix,CNS,2024-Q1,Dizziness,False,Serious,Physician,GB,45-64,1
DRG004,Norafentix,CNS,2024-Q1,Hallucination,True,Mild,Consumer,US,45-64,1
DRG004,Norafentix,CNS,2024-Q1,Akathisia,True,Serious,Other,US,45-64,1
DRG004,Norafentix,CNS,2024-Q1,Nausea,False,Mild,Consumer,US,75+,1
DRG004,Norafentix,CNS,2024-Q1,Dizziness,False,Moderate,Pharmacist,CA,45-64,1
DRG004,Norafentix,CNS,2024-Q1,Anxiety,False,Mild,Consumer,US,75+,1
DRG004,Norafentix,CNS,2024-Q1,Tremor,False,Moderate,Consumer,JP,75+,1
DRG004,Norafentix,CNS,2024-Q1,Insomnia,False,Moderate,Pharmacist,FR,45-64,1
DRG004,Norafentix,CNS,2024-Q1,Tremor,False,Serious,Consumer,US,65-74,1
DRG004,Norafentix,CNS,2024-Q1,Anxiety,False,Critical,Pharmacist,GB,45-64,1
DRG004,Norafentix,CNS,2024-Q1,Somnolence,False,Critical,Pharmacist,GB,75+,1
DRG004,Norafentix,CNS,2024-Q1,Akathisia,True,Critical,Physician,US,45-64,1
DRG004,Norafentix,CNS,2024-Q1,Somnolence,False,Serious,Consumer,US,65-74,1
DRG004,Norafentix,CNS,2024-Q1,Dizziness,False,Moderate,Physician,US,65-74,1
DRG004,Norafentix,CNS,2024-Q1,Hallucination,True,Moderate,Consumer,US,45-64,1
DRG004,Norafentix,CNS,2024-Q1,Somnolence,False,Moderate,Physician,CA,45-64,1
DRG004,Norafentix,CNS,2024-Q1,Dizziness,False,Critical,Pharmacist,CA,65-74,1
DRG004,Norafentix,CNS,2024-Q1,Hallucination,True,Critical,Pharmacist,GB,75+,1
DRG004,Norafentix,CNS,2024-Q1,Hallucination,True,Critical,Consumer,US,18-44,1
DRG004,Norafentix,CNS,2024-Q1,Serotonin syndrome,True,Moderate,Other,US,65-74,1
DRG004,Norafentix,CNS,2024-Q1,Nausea,False,Serious,Pharmacist,US,45-64,1
DRG004,Norafentix,CNS,2024-Q1,Akathisia,True,Moderate,Consumer,GB,45-64,1
DRG004,Norafentix,CNS,2024-Q1,Hallucination,True,Serious,Other,US,65-74,1
DRG004,Norafentix,CNS,2024-Q1,Insomnia,False,Critical,Pharmacist,CA,45-64,1
DRG004,Norafentix,CNS,2024-Q1,Nausea,False,Serious,Consumer,US,45-64,1
DRG004,Norafentix,CNS,2024-Q1,Nausea,False,Serious,Other,FR,65-74,1
DRG004,Norafentix,CNS,2024-Q1,Dizziness,False,Serious,Consumer,DE,65-74,1
DRG004,Norafentix,CNS,2024-Q1,Somnolence,False,Critical,Consumer,CA,45-64,1
DRG004,Norafentix,CNS,2024-Q1,Insomnia,False,Moderate,Physician,JP,75+,1
DRG004,Norafentix,CNS,2024-Q1,Headache,False,Mild,Consumer,DE,65-74,1
DRG004,Norafentix,CNS,2024-Q1,Hallucination,True,Critical,Consumer,FR,45-64,1
DRG004,Norafentix,CNS,2024-Q1,Hallucination,True,Serious,Physician,US,45-64,1
DRG004,Norafentix,CNS,2024-Q1,Headache,False,Critical,Consumer,US,45-64,1
DRG004,Norafentix,CNS,2024-Q1,Hallucination,True,Serious,Physician,JP,45-64,1
DRG004,Norafentix,CNS,2024-Q1,Dizziness,False,Mild,Consumer,US,18-44,1
DRG004,Norafentix,CNS,2024-Q1,Akathisia,True,Moderate,Pharmacist,US,18-44,1
DRG004,Norafentix,CNS,2024-Q1,Hallucination,True,Serious,Pharmacist,US,65-74,1
DRG004,Norafentix,CNS,2024-Q1,Akathisia,True,Moderate,Consumer,US,75+,1
DRG004,Norafentix,CNS,2024-Q1,Dizziness,False,Serious,Physician,US,18-44,1
DRG004,Norafentix,CNS,2024-Q1,Nausea,False,Moderate,Consumer,US,45-64,1
DRG004,Norafentix,CNS,2024-Q1,Serotonin syndrome,True,Serious,Physician,US,65-74,1
DRG004,Norafentix,CNS,2024-Q1,Headache,False,Critical,Consumer,DE,75+,1
DRG004,Norafentix,CNS,2024-Q1,Insomnia,False,Mild,Consumer,US,65-74,1
DRG004,Norafentix,CNS,2024-Q1,Hallucination,True,Moderate,Pharmacist,US,75+,1
DRG004,Norafentix,CNS,2024-Q1,Serotonin syndrome,True,Moderate,Consumer,US,65-74,1
DRG004,Norafentix,CNS,2024-Q1,Akathisia,True,Mild,Pharmacist,US,75+,1
DRG004,Norafentix,CNS,2024-Q1,Insomnia,False,Moderate,Physician,GB,65-74,1
DRG004,Norafentix,CNS,2024-Q1,Anxiety,False,Serious,Consumer,FR,45-64,1
DRG004,Norafentix,CNS,2024-Q1,Nausea,False,Serious,Pharmacist,GB,65-74,1
DRG004,Norafentix,CNS,2024-Q1,Anxiety,False,Serious,Pharmacist,JP,18-44,1
DRG004,Norafentix,CNS,2024-Q1,Somnolence,False,Moderate,Consumer,GB,45-64,1
DRG004,Norafentix,CNS,2024-Q1,Headache,False,Mild,Physician,DE,65-74,1
DRG004,Norafentix,CNS,2024-Q1,Akathisia,True,Critical,Physician,US,65-74,1
DRG004,Norafentix,CNS,2024-Q1,Somnolence,False,Mild,Consumer,US,18-44,1
DRG004,Norafentix,CNS,2024-Q1,Akathisia,True,Critical,Consumer,US,65-74,1
DRG004,Norafentix,CNS,2024-Q1,Insomnia,False,Mild,Consumer,GB,18-44,1
DRG004,Norafentix,CNS,2024-Q1,Akathisia,True,Critical,Physician,DE,45-64,1
DRG004,Norafentix,CNS,2024-Q1,Akathisia,True,Mild,Physician,US,65-74,1
DRG004,Norafentix,CNS,2024-Q1,Nausea,False,Moderate,Physician,US,75+,1
DRG004,Norafentix,CNS,2024-Q1,Serotonin syndrome,True,Serious,Pharmacist,US,75+,1
DRG004,Norafentix,CNS,2024-Q1,Dizziness,False,Mild,Other,GB,45-64,1
DRG004,Norafentix,CNS,2024-Q1,Somnolence,False,Critical,Consumer,US,65-74,1
DRG004,Norafentix,CNS,2024-Q1,Insomnia,False,Serious,Physician,US,65-74,1
DRG004,Norafentix,CNS,2024-Q1,Tremor,False,Mild,Pharmacist,US,18-44,1
DRG004,Norafentix,CNS,2024-Q1,Akathisia,True,Moderate,Physician,US,45-64,1
DRG004,Norafentix,CNS,2024-Q1,Hallucination,True,Critical,Physician,FR,65-74,1
DRG004,Norafentix,CNS,2024-Q1,Hallucination,True,Moderate,Physician,US,65-74,1
DRG004,Norafentix,CNS,2024-Q1,Hallucination,True,Serious,Other,CA,45-64,1
DRG004,Norafentix,CNS,2024-Q1,Tremor,False,Mild,Other,US,65-74,1
DRG004,Norafentix,CNS,2024-Q1,Somnolence,False,Mild,Physician,FR,65-74,1
DRG004,Norafentix,CNS,2024-Q1,Hallucination,True,Moderate,Pharmacist,US,45-64,1
DRG004,Norafentix,CNS,2024-Q1,Serotonin syndrome,True,Moderate,Pharmacist,CA,65-74,1
DRG004,Norafentix,CNS,2024-Q1,Tremor,False,Serious,Consumer,US,75+,1
DRG004,Norafentix,CNS,2024-Q1,Hallucination,True,Mild,Physician,FR,65-74,1
DRG004,Norafentix,CNS,2024-Q1,Akathisia,True,Mild,Physician,GB,65-74,1
DRG004,Norafentix,CNS,2024-Q1,Headache,False,Serious,Physician,FR,45-64,1
DRG004,Norafentix,CNS,2024-Q1,Akathisia,True,Moderate,Other,US,65-74,1
DRG004,Norafentix,CNS,2024-Q1,Anxiety,False,Moderate,Pharmacist,US,45-64,1
DRG004,Norafentix,CNS,2024-Q1,Serotonin syndrome,True,Mild,Pharmacist,US,45-64,1
DRG004,Norafentix,CNS,2024-Q1,Tremor,False,Critical,Physician,US,75+,1
DRG004,Norafentix,CNS,2024-Q1,Hallucination,True,Mild,Pharmacist,CA,45-64,1
DRG004,Norafentix,CNS,2024-Q1,Headache,False,Moderate,Physician,FR,18-44,1
DRG004,Norafentix,CNS,2024-Q1,Akathisia,True,Mild,Physician,DE,45-64,1
DRG004,Norafentix,CNS,2024-Q1,Dizziness,False,Serious,Consumer,GB,45-64,1
DRG004,Norafentix,CNS,2024-Q1,Insomnia,False,Moderate,Pharmacist,US,45-64,1
DRG004,Norafentix,CNS,2024-Q1,Headache,False,Mild,Pharmacist,GB,45-64,1
DRG004,Norafentix,CNS,2024-Q1,Headache,False,Mild,Consumer,GB,65-74,1
DRG004,Norafentix,CNS,2024-Q1,Hallucination,True,Moderate,Consumer,FR,65-74,1
DRG004,Norafentix,CNS,2024-Q1,Somnolence,False,Moderate,Physician,US,65-74,1
DRG004,Norafentix,CNS,2024-Q1,Nausea,False,Serious,Physician,US,45-64,1
DRG004,Norafentix,CNS,2024-Q1,Dizziness,False,Mild,Physician,US,65-74,1
DRG004,Norafentix,CNS,2024-Q1,Dizziness,False,Moderate,Pharmacist,US,65-74,1
DRG004,Norafentix,CNS,2024-Q1,Hallucination,True,Serious,Pharmacist,JP,65-74,1
DRG004,Norafentix,CNS,2024-Q1,Somnolence,False,Mild,Physician,FR,45-64,1
DRG005,Zenpravox,CNS,2023-Q2,Anxiety,False,Serious,Physician,US,45-64,3
DRG005,Zenpravox,CNS,2023-Q2,Somnolence,False,Mild,Physician,US,45-64,2
DRG005,Zenpravox,CNS,2023-Q2,Somnolence,False,Serious,Consumer,US,45-64,2
DRG005,Zenpravox,CNS,2023-Q2,Somnolence,False,Serious,Pharmacist,US,18-44,2
DRG005,Zenpravox,CNS,2023-Q2,Tremor,False,Mild,Physician,FR,65-74,2
DRG005,Zenpravox,CNS,2023-Q2,Insomnia,False,Critical,Consumer,US,45-64,2
DRG005,Zenpravox,CNS,2023-Q2,Tremor,False,Mild,Physician,US,45-64,2
DRG005,Zenpravox,CNS,2023-Q2,Nausea,False,Moderate,Consumer,JP,65-74,2
DRG005,Zenpravox,CNS,2023-Q2,Dizziness,False,Critical,Pharmacist,US,45-64,2
DRG005,Zenpravox,CNS,2023-Q2,Dizziness,False,Critical,Physician,US,65-74,2
DRG005,Zenpravox,CNS,2023-Q2,Nausea,False,Moderate,Pharmacist,US,45-64,2
DRG005,Zenpravox,CNS,2023-Q2,Nausea,False,Moderate,Other,US,65-74,2
DRG005,Zenpravox,CNS,2023-Q2,Headache,False,Mild,Physician,US,65-74,2
DRG005,Zenpravox,CNS,2023-Q2,Dizziness,False,Moderate,Physician,DE,45-64,2
DRG005,Zenpravox,CNS,2023-Q2,Anxiety,False,Serious,Pharmacist,US,65-74,2
DRG005,Zenpravox,CNS,2023-Q2,Insomnia,False,Mild,Consumer,US,65-74,2
DRG005,Zenpravox,CNS,2023-Q2,Anxiety,False,Moderate,Consumer,US,45-64,2
DRG005,Zenpravox,CNS,2023-Q2,Somnolence,False,Mild,Physician,DE,45-64,2
DRG005,Zenpravox,CNS,2023-Q2,Nausea,False,Mild,Physician,FR,18-44,2
DRG005,Zenpravox,CNS,2023-Q2,Insomnia,False,Mild,Physician,US,45-64,2
DRG005,Zenpravox,CNS,2023-Q2,Nausea,False,Mild,Other,US,45-64,2
DRG005,Zenpravox,CNS,2023-Q2,Nausea,False,Moderate,Physician,US,65-74,2
DRG005,Zenpravox,CNS,2023-Q2,Tremor,False,Moderate,Physician,FR,45-64,2
DRG005,Zenpravox,CNS,2023-Q2,Anxiety,False,Critical,Physician,US,45-64,2
DRG005,Zenpravox,CNS,2023-Q2,Anxiety,False,Moderate,Pharmacist,US,65-74,2
DRG005,Zenpravox,CNS,2023-Q2,Anxiety,False,Moderate,Physician,US,75+,2
DRG005,Zenpravox,CNS,2023-Q2,Somnolence,False,Mild,Pharmacist,US,45-64,2
DRG005,Zenpravox,CNS,2023-Q2,Somnolence,False,Serious,Physician,US,45-64,2
DRG005,Zenpravox,CNS,2023-Q2,Dizziness,False,Mild,Physician,US,65-74,2
DRG005,Zenpravox,CNS,2023-Q2,Dizziness,False,Moderate,Physician,US,75+,2
DRG005,Zenpravox,CNS,2023-Q2,Headache,False,Moderate,Physician,DE,45-64,2
DRG005,Zenpravox,CNS,2023-Q2,Insomnia,False,Mild,Physician,US,65-74,1
DRG005,Zenpravox,CNS,2023-Q2,Insomnia,False,Serious,Consumer,US,45-64,1
DRG005,Zenpravox,CNS,2023-Q2,Tremor,False,Moderate,Pharmacist,US,65-74,1
DRG005,Zenpravox,CNS,2023-Q2,Insomnia,False,Mild,Consumer,US,45-64,1
DRG005,Zenpravox,CNS,2023-Q2,Somnolence,False,Serious,Other,CA,45-64,1
DRG005,Zenpravox,CNS,2023-Q2,Anxiety,False,Mild,Other,US,45-64,1
DRG005,Zenpravox,CNS,2023-Q2,Somnolence,False,Mild,Physician,US,65-74,1
DRG005,Zenpravox,CNS,2023-Q2,Nausea,False,Mild,Physician,US,65-74,1
DRG005,Zenpravox,CNS,2023-Q2,Somnolence,False,Mild,Other,DE,45-64,1
DRG005,Zenpravox,CNS,2023-Q2,Tremor,False,Mild,Consumer,DE,75+,1
DRG005,Zenpravox,CNS,2023-Q2,Dizziness,False,Serious,Physician,CA,65-74,1
DRG005,Zenpravox,CNS,2023-Q2,Nausea,False,Moderate,Physician,DE,75+,1
DRG005,Zenpravox,CNS,2023-Q2,Somnolence,False,Mild,Physician,FR,75+,1
DRG005,Zenpravox,CNS,2023-Q2,Insomnia,False,Serious,Consumer,DE,45-64,1
DRG005,Zenpravox,CNS,2023-Q2,Insomnia,False,Critical,Physician,JP,65-74,1
DRG005,Zenpravox,CNS,2023-Q2,Somnolence,False,Mild,Physician,US,75+,1
DRG005,Zenpravox,CNS,2023-Q2,Headache,False,Mild,Physician,GB,65-74,1
DRG005,Zenpravox,CNS,2023-Q2,Somnolence,False,Critical,Physician,US,45-64,1
DRG005,Zenpravox,CNS,2023-Q2,Dizziness,False,Moderate,Consumer,US,45-64,1
DRG005,Zenpravox,CNS,2023-Q2,Insomnia,False,Critical,Consumer,DE,45-64,1
DRG005,Zenpravox,CNS,2023-Q2,Dizziness,False,Moderate,Other,US,45-64,1
DRG005,Zenpravox,CNS,2023-Q2,Headache,False,Moderate,Physician,US,65-74,1
DRG005,Zenpravox,CNS,2023-Q2,Insomnia,False,Mild,Physician,US,18-44,1
DRG005,Zenpravox,CNS,2023-Q2,Somnolence,False,Moderate,Consumer,DE,45-64,1
DRG005,Zenpravox,CNS,2023-Q2,Headache,False,Serious,Consumer,US,45-64,1
DRG005,Zenpravox,CNS,2023-Q2,Tremor,False,Moderate,Consumer,GB,45-64,1
DRG005,Zenpravox,CNS,2023-Q2,Anxiety,False,Mild,Other,US,65-74,1
DRG005,Zenpravox,CNS,2023-Q2,Headache,False,Mild,Pharmacist,FR,45-64,1
DRG005,Zenpravox,CNS,2023-Q2,Nausea,False,Moderate,Pharmacist,US,65-74,1
DRG005,Zenpravox,CNS,2023-Q2,Tremor,False,Serious,Physician,US,45-64,1
DRG005,Zenpravox,CNS,2023-Q2,Headache,False,Serious,Physician,FR,75+,1
DRG005,Zenpravox,CNS,2023-Q2,Insomnia,False,Moderate,Physician,JP,18-44,1
DRG005,Zenpravox,CNS,2023-Q2,Anxiety,False,Moderate,Physician,FR,65-74,1
DRG005,Zenpravox,CNS,2023-Q2,Anxiety,False,Critical,Physician,GB,65-74,1
DRG005,Zenpravox,CNS,2023-Q2,Dizziness,False,Critical,Physician,US,45-64,1
DRG005,Zenpravox,CNS,2023-Q2,Anxiety,False,Critical,Physician,CA,75+,1
DRG005,Zenpravox,CNS,2023-Q2,Anxiety,False,Moderate,Other,US,65-74,1
DRG005,Zenpravox,CNS,2023-Q2,Headache,False,Serious,Pharmacist,US,65-74,1
DRG005,Zenpravox,CNS,2023-Q2,Anxiety,False,Serious,Consumer,DE,45-64,1
DRG005,Zenpravox,CNS,2023-Q2,Nausea,False,Mild,Physician,US,18-44,1
DRG005,Zenpravox,CNS,2023-Q2,Headache,False,Moderate,Physician,US,75+,1
DRG005,Zenpravox,CNS,2023-Q2,Somnolence,False,Moderate,Physician,US,75+,1
DRG005,Zenpravox,CNS,2023-Q2,Dizziness,False,Moderate,Physician,CA,45-64,1
DRG005,Zenpravox,CNS,2023-Q2,Headache,False,Moderate,Physician,US,45-64,1
DRG005,Zenpravox,CNS,2023-Q2,Headache,False,Moderate,Consumer,US,45-64,1
DRG005,Zenpravox,CNS,2023-Q2,Anxiety,False,Moderate,Other,GB,45-64,1
DRG005,Zenpravox,CNS,2023-Q2,Insomnia,False,Mild,Consumer,GB,45-64,1
DRG005,Zenpravox,CNS,2023-Q2,Nausea,False,Serious,Consumer,US,45-64,1
DRG005,Zenpravox,CNS,2023-Q2,Dizziness,False,Mild,Pharmacist,US,75+,1
DRG005,Zenpravox,CNS,2023-Q2,Tremor,False,Serious,Physician,US,75+,1
DRG005,Zenpravox,CNS,2023-Q2,Somnolence,False,Moderate,Other,US,65-74,1
DRG005,Zenpravox,CNS,2023-Q2,Dizziness,False,Mild,Physician,GB,18-44,1
DRG005,Zenpravox,CNS,2023-Q2,Dizziness,False,Moderate,Physician,DE,18-44,1
DRG005,Zenpravox,CNS,2023-Q2,Tremor,False,Mild,Physician,JP,45-64,1
DRG005,Zenpravox,CNS,2023-Q2,Anxiety,False,Moderate,Physician,US,45-64,1
DRG005,Zenpravox,CNS,2023-Q2,Anxiety,False,Serious,Consumer,GB,45-64,1
DRG005,Zenpravox,CNS,2023-Q2,Nausea,False,Serious,Physician,DE,45-64,1
DRG005,Zenpravox,CNS,2023-Q2,Somnolence,False,Serious,Physician,DE,75+,1
DRG005,Zenpravox,CNS,2023-Q2,Dizziness,False,Moderate,Physician,DE,65-74,1
DRG005,Zenpravox,CNS,2023-Q2,Tremor,False,Serious,Other,US,18-44,1
DRG005,Zenpravox,CNS,2023-Q2,Somnolence,False,Serious,Pharmacist,JP,75+,1
DRG005,Zenpravox,CNS,2023-Q2,Anxiety,False,Moderate,Physician,GB,65-74,1
DRG005,Zenpravox,CNS,2023-Q2,Headache,False,Mild,Other,US,65-74,1
DRG005,Zenpravox,CNS,2023-Q2,Tremor,False,Moderate,Consumer,CA,45-64,1
DRG005,Zenpravox,CNS,2023-Q2,Nausea,False,Mild,Consumer,US,45-64,1
DRG005,Zenpravox,CNS,2023-Q2,Anxiety,False,Serious,Physician,US,18-44,1
DRG005,Zenpravox,CNS,2023-Q2,Anxiety,False,Mild,Physician,CA,65-74,1
DRG005,Zenpravox,CNS,2023-Q2,Anxiety,False,Critical,Consumer,GB,45-64,1
DRG005,Zenpravox,CNS,2023-Q2,Headache,False,Moderate,Consumer,US,65-74,1
DRG005,Zenpravox,CNS,2023-Q2,Insomnia,False,Mild,Consumer,US,18-44,1
DRG005,Zenpravox,CNS,2023-Q2,Somnolence,False,Mild,Consumer,FR,75+,1
DRG005,Zenpravox,CNS,2023-Q2,Headache,False,Mild,Consumer,US,45-64,1
DRG005,Zenpravox,CNS,2023-Q2,Somnolence,False,Mild,Physician,JP,45-64,1
DRG005,Zenpravox,CNS,2023-Q2,Tremor,False,Moderate,Consumer,US,45-64,1
DRG005,Zenpravox,CNS,2023-Q2,Anxiety,False,Mild,Pharmacist,FR,65-74,1
DRG005,Zenpravox,CNS,2023-Q2,Anxiety,False,Mild,Pharmacist,DE,45-64,1
DRG005,Zenpravox,CNS,2023-Q2,Dizziness,False,Mild,Consumer,US,18-44,1
DRG005,Zenpravox,CNS,2023-Q2,Anxiety,False,Mild,Consumer,FR,65-74,1
DRG005,Zenpravox,CNS,2023-Q2,Anxiety,False,Mild,Physician,US,18-44,1
DRG005,Zenpravox,CNS,2023-Q2,Somnolence,False,Moderate,Pharmacist,GB,45-64,1
DRG005,Zenpravox,CNS,2023-Q2,Anxiety,False,Mild,Physician,US,65-74,1
DRG005,Zenpravox,CNS,2023-Q2,Somnolence,False,Mild,Consumer,US,45-64,1
DRG005,Zenpravox,CNS,2023-Q2,Nausea,False,Mild,Other,DE,45-64,1
DRG005,Zenpravox,CNS,2023-Q2,Dizziness,False,Mild,Consumer,DE,75+,1
DRG005,Zenpravox,CNS,2023-Q2,Insomnia,False,Serious,Physician,JP,18-44,1
DRG005,Zenpravox,CNS,2023-Q2,Dizziness,False,Moderate,Consumer,DE,45-64,1
DRG005,Zenpravox,CNS,2023-Q2,Somnolence,False,Mild,Other,FR,65-74,1
DRG005,Zenpravox,CNS,2023-Q2,Dizziness,False,Mild,Other,US,65-74,1
DRG005,Zenpravox,CNS,2023-Q2,Headache,False,Mild,Pharmacist,US,18-44,1
DRG005,Zenpravox,CNS,2023-Q2,Anxiety,False,Moderate,Consumer,GB,75+,1
DRG005,Zenpravox,CNS,2023-Q2,Tremor,False,Mild,Physician,FR,45-64,1
DRG005,Zenpravox,CNS,2023-Q2,Anxiety,False,Moderate,Consumer,US,75+,1
DRG005,Zenpravox,CNS,2023-Q2,Tremor,False,Mild,Consumer,US,18-44,1
DRG005,Zenpravox,CNS,2023-Q2,Dizziness,False,Critical,Consumer,DE,65-74,1
DRG005,Zenpravox,CNS,2023-Q2,Dizziness,False,Mild,Pharmacist,CA,45-64,1
DRG005,Zenpravox,CNS,2023-Q2,Nausea,False,Mild,Consumer,US,75+,1
DRG005,Zenpravox,CNS,2023-Q2,Tremor,False,Serious,Pharmacist,US,65-74,1
DRG005,Zenpravox,CNS,2023-Q2,Dizziness,False,Mild,Physician,US,75+,1
DRG005,Zenpravox,CNS,2023-Q2,Somnolence,False,Moderate,Consumer,DE,18-44,1
DRG005,Zenpravox,CNS,2023-Q2,Tremor,False,Critical,Other,US,75+,1
DRG005,Zenpravox,CNS,2023-Q2,Anxiety,False,Moderate,Consumer,CA,45-64,1
DRG005,Zenpravox,CNS,2023-Q2,Headache,False,Mild,Pharmacist,US,45-64,1
DRG005,Zenpravox,CNS,2023-Q2,Nausea,False,Moderate,Physician,GB,45-64,1
DRG005,Zenpravox,CNS,2023-Q2,Nausea,False,Moderate,Physician,CA,45-64,1
DRG005,Zenpravox,CNS,2023-Q2,Insomnia,False,Moderate,Pharmacist,US,65-74,1
DRG005,Zenpravox,CNS,2023-Q2,Somnolence,False,Mild,Consumer,DE,75+,1
DRG005,Zenpravox,CNS,2023-Q2,Insomnia,False,Serious,Physician,US,65-74,1
DRG005,Zenpravox,CNS,2023-Q2,Nausea,False,Mild,Physician,DE,45-64,1
DRG005,Zenpravox,CNS,2023-Q2,Tremor,False,Mild,Consumer,GB,75+,1
DRG005,Zenpravox,CNS,2023-Q2,Tremor,False,Serious,Pharmacist,US,45-64,1
DRG005,Zenpravox,CNS,2023-Q2,Anxiety,False,Mild,Pharmacist,CA,45-64,1
DRG005,Zenpravox,CNS,2023-Q2,Tremor,False,Mild,Pharmacist,FR,18-44,1
DRG005,Zenpravox,CNS,2023-Q2,Insomnia,False,Serious,Consumer,FR,45-64,1
DRG005,Zenpravox,CNS,2023-Q2,Nausea,False,Serious,Consumer,FR,18-44,1
DRG005,Zenpravox,CNS,2023-Q2,Tremor,False,Mild,Pharmacist,US,45-64,1
DRG005,Zenpravox,CNS,2023-Q2,Somnolence,False,Critical,Pharmacist,US,75+,1
DRG005,Zenpravox,CNS,2023-Q2,Somnolence,False,Serious,Physician,US,65-74,1
DRG005,Zenpravox,CNS,2023-Q2,Insomnia,False,Moderate,Physician,US,45-64,1
DRG005,Zenpravox,CNS,2023-Q2,Insomnia,False,Critical,Consumer,CA,75+,1
DRG005,Zenpravox,CNS,2023-Q2,Tremor,False,Moderate,Physician,US,18-44,1
DRG005,Zenpravox,CNS,2023-Q2,Nausea,False,Mild,Pharmacist,GB,65-74,1
DRG005,Zenpravox,CNS,2023-Q2,Somnolence,False,Critical,Physician,US,75+,1
DRG005,Zenpravox,CNS,2023-Q2,Anxiety,False,Mild,Physician,GB,75+,1
DRG005,Zenpravox,CNS,2023-Q2,Tremor,False,Mild,Consumer,US,65-74,1
DRG005,Zenpravox,CNS,2023-Q2,Headache,False,Moderate,Physician,DE,18-44,1
DRG005,Zenpravox,CNS,2023-Q2,Nausea,False,Serious,Physician,FR,45-64,1
DRG005,Zenpravox,CNS,2023-Q2,Dizziness,False,Mild,Pharmacist,US,65-74,1
DRG005,Zenpravox,CNS,2023-Q2,Insomnia,False,Serious,Pharmacist,US,65-74,1
DRG005,Zenpravox,CNS,2023-Q2,Tremor,False,Mild,Physician,FR,18-44,1
DRG005,Zenpravox,CNS,2023-Q2,Dizziness,False,Moderate,Physician,CA,75+,1
DRG005,Zenpravox,CNS,2023-Q2,Anxiety,False,Serious,Physician,FR,65-74,1
DRG005,Zenpravox,CNS,2023-Q2,Nausea,False,Serious,Physician,JP,45-64,1
DRG005,Zenpravox,CNS,2023-Q2,Somnolence,False,Serious,Consumer,US,65-74,1
DRG005,Zenpravox,CNS,2023-Q2,Headache,False,Critical,Other,US,75+,1
DRG005,Zenpravox,CNS,2023-Q2,Tremor,False,Mild,Consumer,US,45-64,1
DRG005,Zenpravox,CNS,2023-Q2,Headache,False,Mild,Consumer,DE,75+,1
DRG005,Zenpravox,CNS,2023-Q2,Anxiety,False,Serious,Pharmacist,DE,45-64,1
DRG005,Zenpravox,CNS,2023-Q2,Somnolence,False,Mild,Physician,US,18-44,1
DRG005,Zenpravox,CNS,2023-Q2,Nausea,False,Critical,Physician,US,45-64,1
DRG005,Zenpravox,CNS,2023-Q2,Anxiety,False,Critical,Physician,US,75+,1
DRG005,Zenpravox,CNS,2023-Q2,Dizziness,False,Moderate,Consumer,US,75+,1
DRG005,Zenpravox,CNS,2023-Q2,Headache,False,Mild,Consumer,JP,45-64,1
DRG005,Zenpravox,CNS,2023-Q2,Anxiety,False,Moderate,Physician,DE,18-44,1
DRG005,Zenpravox,CNS,2023-Q2,Insomnia,False,Moderate,Physician,JP,75+,1
DRG005,Zenpravox,CNS,2023-Q2,Insomnia,False,Mild,Consumer,FR,45-64,1
DRG005,Zenpravox,CNS,2023-Q2,Dizziness,False,Moderate,Physician,DE,75+,1
DRG005,Zenpravox,CNS,2023-Q2,Tremor,False,Mild,Consumer,JP,45-64,1
DRG005,Zenpravox,CNS,2023-Q2,Tremor,False,Serious,Pharmacist,GB,45-64,1
DRG005,Zenpravox,CNS,2023-Q2,Anxiety,False,Mild,Consumer,JP,75+,1
DRG005,Zenpravox,CNS,2023-Q2,Tremor,False,Moderate,Pharmacist,GB,75+,1
DRG005,Zenpravox,CNS,2023-Q2,Nausea,False,Critical,Physician,CA,65-74,1
DRG005,Zenpravox,CNS,2023-Q2,Nausea,False,Moderate,Other,JP,45-64,1
DRG005,Zenpravox,CNS,2023-Q2,Anxiety,False,Moderate,Physician,DE,45-64,1
DRG005,Zenpravox,CNS,2023-Q2,Nausea,False,Serious,Physician,GB,45-64,1
DRG005,Zenpravox,CNS,2023-Q2,Headache,False,Moderate,Physician,CA,65-74,1
DRG005,Zenpravox,CNS,2023-Q2,Somnolence,False,Critical,Pharmacist,US,65-74,1
DRG005,Zenpravox,CNS,2023-Q2,Headache,False,Mild,Physician,US,75+,1
DRG005,Zenpravox,CNS,2023-Q2,Nausea,False,Mild,Other,GB,45-64,1
DRG005,Zenpravox,CNS,2023-Q2,Dizziness,False,Critical,Physician,JP,45-64,1
DRG005,Zenpravox,CNS,2023-Q2,Somnolence,False,Moderate,Consumer,GB,45-64,1
DRG005,Zenpravox,CNS,2023-Q2,Insomnia,False,Critical,Consumer,CA,45-64,1
DRG005,Zenpravox,CNS,2023-Q2,Tremor,False,Critical,Physician,JP,65-74,1
DRG005,Zenpravox,CNS,2023-Q2,Tremor,False,Mild,Physician,GB,65-74,1
DRG005,Zenpravox,CNS,2023-Q2,Headache,False,Mild,Consumer,DE,45-64,1
DRG005,Zenpravox,CNS,2023-Q2,Insomnia,False,Critical,Physician,US,45-64,1
DRG005,Zenpravox,CNS,2023-Q2,Anxiety,False,Moderate,Physician,US,65-74,1
DRG005,Zenpravox,CNS,2023-Q2,Tremor,False,Mild,Pharmacist,US,18-44,1
DRG005,Zenpravox,CNS,2023-Q2,Insomnia,False,Moderate,Consumer,GB,65-74,1
DRG005,Zenpravox,CNS,2023-Q2,Headache,False,Mild,Physician,US,18-44,1
DRG005,Zenpravox,CNS,2023-Q2,Dizziness,False,Critical,Other,US,65-74,1
DRG005,Zenpravox,CNS,2023-Q2,Somnolence,False,Serious,Physician,GB,18-44,1
DRG005,Zenpravox,CNS,2023-Q2,Somnolence,False,Moderate,Consumer,US,75+,1
DRG005,Zenpravox,CNS,2023-Q2,Nausea,False,Mild,Consumer,DE,18-44,1
DRG005,Zenpravox,CNS,2023-Q2,Tremor,False,Mild,Consumer,JP,65-74,1
DRG005,Zenpravox,CNS,2023-Q2,Nausea,False,Serious,Physician,US,45-64,1
DRG005,Zenpravox,CNS,2023-Q2,Dizziness,False,Mild,Other,US,45-64,1
DRG005,Zenpravox,CNS,2023-Q2,Tremor,False,Moderate,Physician,US,65-74,1
DRG005,Zenpravox,CNS,2023-Q2,Insomnia,False,Mild,Pharmacist,US,75+,1
DRG005,Zenpravox,CNS,2023-Q2,Headache,False,Serious,Other,FR,18-44,1
DRG005,Zenpravox,CNS,2023-Q2,Insomnia,False,Mild,Pharmacist,JP,65-74,1
DRG005,Zenpravox,CNS,2023-Q2,Insomnia,False,Mild,Pharmacist,CA,75+,1
DRG005,Zenpravox,CNS,2023-Q2,Somnolence,False,Serious,Physician,JP,45-64,1
DRG005,Zenpravox,CNS,2023-Q2,Anxiety,False,Critical,Consumer,DE,18-44,1
DRG005,Zenpravox,CNS,2023-Q2,Dizziness,False,Mild,Consumer,US,75+,1
DRG005,Zenpravox,CNS,2023-Q2,Headache,False,Moderate,Consumer,FR,45-64,1
DRG005,Zenpravox,CNS,2023-Q2,Tremor,False,Mild,Pharmacist,JP,75+,1
DRG005,Zenpravox,CNS,2023-Q2,Dizziness,False,Serious,Physician,FR,45-64,1
DRG005,Zenpravox,CNS,2023-Q2,Anxiety,False,Serious,Physician,GB,65-74,1
DRG005,Zenpravox,CNS,2023-Q2,Tremor,False,Moderate,Other,US,45-64,1
DRG005,Zenpravox,CNS,2023-Q3,Nausea,False,Mild,Physician,US,45-64,6
DRG005,Zenpravox,CNS,2023-Q3,Dizziness,False,Mild,Physician,US,65-74,5
DRG005,Zenpravox,CNS,2023-Q3,Insomnia,False,Mild,Physician,US,45-64,4
DRG005,Zenpravox,CNS,2023-Q3,Anxiety,False,Moderate,Physician,US,65-74,3
DRG005,Zenpravox,CNS,2023-Q3,Headache,False,Moderate,Physician,US,45-64,2
DRG005,Zenpravox,CNS,2023-Q3,Somnolence,False,Mild,Physician,DE,45-64,2
DRG005,Zenpravox,CNS,2023-Q3,Insomnia,False,Moderate,Physician,US,18-44,2
DRG005,Zenpravox,CNS,2023-Q3,Tremor,False,Mild,Physician,US,45-64,2
DRG005,Zenpravox,CNS,2023-Q3,Nausea,False,Mild,Physician,US,65-74,2
DRG005,Zenpravox,CNS,2023-Q3,Headache,False,Mild,Consumer,US,75+,2
DRG005,Zenpravox,CNS,2023-Q3,Nausea,False,Mild,Physician,US,75+,2
DRG005,Zenpravox,CNS,2023-Q3,Somnolence,False,Mild,Consumer,US,45-64,2
DRG005,Zenpravox,CNS,2023-Q3,Headache,False,Moderate,Physician,US,65-74,2
DRG005,Zenpravox,CNS,2023-Q3,Insomnia,False,Mild,Consumer,US,65-74,2
DRG005,Zenpravox,CNS,2023-Q3,Dizziness,False,Moderate,Other,US,65-74,2
DRG005,Zenpravox,CNS,2023-Q3,Headache,False,Mild,Consumer,US,45-64,2
DRG005,Zenpravox,CNS,2023-Q3,Nausea,False,Mild,Consumer,US,18-44,2
DRG005,Zenpravox,CNS,2023-Q3,Headache,False,Mild,Physician,US,18-44,2
DRG005,Zenpravox,CNS,2023-Q3,Headache,False,Moderate,Pharmacist,US,65-74,2
DRG005,Zenpravox,CNS,2023-Q3,Tremor,False,Serious,Physician,CA,45-64,2
DRG005,Zenpravox,CNS,2023-Q3,Somnolence,False,Serious,Physician,US,45-64,2
DRG005,Zenpravox,CNS,2023-Q3,Somnolence,False,Moderate,Other,US,65-74,2
DRG005,Zenpravox,CNS,2023-Q3,Tremor,False,Mild,Other,US,75+,2
DRG005,Zenpravox,CNS,2023-Q3,Somnolence,False,Mild,Physician,US,65-74,2
DRG005,Zenpravox,CNS,2023-Q3,Tremor,False,Moderate,Physician,US,65-74,2
DRG005,Zenpravox,CNS,2023-Q3,Insomnia,False,Mild,Pharmacist,GB,18-44,2
DRG005,Zenpravox,CNS,2023-Q3,Insomnia,False,Moderate,Pharmacist,DE,45-64,1
DRG005,Zenpravox,CNS,2023-Q3,Dizziness,False,Moderate,Physician,US,75+,1
DRG005,Zenpravox,CNS,2023-Q3,Dizziness,False,Moderate,Physician,FR,45-64,1
DRG005,Zenpravox,CNS,2023-Q3,Somnolence,False,Critical,Physician,US,45-64,1
DRG005,Zenpravox,CNS,2023-Q3,Somnolence,False,Moderate,Consumer,US,65-74,1
DRG005,Zenpravox,CNS,2023-Q3,Anxiety,False,Critical,Pharmacist,GB,65-74,1
DRG005,Zenpravox,CNS,2023-Q3,Anxiety,False,Moderate,Consumer,US,65-74,1
DRG005,Zenpravox,CNS,2023-Q3,Tremor,False,Mild,Physician,JP,65-74,1
DRG005,Zenpravox,CNS,2023-Q3,Anxiety,False,Moderate,Physician,CA,65-74,1
DRG005,Zenpravox,CNS,2023-Q3,Insomnia,False,Mild,Physician,FR,65-74,1
DRG005,Zenpravox,CNS,2023-Q3,Insomnia,False,Critical,Physician,FR,65-74,1
DRG005,Zenpravox,CNS,2023-Q3,Headache,False,Mild,Other,FR,65-74,1
DRG005,Zenpravox,CNS,2023-Q3,Insomnia,False,Mild,Physician,CA,65-74,1
DRG005,Zenpravox,CNS,2023-Q3,Somnolence,False,Mild,Pharmacist,US,65-74,1
DRG005,Zenpravox,CNS,2023-Q3,Dizziness,False,Serious,Physician,GB,75+,1
DRG005,Zenpravox,CNS,2023-Q3,Dizziness,False,Critical,Pharmacist,FR,18-44,1
DRG005,Zenpravox,CNS,2023-Q3,Somnolence,False,Moderate,Physician,US,45-64,1
DRG005,Zenpravox,CNS,2023-Q3,Tremor,False,Serious,Physician,CA,75+,1
DRG005,Zenpravox,CNS,2023-Q3,Headache,False,Critical,Consumer,GB,45-64,1
DRG005,Zenpravox,CNS,2023-Q3,Nausea,False,Serious,Physician,DE,65-74,1
DRG005,Zenpravox,CNS,2023-Q3,Tremor,False,Serious,Consumer,CA,65-74,1
DRG005,Zenpravox,CNS,2023-Q3,Nausea,False,Mild,Consumer,GB,18-44,1
DRG005,Zenpravox,CNS,2023-Q3,Anxiety,False,Mild,Consumer,DE,18-44,1
DRG005,Zenpravox,CNS,2023-Q3,Headache,False,Moderate,Physician,FR,75+,1
DRG005,Zenpravox,CNS,2023-Q3,Anxiety,False,Moderate,Pharmacist,GB,45-64,1
DRG005,Zenpravox,CNS,2023-Q3,Anxiety,False,Moderate,Physician,US,75+,1
DRG005,Zenpravox,CNS,2023-Q3,Nausea,False,Critical,Pharmacist,US,75+,1
DRG005,Zenpravox,CNS,2023-Q3,Dizziness,False,Mild,Other,DE,65-74,1
DRG005,Zenpravox,CNS,2023-Q3,Dizziness,False,Mild,Physician,DE,65-74,1
DRG005,Zenpravox,CNS,2023-Q3,Headache,False,Mild,Consumer,FR,65-74,1
DRG005,Zenpravox,CNS,2023-Q3,Tremor,False,Serious,Consumer,US,65-74,1
DRG005,Zenpravox,CNS,2023-Q3,Nausea,False,Critical,Pharmacist,FR,45-64,1
DRG005,Zenpravox,CNS,2023-Q3,Dizziness,False,Moderate,Physician,DE,65-74,1
DRG005,Zenpravox,CNS,2023-Q3,Insomnia,False,Moderate,Consumer,US,18-44,1
DRG005,Zenpravox,CNS,2023-Q3,Nausea,False,Moderate,Physician,US,45-64,1
DRG005,Zenpravox,CNS,2023-Q3,Somnolence,False,Moderate,Physician,CA,75+,1
DRG005,Zenpravox,CNS,2023-Q3,Headache,False,Moderate,Pharmacist,GB,45-64,1
DRG005,Zenpravox,CNS,2023-Q3,Nausea,False,Moderate,Physician,US,75+,1
DRG005,Zenpravox,CNS,2023-Q3,Headache,False,Serious,Other,CA,65-74,1
DRG005,Zenpravox,CNS,2023-Q3,Dizziness,False,Moderate,Consumer,CA,18-44,1
DRG005,Zenpravox,CNS,2023-Q3,Headache,False,Moderate,Consumer,JP,18-44,1
DRG005,Zenpravox,CNS,2023-Q3,Tremor,False,Moderate,Pharmacist,DE,65-74,1
DRG005,Zenpravox,CNS,2023-Q3,Insomnia,False,Mild,Pharmacist,FR,65-74,1
DRG005,Zenpravox,CNS,2023-Q3,Anxiety,False,Critical,Physician,US,65-74,1
DRG005,Zenpravox,CNS,2023-Q3,Insomnia,False,Mild,Other,US,65-74,1
DRG005,Zenpravox,CNS,2023-Q3,Somnolence,False,Serious,Other,US,75+,1
DRG005,Zenpravox,CNS,2023-Q3,Dizziness,False,Serious,Pharmacist,US,45-64,1
DRG005,Zenpravox,CNS,2023-Q3,Dizziness,False,Critical,Physician,FR,45-64,1
DRG005,Zenpravox,CNS,2023-Q3,Headache,False,Mild,Pharmacist,US,18-44,1
DRG005,Zenpravox,CNS,2023-Q3,Headache,False,Moderate,Physician,CA,45-64,1
DRG005,Zenpravox,CNS,2023-Q3,Dizziness,False,Critical,Physician,JP,45-64,1
DRG005,Zenpravox,CNS,2023-Q3,Anxiety,False,Critical,Physician,FR,45-64,1
DRG005,Zenpravox,CNS,2023-Q3,Dizziness,False,Mild,Consumer,US,45-64,1
DRG005,Zenpravox,CNS,2023-Q3,Insomnia,False,Mild,Pharmacist,GB,45-64,1
DRG005,Zenpravox,CNS,2023-Q3,Headache,False,Mild,Physician,GB,18-44,1
DRG005,Zenpravox,CNS,2023-Q3,Headache,False,Serious,Pharmacist,US,75+,1
DRG005,Zenpravox,CNS,2023-Q3,Anxiety,False,Serious,Other,US,65-74,1
DRG005,Zenpravox,CNS,2023-Q3,Headache,False,Moderate,Physician,US,18-44,1
DRG005,Zenpravox,CNS,2023-Q3,Insomnia,False,Mild,Consumer,FR,18-44,1
DRG005,Zenpravox,CNS,2023-Q3,Anxiety,False,Mild,Physician,US,45-64,1
DRG005,Zenpravox,CNS,2023-Q3,Dizziness,False,Moderate,Consumer,CA,45-64,1
DRG005,Zenpravox,CNS,2023-Q3,Anxiety,False,Moderate,Physician,GB,65-74,1
DRG005,Zenpravox,CNS,2023-Q3,Dizziness,False,Mild,Physician,US,45-64,1
DRG005,Zenpravox,CNS,2023-Q3,Anxiety,False,Mild,Physician,FR,75+,1
DRG005,Zenpravox,CNS,2023-Q3,Tremor,False,Critical,Physician,US,65-74,1
DRG005,Zenpravox,CNS,2023-Q3,Tremor,False,Moderate,Consumer,US,65-74,1
DRG005,Zenpravox,CNS,2023-Q3,Insomnia,False,Moderate,Consumer,JP,45-64,1
DRG005,Zenpravox,CNS,2023-Q3,Tremor,False,Serious,Consumer,US,18-44,1
DRG005,Zenpravox,CNS,2023-Q3,Nausea,False,Serious,Physician,US,65-74,1
DRG005,Zenpravox,CNS,2023-Q3,Insomnia,False,Mild,Physician,US,75+,1
DRG005,Zenpravox,CNS,2023-Q3,Nausea,False,Serious,Other,US,45-64,1
DRG005,Zenpravox,CNS,2023-Q3,Anxiety,False,Moderate,Pharmacist,US,45-64,1
DRG005,Zenpravox,CNS,2023-Q3,Anxiety,False,Moderate,Pharmacist,FR,65-74,1
DRG005,Zenpravox,CNS,2023-Q3,Anxiety,False,Mild,Physician,US,18-44,1
DRG005,Zenpravox,CNS,2023-Q3,Nausea,False,Moderate,Physician,GB,65-74,1
DRG005,Zenpravox,CNS,2023-Q3,Headache,False,Moderate,Consumer,JP,45-64,1
DRG005,Zenpravox,CNS,2023-Q3,Dizziness,False,Moderate,Pharmacist,US,75+,1
DRG005,Zenpravox,CNS,2023-Q3,Headache,False,Moderate,Other,US,45-64,1
DRG005,Zenpravox,CNS,2023-Q3,Nausea,False,Moderate,Consumer,US,65-74,1
DRG005,Zenpravox,CNS,2023-Q3,Nausea,False,Moderate,Consumer,DE,65-74,1
DRG005,Zenpravox,CNS,2023-Q3,Insomnia,False,Moderate,Other,US,45-64,1
DRG005,Zenpravox,CNS,2023-Q3,Anxiety,False,Serious,Consumer,JP,75+,1
DRG005,Zenpravox,CNS,2023-Q3,Dizziness,False,Mild,Consumer,GB,65-74,1
DRG005,Zenpravox,CNS,2023-Q3,Insomnia,False,Critical,Other,FR,45-64,1
DRG005,Zenpravox,CNS,2023-Q3,Anxiety,False,Moderate,Physician,JP,45-64,1
DRG005,Zenpravox,CNS,2023-Q3,Headache,False,Serious,Other,GB,45-64,1
DRG005,Zenpravox,CNS,2023-Q3,Nausea,False,Moderate,Other,DE,45-64,1
DRG005,Zenpravox,CNS,2023-Q3,Dizziness,False,Serious,Consumer,US,45-64,1
DRG005,Zenpravox,CNS,2023-Q3,Somnolence,False,Mild,Physician,GB,65-74,1
DRG005,Zenpravox,CNS,2023-Q3,Insomnia,False,Mild,Consumer,US,45-64,1
DRG005,Zenpravox,CNS,2023-Q3,Headache,False,Mild,Physician,JP,45-64,1
DRG005,Zenpravox,CNS,2023-Q3,Tremor,False,Critical,Consumer,DE,18-44,1
DRG005,Zenpravox,CNS,2023-Q3,Insomnia,False,Moderate,Physician,JP,45-64,1
DRG005,Zenpravox,CNS,2023-Q3,Insomnia,False,Moderate,Physician,US,45-64,1
DRG005,Zenpravox,CNS,2023-Q3,Somnolence,False,Critical,Pharmacist,JP,18-44,1
DRG005,Zenpravox,CNS,2023-Q3,Anxiety,False,Serious,Consumer,US,18-44,1
DRG005,Zenpravox,CNS,2023-Q3,Nausea,False,Critical,Other,US,18-44,1
DRG005,Zenpravox,CNS,2023-Q3,Headache,False,Moderate,Consumer,US,65-74,1
DRG005,Zenpravox,CNS,2023-Q3,Nausea,False,Moderate,Physician,FR,18-44,1
DRG005,Zenpravox,CNS,2023-Q3,Anxiety,False,Moderate,Other,JP,65-74,1
DRG005,Zenpravox,CNS,2023-Q3,Tremor,False,Moderate,Physician,GB,75+,1
DRG005,Zenpravox,CNS,2023-Q3,Tremor,False,Mild,Consumer,CA,45-64,1
DRG005,Zenpravox,CNS,2023-Q3,Dizziness,False,Critical,Consumer,US,65-74,1
DRG005,Zenpravox,CNS,2023-Q3,Insomnia,False,Mild,Physician,US,18-44,1
DRG005,Zenpravox,CNS,2023-Q3,Headache,False,Mild,Other,US,45-64,1
DRG005,Zenpravox,CNS,2023-Q3,Dizziness,False,Mild,Other,FR,65-74,1
DRG005,Zenpravox,CNS,2023-Q3,Anxiety,False,Mild,Pharmacist,US,65-74,1
DRG005,Zenpravox,CNS,2023-Q3,Somnolence,False,Mild,Physician,FR,18-44,1
DRG005,Zenpravox,CNS,2023-Q3,Dizziness,False,Moderate,Physician,US,65-74,1
DRG005,Zenpravox,CNS,2023-Q3,Anxiety,False,Moderate,Physician,FR,75+,1
DRG005,Zenpravox,CNS,2023-Q3,Somnolence,False,Critical,Pharmacist,US,75+,1
DRG005,Zenpravox,CNS,2023-Q3,Insomnia,False,Mild,Physician,FR,18-44,1
DRG005,Zenpravox,CNS,2023-Q3,Tremor,False,Moderate,Physician,US,45-64,1
DRG005,Zenpravox,CNS,2023-Q3,Tremor,False,Mild,Consumer,FR,45-64,1
DRG005,Zenpravox,CNS,2023-Q3,Tremor,False,Mild,Pharmacist,US,18-44,1
DRG005,Zenpravox,CNS,2023-Q3,Anxiety,False,Serious,Consumer,DE,75+,1
DRG005,Zenpravox,CNS,2023-Q3,Dizziness,False,Critical,Consumer,GB,45-64,1
DRG005,Zenpravox,CNS,2023-Q3,Insomnia,False,Critical,Physician,US,45-64,1
DRG005,Zenpravox,CNS,2023-Q3,Dizziness,False,Mild,Consumer,JP,75+,1
DRG005,Zenpravox,CNS,2023-Q3,Dizziness,False,Mild,Pharmacist,US,45-64,1
DRG005,Zenpravox,CNS,2023-Q3,Headache,False,Mild,Physician,US,45-64,1
DRG005,Zenpravox,CNS,2023-Q3,Tremor,False,Moderate,Consumer,US,18-44,1
DRG005,Zenpravox,CNS,2023-Q3,Tremor,False,Moderate,Pharmacist,CA,18-44,1
DRG005,Zenpravox,CNS,2023-Q3,Insomnia,False,Mild,Pharmacist,US,75+,1
DRG005,Zenpravox,CNS,2023-Q3,Anxiety,False,Moderate,Other,US,45-64,1
DRG005,Zenpravox,CNS,2023-Q3,Nausea,False,Moderate,Other,JP,65-74,1
DRG005,Zenpravox,CNS,2023-Q3,Somnolence,False,Serious,Consumer,US,45-64,1
DRG005,Zenpravox,CNS,2023-Q3,Headache,False,Mild,Consumer,US,18-44,1
DRG005,Zenpravox,CNS,2023-Q3,Tremor,False,Serious,Physician,US,65-74,1
DRG005,Zenpravox,CNS,2023-Q3,Headache,False,Mild,Other,US,65-74,1
DRG005,Zenpravox,CNS,2023-Q3,Anxiety,False,Mild,Physician,US,75+,1
DRG005,Zenpravox,CNS,2023-Q3,Tremor,False,Moderate,Physician,GB,45-64,1
DRG005,Zenpravox,CNS,2023-Q3,Tremor,False,Mild,Physician,CA,45-64,1
DRG005,Zenpravox,CNS,2023-Q3,Nausea,False,Mild,Consumer,US,45-64,1
DRG005,Zenpravox,CNS,2023-Q3,Anxiety,False,Moderate,Physician,US,45-64,1
DRG005,Zenpravox,CNS,2023-Q3,Dizziness,False,Mild,Other,US,18-44,1
DRG005,Zenpravox,CNS,2023-Q3,Insomnia,False,Moderate,Physician,US,65-74,1
DRG005,Zenpravox,CNS,2023-Q3,Insomnia,False,Moderate,Other,US,75+,1
DRG005,Zenpravox,CNS,2023-Q3,Tremor,False,Critical,Pharmacist,US,18-44,1
DRG005,Zenpravox,CNS,2023-Q3,Anxiety,False,Critical,Pharmacist,GB,45-64,1
DRG005,Zenpravox,CNS,2023-Q3,Headache,False,Critical,Physician,JP,18-44,1
DRG005,Zenpravox,CNS,2023-Q3,Insomnia,False,Serious,Physician,DE,45-64,1
DRG005,Zenpravox,CNS,2023-Q3,Anxiety,False,Mild,Other,US,45-64,1
DRG005,Zenpravox,CNS,2023-Q3,Somnolence,False,Moderate,Physician,DE,45-64,1
DRG005,Zenpravox,CNS,2023-Q3,Headache,False,Mild,Other,JP,45-64,1
DRG005,Zenpravox,CNS,2023-Q3,Tremor,False,Mild,Pharmacist,GB,65-74,1
DRG005,Zenpravox,CNS,2023-Q3,Headache,False,Moderate,Consumer,CA,65-74,1
DRG005,Zenpravox,CNS,2023-Q3,Tremor,False,Moderate,Physician,JP,65-74,1
DRG005,Zenpravox,CNS,2023-Q3,Headache,False,Moderate,Consumer,CA,75+,1
DRG005,Zenpravox,CNS,2023-Q3,Anxiety,False,Mild,Consumer,US,65-74,1
DRG005,Zenpravox,CNS,2023-Q3,Nausea,False,Moderate,Consumer,GB,65-74,1
DRG005,Zenpravox,CNS,2023-Q3,Insomnia,False,Mild,Consumer,US,18-44,1
DRG005,Zenpravox,CNS,2023-Q3,Insomnia,False,Mild,Consumer,GB,65-74,1
DRG005,Zenpravox,CNS,2023-Q3,Tremor,False,Serious,Other,US,75+,1
DRG005,Zenpravox,CNS,2023-Q3,Insomnia,False,Critical,Physician,JP,65-74,1
DRG005,Zenpravox,CNS,2023-Q3,Nausea,False,Moderate,Physician,DE,65-74,1
DRG005,Zenpravox,CNS,2023-Q3,Nausea,False,Moderate,Physician,US,65-74,1
DRG005,Zenpravox,CNS,2023-Q3,Anxiety,False,Mild,Other,DE,45-64,1
DRG005,Zenpravox,CNS,2023-Q3,Headache,False,Critical,Other,US,75+,1
DRG005,Zenpravox,CNS,2023-Q3,Nausea,False,Mild,Consumer,CA,45-64,1
DRG005,Zenpravox,CNS,2023-Q3,Somnolence,False,Mild,Physician,CA,65-74,1
DRG005,Zenpravox,CNS,2023-Q3,Dizziness,False,Moderate,Other,US,45-64,1
DRG005,Zenpravox,CNS,2023-Q3,Somnolence,False,Serious,Consumer,CA,75+,1
DRG005,Zenpravox,CNS,2023-Q3,Nausea,False,Mild,Physician,GB,45-64,1
DRG005,Zenpravox,CNS,2023-Q3,Nausea,False,Critical,Physician,JP,65-74,1
DRG005,Zenpravox,CNS,2023-Q3,Insomnia,False,Mild,Pharmacist,US,45-64,1
DRG005,Zenpravox,CNS,2023-Q3,Insomnia,False,Critical,Consumer,US,45-64,1
DRG005,Zenpravox,CNS,2023-Q3,Anxiety,False,Mild,Physician,US,65-74,1
DRG005,Zenpravox,CNS,2023-Q4,Nausea,False,Moderate,Physician,US,45-64,3
DRG005,Zenpravox,CNS,2023-Q4,Nausea,False,Mild,Consumer,US,45-64,3
DRG005,Zenpravox,CNS,2023-Q4,Tremor,False,Mild,Physician,US,65-74,3
DRG005,Zenpravox,CNS,2023-Q4,Headache,False,Mild,Consumer,US,45-64,3
DRG005,Zenpravox,CNS,2023-Q4,Headache,False,Mild,Physician,US,45-64,2
DRG005,Zenpravox,CNS,2023-Q4,Somnolence,False,Moderate,Consumer,DE,45-64,2
DRG005,Zenpravox,CNS,2023-Q4,Tremor,False,Critical,Physician,GB,18-44,2
DRG005,Zenpravox,CNS,2023-Q4,Anxiety,False,Mild,Physician,US,65-74,2
DRG005,Zenpravox,CNS,2023-Q4,Tremor,False,Mild,Physician,US,45-64,2
DRG005,Zenpravox,CNS,2023-Q4,Tremor,False,Mild,Physician,GB,45-64,2
DRG005,Zenpravox,CNS,2023-Q4,Insomnia,False,Moderate,Pharmacist,US,75+,2
DRG005,Zenpravox,CNS,2023-Q4,Tremor,False,Moderate,Physician,US,45-64,2
DRG005,Zenpravox,CNS,2023-Q4,Insomnia,False,Mild,Pharmacist,US,45-64,2
DRG005,Zenpravox,CNS,2023-Q4,Tremor,False,Serious,Pharmacist,US,45-64,2
DRG005,Zenpravox,CNS,2023-Q4,Somnolence,False,Mild,Pharmacist,US,65-74,2
DRG005,Zenpravox,CNS,2023-Q4,Nausea,False,Moderate,Other,US,65-74,2
DRG005,Zenpravox,CNS,2023-Q4,Headache,False,Mild,Physician,US,75+,2
DRG005,Zenpravox,CNS,2023-Q4,Insomnia,False,Moderate,Physician,US,45-64,2
DRG005,Zenpravox,CNS,2023-Q4,Headache,False,Mild,Physician,US,65-74,2
DRG005,Zenpravox,CNS,2023-Q4,Anxiety,False,Mild,Physician,US,45-64,2
DRG005,Zenpravox,CNS,2023-Q4,Headache,False,Critical,Physician,US,45-64,2
DRG005,Zenpravox,CNS,2023-Q4,Dizziness,False,Moderate,Physician,JP,65-74,1
DRG005,Zenpravox,CNS,2023-Q4,Nausea,False,Mild,Physician,US,65-74,1
DRG005,Zenpravox,CNS,2023-Q4,Nausea,False,Critical,Physician,FR,65-74,1
DRG005,Zenpravox,CNS,2023-Q4,Anxiety,False,Mild,Consumer,US,45-64,1
DRG005,Zenpravox,CNS,2023-Q4,Nausea,False,Mild,Other,US,65-74,1
DRG005,Zenpravox,CNS,2023-Q4,Somnolence,False,Mild,Consumer,GB,45-64,1
DRG005,Zenpravox,CNS,2023-Q4,Tremor,False,Serious,Consumer,US,75+,1
DRG005,Zenpravox,CNS,2023-Q4,Tremor,False,Mild,Physician,US,18-44,1
DRG005,Zenpravox,CNS,2023-Q4,Anxiety,False,Mild,Physician,CA,45-64,1
DRG005,Zenpravox,CNS,2023-Q4,Headache,False,Mild,Other,DE,65-74,1
DRG005,Zenpravox,CNS,2023-Q4,Somnolence,False,Moderate,Physician,FR,45-64,1
DRG005,Zenpravox,CNS,2023-Q4,Anxiety,False,Critical,Physician,CA,45-64,1
DRG005,Zenpravox,CNS,2023-Q4,Nausea,False,Moderate,Physician,JP,65-74,1
DRG005,Zenpravox,CNS,2023-Q4,Anxiety,False,Critical,Physician,US,65-74,1
DRG005,Zenpravox,CNS,2023-Q4,Dizziness,False,Serious,Consumer,US,45-64,1
DRG005,Zenpravox,CNS,2023-Q4,Somnolence,False,Mild,Other,US,45-64,1
DRG005,Zenpravox,CNS,2023-Q4,Dizziness,False,Mild,Other,US,45-64,1
DRG005,Zenpravox,CNS,2023-Q4,Headache,False,Moderate,Consumer,US,45-64,1
DRG005,Zenpravox,CNS,2023-Q4,Anxiety,False,Mild,Physician,US,18-44,1
DRG005,Zenpravox,CNS,2023-Q4,Anxiety,False,Moderate,Physician,US,75+,1
DRG005,Zenpravox,CNS,2023-Q4,Tremor,False,Mild,Physician,JP,18-44,1
DRG005,Zenpravox,CNS,2023-Q4,Nausea,False,Serious,Pharmacist,US,45-64,1
DRG005,Zenpravox,CNS,2023-Q4,Insomnia,False,Moderate,Consumer,US,65-74,1
DRG005,Zenpravox,CNS,2023-Q4,Somnolence,False,Serious,Pharmacist,DE,65-74,1
DRG005,Zenpravox,CNS,2023-Q4,Tremor,False,Mild,Pharmacist,JP,45-64,1
DRG005,Zenpravox,CNS,2023-Q4,Dizziness,False,Moderate,Physician,FR,18-44,1
DRG005,Zenpravox,CNS,2023-Q4,Anxiety,False,Critical,Physician,US,45-64,1
DRG005,Zenpravox,CNS,2023-Q4,Anxiety,False,Moderate,Pharmacist,JP,45-64,1
DRG005,Zenpravox,CNS,2023-Q4,Somnolence,False,Moderate,Physician,DE,65-74,1
DRG005,Zenpravox,CNS,2023-Q4,Somnolence,False,Critical,Pharmacist,JP,65-74,1
DRG005,Zenpravox,CNS,2023-Q4,Anxiety,False,Moderate,Physician,JP,65-74,1
DRG005,Zenpravox,CNS,2023-Q4,Insomnia,False,Moderate,Physician,US,75+,1
DRG005,Zenpravox,CNS,2023-Q4,Insomnia,False,Moderate,Physician,JP,18-44,1
DRG005,Zenpravox,CNS,2023-Q4,Tremor,False,Moderate,Pharmacist,FR,45-64,1
DRG005,Zenpravox,CNS,2023-Q4,Tremor,False,Mild,Consumer,US,65-74,1
DRG005,Zenpravox,CNS,2023-Q4,Dizziness,False,Moderate,Physician,JP,45-64,1
DRG005,Zenpravox,CNS,2023-Q4,Insomnia,False,Moderate,Consumer,US,18-44,1
DRG005,Zenpravox,CNS,2023-Q4,Somnolence,False,Mild,Other,JP,45-64,1
DRG005,Zenpravox,CNS,2023-Q4,Insomnia,False,Mild,Other,US,45-64,1
DRG005,Zenpravox,CNS,2023-Q4,Anxiety,False,Serious,Consumer,FR,45-64,1
DRG005,Zenpravox,CNS,2023-Q4,Dizziness,False,Critical,Physician,US,45-64,1
DRG005,Zenpravox,CNS,2023-Q4,Headache,False,Moderate,Consumer,DE,45-64,1
DRG005,Zenpravox,CNS,2023-Q4,Dizziness,False,Mild,Physician,FR,18-44,1
DRG005,Zenpravox,CNS,2023-Q4,Insomnia,False,Mild,Physician,US,75+,1
DRG005,Zenpravox,CNS,2023-Q4,Anxiety,False,Moderate,Physician,JP,45-64,1
DRG005,Zenpravox,CNS,2023-Q4,Somnolence,False,Mild,Physician,FR,18-44,1
DRG005,Zenpravox,CNS,2023-Q4,Tremor,False,Critical,Physician,DE,65-74,1
DRG005,Zenpravox,CNS,2023-Q4,Nausea,False,Serious,Other,US,18-44,1
DRG005,Zenpravox,CNS,2023-Q4,Insomnia,False,Moderate,Consumer,GB,45-64,1
DRG005,Zenpravox,CNS,2023-Q4,Headache,False,Serious,Pharmacist,US,75+,1
DRG005,Zenpravox,CNS,2023-Q4,Dizziness,False,Mild,Consumer,DE,65-74,1
DRG005,Zenpravox,CNS,2023-Q4,Nausea,False,Mild,Physician,DE,75+,1
DRG005,Zenpravox,CNS,2023-Q4,Dizziness,False,Moderate,Other,US,18-44,1
DRG005,Zenpravox,CNS,2023-Q4,Headache,False,Serious,Physician,US,65-74,1
DRG005,Zenpravox,CNS,2023-Q4,Anxiety,False,Critical,Physician,FR,45-64,1
DRG005,Zenpravox,CNS,2023-Q4,Dizziness,False,Moderate,Consumer,US,18-44,1
DRG005,Zenpravox,CNS,2023-Q4,Headache,False,Critical,Pharmacist,US,45-64,1
DRG005,Zenpravox,CNS,2023-Q4,Somnolence,False,Critical,Physician,GB,45-64,1
DRG005,Zenpravox,CNS,2023-Q4,Anxiety,False,Mild,Consumer,DE,45-64,1
DRG005,Zenpravox,CNS,2023-Q4,Insomnia,False,Mild,Pharmacist,FR,45-64,1
DRG005,Zenpravox,CNS,2023-Q4,Tremor,False,Mild,Physician,CA,45-64,1
DRG005,Zenpravox,CNS,2023-Q4,Nausea,False,Mild,Physician,GB,65-74,1
DRG005,Zenpravox,CNS,2023-Q4,Anxiety,False,Moderate,Consumer,US,65-74,1
DRG005,Zenpravox,CNS,2023-Q4,Nausea,False,Mild,Other,US,45-64,1
DRG005,Zenpravox,CNS,2023-Q4,Dizziness,False,Mild,Other,JP,65-74,1
DRG005,Zenpravox,CNS,2023-Q4,Anxiety,False,Moderate,Physician,FR,65-74,1
DRG005,Zenpravox,CNS,2023-Q4,Somnolence,False,Mild,Consumer,US,18-44,1
DRG005,Zenpravox,CNS,2023-Q4,Anxiety,False,Mild,Pharmacist,US,75+,1
DRG005,Zenpravox,CNS,2023-Q4,Insomnia,False,Mild,Consumer,US,45-64,1
DRG005,Zenpravox,CNS,2023-Q4,Dizziness,False,Critical,Consumer,FR,18-44,1
DRG005,Zenpravox,CNS,2023-Q4,Insomnia,False,Moderate,Pharmacist,DE,18-44,1
DRG005,Zenpravox,CNS,2023-Q4,Nausea,False,Moderate,Physician,GB,45-64,1
DRG005,Zenpravox,CNS,2023-Q4,Tremor,False,Moderate,Physician,US,75+,1
DRG005,Zenpravox,CNS,2023-Q4,Tremor,False,Mild,Consumer,US,45-64,1
DRG005,Zenpravox,CNS,2023-Q4,Nausea,False,Serious,Consumer,JP,45-64,1
DRG005,Zenpravox,CNS,2023-Q4,Dizziness,False,Serious,Physician,US,45-64,1
DRG005,Zenpravox,CNS,2023-Q4,Dizziness,False,Moderate,Consumer,FR,65-74,1
DRG005,Zenpravox,CNS,2023-Q4,Insomnia,False,Serious,Pharmacist,DE,65-74,1
DRG005,Zenpravox,CNS,2023-Q4,Headache,False,Serious,Consumer,CA,65-74,1
DRG005,Zenpravox,CNS,2023-Q4,Nausea,False,Critical,Physician,JP,45-64,1
DRG005,Zenpravox,CNS,2023-Q4,Nausea,False,Serious,Other,US,65-74,1
DRG005,Zenpravox,CNS,2023-Q4,Anxiety,False,Moderate,Consumer,US,75+,1
DRG005,Zenpravox,CNS,2023-Q4,Tremor,False,Mild,Physician,GB,18-44,1
DRG005,Zenpravox,CNS,2023-Q4,Somnolence,False,Moderate,Consumer,US,45-64,1
DRG005,Zenpravox,CNS,2023-Q4,Dizziness,False,Mild,Pharmacist,US,75+,1
DRG005,Zenpravox,CNS,2023-Q4,Nausea,False,Mild,Physician,CA,65-74,1
DRG005,Zenpravox,CNS,2023-Q4,Somnolence,False,Moderate,Physician,FR,18-44,1
DRG005,Zenpravox,CNS,2023-Q4,Insomnia,False,Moderate,Other,US,75+,1
DRG005,Zenpravox,CNS,2023-Q4,Anxiety,False,Serious,Pharmacist,US,65-74,1
DRG005,Zenpravox,CNS,2023-Q4,Nausea,False,Serious,Consumer,US,18-44,1
DRG005,Zenpravox,CNS,2023-Q4,Tremor,False,Moderate,Consumer,US,65-74,1
DRG005,Zenpravox,CNS,2023-Q4,Tremor,False,Mild,Physician,DE,65-74,1
DRG005,Zenpravox,CNS,2023-Q4,Nausea,False,Mild,Physician,US,75+,1
DRG005,Zenpravox,CNS,2023-Q4,Anxiety,False,Mild,Physician,FR,45-64,1
DRG005,Zenpravox,CNS,2023-Q4,Nausea,False,Moderate,Consumer,JP,65-74,1
DRG005,Zenpravox,CNS,2023-Q4,Tremor,False,Serious,Other,DE,65-74,1
DRG005,Zenpravox,CNS,2023-Q4,Insomnia,False,Mild,Physician,US,45-64,1
DRG005,Zenpravox,CNS,2023-Q4,Dizziness,False,Serious,Physician,US,65-74,1
DRG005,Zenpravox,CNS,2023-Q4,Nausea,False,Moderate,Consumer,US,65-74,1
DRG005,Zenpravox,CNS,2023-Q4,Dizziness,False,Critical,Physician,US,18-44,1
DRG005,Zenpravox,CNS,2023-Q4,Insomnia,False,Moderate,Pharmacist,US,45-64,1
DRG005,Zenpravox,CNS,2023-Q4,Headache,False,Serious,Physician,US,75+,1
DRG005,Zenpravox,CNS,2023-Q4,Anxiety,False,Critical,Other,JP,18-44,1
DRG005,Zenpravox,CNS,2023-Q4,Anxiety,False,Moderate,Consumer,DE,45-64,1
DRG005,Zenpravox,CNS,2023-Q4,Insomnia,False,Moderate,Consumer,GB,18-44,1
DRG005,Zenpravox,CNS,2023-Q4,Nausea,False,Critical,Pharmacist,US,65-74,1
DRG005,Zenpravox,CNS,2023-Q4,Nausea,False,Critical,Pharmacist,US,75+,1
DRG005,Zenpravox,CNS,2023-Q4,Somnolence,False,Mild,Consumer,US,65-74,1
DRG005,Zenpravox,CNS,2023-Q4,Tremor,False,Moderate,Pharmacist,DE,45-64,1
DRG005,Zenpravox,CNS,2023-Q4,Somnolence,False,Mild,Consumer,US,45-64,1
DRG005,Zenpravox,CNS,2023-Q4,Nausea,False,Mild,Pharmacist,US,45-64,1
DRG005,Zenpravox,CNS,2023-Q4,Tremor,False,Mild,Consumer,FR,45-64,1
DRG005,Zenpravox,CNS,2023-Q4,Dizziness,False,Critical,Physician,CA,65-74,1
DRG005,Zenpravox,CNS,2023-Q4,Insomnia,False,Mild,Consumer,CA,45-64,1
DRG005,Zenpravox,CNS,2023-Q4,Somnolence,False,Mild,Physician,DE,18-44,1
DRG005,Zenpravox,CNS,2023-Q4,Headache,False,Mild,Physician,FR,75+,1
DRG005,Zenpravox,CNS,2023-Q4,Nausea,False,Moderate,Consumer,JP,45-64,1
DRG005,Zenpravox,CNS,2023-Q4,Insomnia,False,Mild,Other,GB,65-74,1
DRG005,Zenpravox,CNS,2023-Q4,Dizziness,False,Moderate,Physician,US,75+,1
DRG005,Zenpravox,CNS,2023-Q4,Insomnia,False,Serious,Physician,US,45-64,1
DRG005,Zenpravox,CNS,2023-Q4,Headache,False,Serious,Other,FR,65-74,1
DRG005,Zenpravox,CNS,2023-Q4,Anxiety,False,Critical,Consumer,US,18-44,1
DRG005,Zenpravox,CNS,2023-Q4,Tremor,False,Critical,Physician,US,65-74,1
DRG005,Zenpravox,CNS,2023-Q4,Tremor,False,Moderate,Consumer,CA,65-74,1
DRG005,Zenpravox,CNS,2023-Q4,Headache,False,Critical,Pharmacist,GB,75+,1
DRG005,Zenpravox,CNS,2023-Q4,Tremor,False,Moderate,Consumer,FR,75+,1
DRG005,Zenpravox,CNS,2023-Q4,Headache,False,Mild,Other,US,65-74,1
DRG005,Zenpravox,CNS,2023-Q4,Insomnia,False,Mild,Consumer,US,65-74,1
DRG005,Zenpravox,CNS,2023-Q4,Tremor,False,Moderate,Physician,US,65-74,1
DRG005,Zenpravox,CNS,2023-Q4,Nausea,False,Mild,Physician,FR,75+,1
DRG005,Zenpravox,CNS,2023-Q4,Dizziness,False,Mild,Physician,US,75+,1
DRG005,Zenpravox,CNS,2023-Q4,Insomnia,False,Critical,Physician,US,45-64,1
DRG005,Zenpravox,CNS,2023-Q4,Somnolence,False,Critical,Pharmacist,US,45-64,1
DRG005,Zenpravox,CNS,2023-Q4,Nausea,False,Mild,Pharmacist,FR,65-74,1
DRG005,Zenpravox,CNS,2023-Q4,Headache,False,Critical,Pharmacist,US,65-74,1
DRG005,Zenpravox,CNS,2023-Q4,Anxiety,False,Moderate,Physician,US,45-64,1
DRG005,Zenpravox,CNS,2023-Q4,Nausea,False,Moderate,Pharmacist,CA,65-74,1
DRG005,Zenpravox,CNS,2023-Q4,Nausea,False,Mild,Consumer,FR,45-64,1
DRG005,Zenpravox,CNS,2023-Q4,Tremor,False,Moderate,Physician,CA,65-74,1
DRG005,Zenpravox,CNS,2023-Q4,Dizziness,False,Serious,Physician,GB,65-74,1
DRG005,Zenpravox,CNS,2023-Q4,Tremor,False,Mild,Physician,US,75+,1
DRG005,Zenpravox,CNS,2023-Q4,Anxiety,False,Critical,Consumer,US,65-74,1
DRG005,Zenpravox,CNS,2023-Q4,Dizziness,False,Mild,Pharmacist,US,18-44,1
DRG005,Zenpravox,CNS,2023-Q4,Nausea,False,Moderate,Consumer,CA,65-74,1
DRG005,Zenpravox,CNS,2023-Q4,Headache,False,Mild,Physician,GB,18-44,1
DRG005,Zenpravox,CNS,2023-Q4,Tremor,False,Moderate,Physician,GB,18-44,1
DRG005,Zenpravox,CNS,2023-Q4,Nausea,False,Moderate,Physician,US,18-44,1
DRG005,Zenpravox,CNS,2023-Q4,Anxiety,False,Moderate,Pharmacist,DE,45-64,1
DRG005,Zenpravox,CNS,2023-Q4,Dizziness,False,Mild,Physician,US,45-64,1
DRG005,Zenpravox,CNS,2023-Q4,Anxiety,False,Serious,Physician,US,18-44,1
DRG005,Zenpravox,CNS,2023-Q4,Anxiety,False,Moderate,Other,GB,65-74,1
DRG005,Zenpravox,CNS,2023-Q4,Insomnia,False,Mild,Other,JP,75+,1
DRG005,Zenpravox,CNS,2023-Q4,Headache,False,Serious,Physician,US,45-64,1
DRG005,Zenpravox,CNS,2023-Q4,Headache,False,Moderate,Pharmacist,GB,45-64,1
DRG005,Zenpravox,CNS,2023-Q4,Tremor,False,Critical,Pharmacist,US,65-74,1
DRG005,Zenpravox,CNS,2023-Q4,Headache,False,Mild,Other,GB,45-64,1
DRG005,Zenpravox,CNS,2023-Q4,Tremor,False,Mild,Pharmacist,US,65-74,1
DRG005,Zenpravox,CNS,2023-Q4,Tremor,False,Critical,Physician,US,75+,1
DRG005,Zenpravox,CNS,2023-Q4,Anxiety,False,Critical,Consumer,CA,45-64,1
DRG005,Zenpravox,CNS,2023-Q4,Anxiety,False,Mild,Physician,DE,75+,1
DRG005,Zenpravox,CNS,2023-Q4,Dizziness,False,Moderate,Pharmacist,FR,45-64,1
DRG005,Zenpravox,CNS,2023-Q4,Nausea,False,Critical,Physician,US,45-64,1
DRG005,Zenpravox,CNS,2023-Q4,Anxiety,False,Moderate,Consumer,US,45-64,1
DRG005,Zenpravox,CNS,2023-Q4,Anxiety,False,Mild,Consumer,JP,65-74,1
DRG005,Zenpravox,CNS,2023-Q4,Anxiety,False,Mild,Pharmacist,US,65-74,1
DRG005,Zenpravox,CNS,2023-Q4,Tremor,False,Critical,Pharmacist,US,45-64,1
DRG005,Zenpravox,CNS,2023-Q4,Headache,False,Critical,Physician,DE,45-64,1
DRG005,Zenpravox,CNS,2023-Q4,Somnolence,False,Moderate,Pharmacist,US,45-64,1
DRG005,Zenpravox,CNS,2023-Q4,Anxiety,False,Moderate,Physician,US,65-74,1
DRG005,Zenpravox,CNS,2023-Q4,Anxiety,False,Mild,Consumer,JP,45-64,1
DRG005,Zenpravox,CNS,2023-Q4,Nausea,False,Serious,Physician,US,18-44,1
DRG005,Zenpravox,CNS,2023-Q4,Tremor,False,Serious,Physician,US,75+,1
DRG005,Zenpravox,CNS,2023-Q4,Headache,False,Moderate,Physician,US,45-64,1
DRG005,Zenpravox,CNS,2023-Q4,Somnolence,False,Mild,Physician,US,65-74,1
DRG005,Zenpravox,CNS,2023-Q4,Headache,False,Mild,Physician,DE,65-74,1
DRG005,Zenpravox,CNS,2023-Q4,Tremor,False,Mild,Pharmacist,US,45-64,1
DRG005,Zenpravox,CNS,2023-Q4,Dizziness,False,Mild,Consumer,US,75+,1
DRG005,Zenpravox,CNS,2023-Q4,Headache,False,Mild,Consumer,FR,18-44,1
DRG005,Zenpravox,CNS,2023-Q4,Insomnia,False,Mild,Other,US,65-74,1
DRG005,Zenpravox,CNS,2023-Q4,Headache,False,Moderate,Physician,FR,45-64,1
DRG005,Zenpravox,CNS,2023-Q4,Dizziness,False,Mild,Other,GB,45-64,1
DRG005,Zenpravox,CNS,2023-Q4,Nausea,False,Critical,Consumer,GB,18-44,1
DRG005,Zenpravox,CNS,2023-Q4,Nausea,False,Mild,Other,DE,75+,1
DRG005,Zenpravox,CNS,2023-Q4,Nausea,False,Mild,Pharmacist,DE,75+,1
DRG005,Zenpravox,CNS,2023-Q4,Insomnia,False,Moderate,Physician,US,65-74,1
DRG005,Zenpravox,CNS,2023-Q4,Insomnia,False,Moderate,Pharmacist,DE,45-64,1
DRG005,Zenpravox,CNS,2023-Q4,Tremor,False,Serious,Physician,US,18-44,1
DRG005,Zenpravox,CNS,2023-Q4,Nausea,False,Critical,Physician,DE,18-44,1
DRG005,Zenpravox,CNS,2023-Q4,Anxiety,False,Serious,Physician,US,75+,1
DRG005,Zenpravox,CNS,2023-Q4,Dizziness,False,Moderate,Consumer,JP,65-74,1
DRG005,Zenpravox,CNS,2023-Q4,Nausea,False,Serious,Physician,US,45-64,1
DRG005,Zenpravox,CNS,2023-Q4,Dizziness,False,Critical,Consumer,DE,65-74,1
DRG005,Zenpravox,CNS,2023-Q4,Dizziness,False,Critical,Consumer,JP,75+,1
DRG005,Zenpravox,CNS,2023-Q4,Insomnia,False,Moderate,Other,FR,45-64,1
DRG005,Zenpravox,CNS,2023-Q4,Insomnia,False,Mild,Other,DE,18-44,1
DRG005,Zenpravox,CNS,2023-Q4,Somnolence,False,Critical,Other,US,65-74,1
DRG005,Zenpravox,CNS,2023-Q4,Tremor,False,Mild,Physician,FR,65-74,1
DRG005,Zenpravox,CNS,2023-Q4,Anxiety,False,Serious,Consumer,DE,45-64,1
DRG005,Zenpravox,CNS,2023-Q4,Nausea,False,Moderate,Consumer,US,75+,1
DRG005,Zenpravox,CNS,2024-Q1,Headache,False,Mild,Physician,US,45-64,4
DRG005,Zenpravox,CNS,2024-Q1,Nausea,False,Mild,Physician,US,45-64,4
DRG005,Zenpravox,CNS,2024-Q1,Insomnia,False,Moderate,Consumer,US,45-64,3
DRG005,Zenpravox,CNS,2024-Q1,Anxiety,False,Mild,Physician,US,65-74,3
DRG005,Zenpravox,CNS,2024-Q1,Insomnia,False,Mild,Consumer,US,45-64,3
DRG005,Zenpravox,CNS,2024-Q1,Anxiety,False,Critical,Physician,US,45-64,3
DRG005,Zenpravox,CNS,2024-Q1,Somnolence,False,Mild,Pharmacist,US,65-74,3
DRG005,Zenpravox,CNS,2024-Q1,Tremor,False,Mild,Consumer,US,45-64,3
DRG005,Zenpravox,CNS,2024-Q1,Somnolence,False,Mild,Consumer,US,45-64,2
DRG005,Zenpravox,CNS,2024-Q1,Headache,False,Mild,Consumer,FR,65-74,2
DRG005,Zenpravox,CNS,2024-Q1,Tremor,False,Mild,Physician,GB,18-44,2
DRG005,Zenpravox,CNS,2024-Q1,Headache,False,Mild,Physician,US,75+,2
DRG005,Zenpravox,CNS,2024-Q1,Insomnia,False,Moderate,Physician,US,65-74,2
DRG005,Zenpravox,CNS,2024-Q1,Tremor,False,Moderate,Physician,US,45-64,2
DRG005,Zenpravox,CNS,2024-Q1,Headache,False,Mild,Physician,JP,45-64,2
DRG005,Zenpravox,CNS,2024-Q1,Dizziness,False,Moderate,Physician,CA,65-74,2
DRG005,Zenpravox,CNS,2024-Q1,Anxiety,False,Moderate,Physician,US,18-44,2
DRG005,Zenpravox,CNS,2024-Q1,Anxiety,False,Moderate,Other,JP,65-74,2
DRG005,Zenpravox,CNS,2024-Q1,Somnolence,False,Mild,Pharmacist,GB,45-64,2
DRG005,Zenpravox,CNS,2024-Q1,Tremor,False,Mild,Physician,US,65-74,2
DRG005,Zenpravox,CNS,2024-Q1,Dizziness,False,Mild,Consumer,US,45-64,2
DRG005,Zenpravox,CNS,2024-Q1,Nausea,False,Moderate,Consumer,US,45-64,2
DRG005,Zenpravox,CNS,2024-Q1,Dizziness,False,Mild,Physician,US,65-74,2
DRG005,Zenpravox,CNS,2024-Q1,Tremor,False,Moderate,Consumer,US,65-74,2
DRG005,Zenpravox,CNS,2024-Q1,Somnolence,False,Serious,Physician,US,45-64,2
DRG005,Zenpravox,CNS,2024-Q1,Tremor,False,Moderate,Physician,US,65-74,2
DRG005,Zenpravox,CNS,2024-Q1,Headache,False,Serious,Consumer,US,45-64,2
DRG005,Zenpravox,CNS,2024-Q1,Insomnia,False,Mild,Physician,DE,45-64,2
DRG005,Zenpravox,CNS,2024-Q1,Anxiety,False,Mild,Consumer,US,45-64,2
DRG005,Zenpravox,CNS,2024-Q1,Anxiety,False,Critical,Pharmacist,US,45-64,2
DRG005,Zenpravox,CNS,2024-Q1,Headache,False,Moderate,Consumer,US,45-64,2
DRG005,Zenpravox,CNS,2024-Q1,Nausea,False,Mild,Consumer,US,45-64,2
DRG005,Zenpravox,CNS,2024-Q1,Nausea,False,Serious,Consumer,US,45-64,2
DRG005,Zenpravox,CNS,2024-Q1,Tremor,False,Mild,Consumer,US,65-74,2
DRG005,Zenpravox,CNS,2024-Q1,Somnolence,False,Moderate,Physician,CA,45-64,1
DRG005,Zenpravox,CNS,2024-Q1,Dizziness,False,Moderate,Physician,JP,65-74,1
DRG005,Zenpravox,CNS,2024-Q1,Dizziness,False,Mild,Physician,CA,65-74,1
DRG005,Zenpravox,CNS,2024-Q1,Dizziness,False,Critical,Physician,US,45-64,1
DRG005,Zenpravox,CNS,2024-Q1,Insomnia,False,Critical,Consumer,GB,45-64,1
DRG005,Zenpravox,CNS,2024-Q1,Nausea,False,Mild,Physician,GB,65-74,1
DRG005,Zenpravox,CNS,2024-Q1,Insomnia,False,Mild,Physician,US,65-74,1
DRG005,Zenpravox,CNS,2024-Q1,Anxiety,False,Critical,Consumer,CA,65-74,1
DRG005,Zenpravox,CNS,2024-Q1,Tremor,False,Critical,Other,CA,45-64,1
DRG005,Zenpravox,CNS,2024-Q1,Insomnia,False,Serious,Physician,CA,45-64,1
DRG005,Zenpravox,CNS,2024-Q1,Headache,False,Serious,Pharmacist,FR,75+,1
DRG005,Zenpravox,CNS,2024-Q1,Insomnia,False,Mild,Consumer,US,65-74,1
DRG005,Zenpravox,CNS,2024-Q1,Dizziness,False,Mild,Physician,GB,18-44,1
DRG005,Zenpravox,CNS,2024-Q1,Headache,False,Critical,Physician,JP,45-64,1
DRG005,Zenpravox,CNS,2024-Q1,Dizziness,False,Serious,Physician,JP,45-64,1
DRG005,Zenpravox,CNS,2024-Q1,Nausea,False,Mild,Physician,US,75+,1
DRG005,Zenpravox,CNS,2024-Q1,Tremor,False,Critical,Physician,CA,45-64,1
DRG005,Zenpravox,CNS,2024-Q1,Headache,False,Serious,Physician,FR,65-74,1
DRG005,Zenpravox,CNS,2024-Q1,Anxiety,False,Moderate,Consumer,US,45-64,1
DRG005,Zenpravox,CNS,2024-Q1,Anxiety,False,Mild,Consumer,CA,18-44,1
DRG005,Zenpravox,CNS,2024-Q1,Nausea,False,Moderate,Other,US,65-74,1
DRG005,Zenpravox,CNS,2024-Q1,Anxiety,False,Moderate,Physician,US,45-64,1
DRG005,Zenpravox,CNS,2024-Q1,Dizziness,False,Moderate,Other,GB,65-74,1
DRG005,Zenpravox,CNS,2024-Q1,Anxiety,False,Mild,Other,US,18-44,1
DRG005,Zenpravox,CNS,2024-Q1,Dizziness,False,Moderate,Physician,US,45-64,1
DRG005,Zenpravox,CNS,2024-Q1,Anxiety,False,Mild,Physician,FR,65-74,1
DRG005,Zenpravox,CNS,2024-Q1,Dizziness,False,Critical,Physician,US,18-44,1
DRG005,Zenpravox,CNS,2024-Q1,Headache,False,Moderate,Physician,FR,45-64,1
DRG005,Zenpravox,CNS,2024-Q1,Somnolence,False,Mild,Physician,US,18-44,1
DRG005,Zenpravox,CNS,2024-Q1,Headache,False,Mild,Consumer,GB,65-74,1
DRG005,Zenpravox,CNS,2024-Q1,Insomnia,False,Mild,Consumer,DE,45-64,1
DRG005,Zenpravox,CNS,2024-Q1,Headache,False,Moderate,Consumer,FR,45-64,1
DRG005,Zenpravox,CNS,2024-Q1,Tremor,False,Serious,Consumer,JP,18-44,1
DRG005,Zenpravox,CNS,2024-Q1,Anxiety,False,Moderate,Other,US,75+,1
DRG005,Zenpravox,CNS,2024-Q1,Headache,False,Serious,Pharmacist,FR,45-64,1
DRG005,Zenpravox,CNS,2024-Q1,Headache,False,Moderate,Consumer,DE,65-74,1
DRG005,Zenpravox,CNS,2024-Q1,Somnolence,False,Moderate,Other,US,65-74,1
DRG005,Zenpravox,CNS,2024-Q1,Anxiety,False,Mild,Other,FR,75+,1
DRG005,Zenpravox,CNS,2024-Q1,Somnolence,False,Mild,Physician,US,65-74,1
DRG005,Zenpravox,CNS,2024-Q1,Dizziness,False,Mild,Consumer,GB,45-64,1
DRG005,Zenpravox,CNS,2024-Q1,Nausea,False,Mild,Pharmacist,FR,45-64,1
DRG005,Zenpravox,CNS,2024-Q1,Headache,False,Critical,Pharmacist,JP,65-74,1
DRG005,Zenpravox,CNS,2024-Q1,Nausea,False,Moderate,Consumer,US,18-44,1
DRG005,Zenpravox,CNS,2024-Q1,Anxiety,False,Mild,Consumer,DE,65-74,1
DRG005,Zenpravox,CNS,2024-Q1,Tremor,False,Moderate,Pharmacist,GB,75+,1
DRG005,Zenpravox,CNS,2024-Q1,Somnolence,False,Moderate,Physician,GB,65-74,1
DRG005,Zenpravox,CNS,2024-Q1,Tremor,False,Moderate,Pharmacist,FR,75+,1
DRG005,Zenpravox,CNS,2024-Q1,Tremor,False,Mild,Consumer,JP,45-64,1
DRG005,Zenpravox,CNS,2024-Q1,Dizziness,False,Moderate,Pharmacist,US,75+,1
DRG005,Zenpravox,CNS,2024-Q1,Dizziness,False,Mild,Consumer,US,18-44,1
DRG005,Zenpravox,CNS,2024-Q1,Anxiety,False,Mild,Other,DE,45-64,1
DRG005,Zenpravox,CNS,2024-Q1,Insomnia,False,Serious,Other,DE,65-74,1
DRG005,Zenpravox,CNS,2024-Q1,Anxiety,False,Serious,Physician,CA,75+,1
DRG005,Zenpravox,CNS,2024-Q1,Insomnia,False,Mild,Physician,FR,75+,1
DRG005,Zenpravox,CNS,2024-Q1,Nausea,False,Serious,Pharmacist,US,65-74,1
DRG005,Zenpravox,CNS,2024-Q1,Insomnia,False,Mild,Physician,US,18-44,1
DRG005,Zenpravox,CNS,2024-Q1,Tremor,False,Mild,Pharmacist,US,65-74,1
DRG005,Zenpravox,CNS,2024-Q1,Headache,False,Serious,Physician,GB,75+,1
DRG005,Zenpravox,CNS,2024-Q1,Insomnia,False,Moderate,Consumer,US,65-74,1
DRG005,Zenpravox,CNS,2024-Q1,Nausea,False,Mild,Pharmacist,US,45-64,1
DRG005,Zenpravox,CNS,2024-Q1,Dizziness,False,Mild,Physician,US,45-64,1
DRG005,Zenpravox,CNS,2024-Q1,Dizziness,False,Serious,Pharmacist,US,45-64,1
DRG005,Zenpravox,CNS,2024-Q1,Headache,False,Critical,Pharmacist,US,65-74,1
DRG005,Zenpravox,CNS,2024-Q1,Dizziness,False,Mild,Physician,US,18-44,1
DRG005,Zenpravox,CNS,2024-Q1,Tremor,False,Mild,Other,US,45-64,1
DRG005,Zenpravox,CNS,2024-Q1,Headache,False,Mild,Consumer,US,18-44,1
DRG005,Zenpravox,CNS,2024-Q1,Anxiety,False,Serious,Physician,US,65-74,1
DRG005,Zenpravox,CNS,2024-Q1,Headache,False,Serious,Other,US,75+,1
DRG005,Zenpravox,CNS,2024-Q1,Headache,False,Critical,Physician,US,45-64,1
DRG005,Zenpravox,CNS,2024-Q1,Dizziness,False,Moderate,Pharmacist,JP,45-64,1
DRG005,Zenpravox,CNS,2024-Q1,Nausea,False,Moderate,Consumer,FR,45-64,1
DRG005,Zenpravox,CNS,2024-Q1,Insomnia,False,Critical,Consumer,US,18-44,1
DRG005,Zenpravox,CNS,2024-Q1,Anxiety,False,Mild,Other,JP,18-44,1
DRG005,Zenpravox,CNS,2024-Q1,Anxiety,False,Serious,Consumer,JP,45-64,1
DRG005,Zenpravox,CNS,2024-Q1,Dizziness,False,Serious,Pharmacist,CA,45-64,1
DRG005,Zenpravox,CNS,2024-Q1,Insomnia,False,Moderate,Physician,JP,45-64,1
DRG005,Zenpravox,CNS,2024-Q1,Nausea,False,Serious,Consumer,US,18-44,1
DRG005,Zenpravox,CNS,2024-Q1,Tremor,False,Moderate,Pharmacist,US,18-44,1
DRG005,Zenpravox,CNS,2024-Q1,Dizziness,False,Moderate,Pharmacist,GB,75+,1
DRG005,Zenpravox,CNS,2024-Q1,Insomnia,False,Mild,Other,US,65-74,1
DRG005,Zenpravox,CNS,2024-Q1,Dizziness,False,Serious,Physician,CA,45-64,1
DRG005,Zenpravox,CNS,2024-Q1,Anxiety,False,Critical,Pharmacist,CA,18-44,1
DRG005,Zenpravox,CNS,2024-Q1,Dizziness,False,Mild,Consumer,CA,65-74,1
DRG005,Zenpravox,CNS,2024-Q1,Nausea,False,Moderate,Other,DE,45-64,1
DRG005,Zenpravox,CNS,2024-Q1,Somnolence,False,Serious,Other,JP,45-64,1
DRG005,Zenpravox,CNS,2024-Q1,Headache,False,Mild,Consumer,US,45-64,1
DRG005,Zenpravox,CNS,2024-Q1,Dizziness,False,Mild,Pharmacist,US,65-74,1
DRG005,Zenpravox,CNS,2024-Q1,Headache,False,Mild,Other,DE,65-74,1
DRG005,Zenpravox,CNS,2024-Q1,Nausea,False,Moderate,Other,DE,65-74,1
DRG005,Zenpravox,CNS,2024-Q1,Insomnia,False,Moderate,Physician,DE,45-64,1
DRG005,Zenpravox,CNS,2024-Q1,Anxiety,False,Mild,Physician,US,18-44,1
DRG005,Zenpravox,CNS,2024-Q1,Tremor,False,Mild,Other,CA,45-64,1
DRG005,Zenpravox,CNS,2024-Q1,Headache,False,Mild,Consumer,CA,18-44,1
DRG005,Zenpravox,CNS,2024-Q1,Anxiety,False,Critical,Other,CA,18-44,1
DRG005,Zenpravox,CNS,2024-Q1,Insomnia,False,Critical,Other,US,65-74,1
DRG005,Zenpravox,CNS,2024-Q1,Nausea,False,Serious,Consumer,GB,18-44,1
DRG005,Zenpravox,CNS,2024-Q1,Somnolence,False,Moderate,Physician,US,45-64,1
DRG005,Zenpravox,CNS,2024-Q1,Dizziness,False,Moderate,Pharmacist,US,65-74,1
DRG005,Zenpravox,CNS,2024-Q1,Dizziness,False,Critical,Other,FR,45-64,1
DRG005,Zenpravox,CNS,2024-Q1,Anxiety,False,Mild,Physician,JP,45-64,1
DRG005,Zenpravox,CNS,2024-Q1,Tremor,False,Mild,Consumer,GB,65-74,1
DRG005,Zenpravox,CNS,2024-Q1,Anxiety,False,Critical,Consumer,US,75+,1
DRG005,Zenpravox,CNS,2024-Q1,Nausea,False,Moderate,Pharmacist,CA,18-44,1
DRG005,Zenpravox,CNS,2024-Q1,Insomnia,False,Mild,Other,US,45-64,1
DRG005,Zenpravox,CNS,2024-Q1,Headache,False,Serious,Pharmacist,JP,75+,1
DRG005,Zenpravox,CNS,2024-Q1,Insomnia,False,Critical,Physician,FR,45-64,1
DRG005,Zenpravox,CNS,2024-Q1,Nausea,False,Mild,Consumer,GB,75+,1
DRG005,Zenpravox,CNS,2024-Q1,Nausea,False,Serious,Physician,US,18-44,1
DRG005,Zenpravox,CNS,2024-Q1,Nausea,False,Moderate,Physician,US,18-44,1
DRG005,Zenpravox,CNS,2024-Q1,Nausea,False,Moderate,Physician,CA,75+,1
DRG005,Zenpravox,CNS,2024-Q1,Headache,False,Mild,Other,US,65-74,1
DRG005,Zenpravox,CNS,2024-Q1,Dizziness,False,Critical,Consumer,US,18-44,1
DRG005,Zenpravox,CNS,2024-Q1,Insomnia,False,Mild,Physician,GB,65-74,1
DRG005,Zenpravox,CNS,2024-Q1,Tremor,False,Critical,Physician,DE,65-74,1
DRG005,Zenpravox,CNS,2024-Q1,Somnolence,False,Critical,Other,US,45-64,1
DRG005,Zenpravox,CNS,2024-Q1,Nausea,False,Mild,Consumer,JP,45-64,1
DRG005,Zenpravox,CNS,2024-Q1,Tremor,False,Serious,Other,US,45-64,1
DRG005,Zenpravox,CNS,2024-Q1,Insomnia,False,Critical,Physician,US,45-64,1
DRG005,Zenpravox,CNS,2024-Q1,Insomnia,False,Mild,Physician,GB,18-44,1
DRG005,Zenpravox,CNS,2024-Q1,Nausea,False,Serious,Consumer,DE,65-74,1
DRG005,Zenpravox,CNS,2024-Q1,Insomnia,False,Critical,Consumer,US,45-64,1
DRG005,Zenpravox,CNS,2024-Q1,Somnolence,False,Moderate,Physician,US,18-44,1
DRG005,Zenpravox,CNS,2024-Q1,Dizziness,False,Serious,Pharmacist,JP,45-64,1
DRG005,Zenpravox,CNS,2024-Q1,Somnolence,False,Mild,Physician,DE,18-44,1
DRG005,Zenpravox,CNS,2024-Q1,Anxiety,False,Critical,Physician,GB,75+,1
DRG005,Zenpravox,CNS,2024-Q1,Insomnia,False,Moderate,Pharmacist,DE,18-44,1
DRG005,Zenpravox,CNS,2024-Q1,Insomnia,False,Serious,Other,US,45-64,1
DRG005,Zenpravox,CNS,2024-Q1,Tremor,False,Mild,Pharmacist,CA,45-64,1
DRG005,Zenpravox,CNS,2024-Q1,Nausea,False,Serious,Physician,US,45-64,1
DRG005,Zenpravox,CNS,2024-Q1,Dizziness,False,Mild,Physician,DE,65-74,1
DRG005,Zenpravox,CNS,2024-Q1,Somnolence,False,Moderate,Other,US,45-64,1
DRG005,Zenpravox,CNS,2024-Q1,Dizziness,False,Critical,Consumer,DE,45-64,1
DRG005,Zenpravox,CNS,2024-Q1,Headache,False,Critical,Consumer,DE,45-64,1
DRG005,Zenpravox,CNS,2024-Q1,Anxiety,False,Critical,Consumer,US,45-64,1
DRG005,Zenpravox,CNS,2024-Q1,Dizziness,False,Mild,Other,CA,65-74,1
DRG005,Zenpravox,CNS,2024-Q1,Dizziness,False,Mild,Other,US,65-74,1
DRG005,Zenpravox,CNS,2024-Q1,Somnolence,False,Mild,Consumer,JP,75+,1
DRG005,Zenpravox,CNS,2024-Q1,Insomnia,False,Moderate,Other,DE,18-44,1
DRG005,Zenpravox,CNS,2024-Q1,Headache,False,Mild,Consumer,US,75+,1
DRG005,Zenpravox,CNS,2024-Q1,Anxiety,False,Moderate,Pharmacist,US,75+,1
DRG005,Zenpravox,CNS,2024-Q1,Headache,False,Mild,Pharmacist,CA,75+,1
DRG005,Zenpravox,CNS,2024-Q1,Nausea,False,Serious,Physician,FR,45-64,1
DRG005,Zenpravox,CNS,2024-Q1,Nausea,False,Mild,Pharmacist,US,18-44,1
DRG005,Zenpravox,CNS,2024-Q1,Tremor,False,Moderate,Physician,FR,75+,1
DRG005,Zenpravox,CNS,2024-Q1,Anxiety,False,Moderate,Physician,CA,65-74,1
DRG005,Zenpravox,CNS,2024-Q1,Insomnia,False,Serious,Physician,GB,18-44,1
DRG005,Zenpravox,CNS,2024-Q1,Nausea,False,Moderate,Physician,JP,65-74,1
DRG005,Zenpravox,CNS,2024-Q1,Insomnia,False,Serious,Pharmacist,CA,45-64,1
DRG005,Zenpravox,CNS,2024-Q1,Tremor,False,Moderate,Physician,GB,75+,1
DRG005,Zenpravox,CNS,2024-Q1,Headache,False,Critical,Consumer,JP,45-64,1
DRG005,Zenpravox,CNS,2024-Q1,Tremor,False,Mild,Physician,CA,45-64,1
DRG005,Zenpravox,CNS,2024-Q1,Tremor,False,Mild,Pharmacist,DE,45-64,1
DRG005,Zenpravox,CNS,2024-Q1,Nausea,False,Mild,Pharmacist,GB,45-64,1
DRG005,Zenpravox,CNS,2024-Q1,Nausea,False,Serious,Physician,CA,45-64,1
DRG005,Zenpravox,CNS,2024-Q1,Anxiety,False,Mild,Physician,CA,75+,1
DRG005,Zenpravox,CNS,2024-Q1,Anxiety,False,Mild,Pharmacist,US,45-64,1
DRG005,Zenpravox,CNS,2024-Q1,Nausea,False,Mild,Pharmacist,DE,45-64,1
DRG005,Zenpravox,CNS,2024-Q1,Anxiety,False,Moderate,Consumer,US,75+,1
DRG005,Zenpravox,CNS,2024-Q1,Insomnia,False,Serious,Physician,US,75+,1
DRG005,Zenpravox,CNS,2024-Q1,Anxiety,False,Moderate,Physician,JP,45-64,1
DRG005,Zenpravox,CNS,2024-Q1,Anxiety,False,Mild,Physician,FR,45-64,1
DRG006,Celvaxin,Cardiology,2023-Q2,Hyperkalaemia,True,Mild,Physician,US,75+,2
DRG006,Celvaxin,Cardiology,2023-Q2,Fatigue,False,Critical,Physician,US,65-74,2
DRG006,Celvaxin,Cardiology,2023-Q2,Hypotension,False,Critical,Physician,US,45-64,2
DRG006,Celvaxin,Cardiology,2023-Q2,Dyspnea,False,Critical,Physician,US,45-64,2
DRG006,Celvaxin,Cardiology,2023-Q2,Angioedema,True,Serious,Physician,US,65-74,2
DRG006,Celvaxin,Cardiology,2023-Q2,Hypotension,False,Critical,Pharmacist,US,18-44,1
DRG006,Celvaxin,Cardiology,2023-Q2,Palpitations,False,Serious,Physician,CA,45-64,1
DRG006,Celvaxin,Cardiology,2023-Q2,Oedema,False,Serious,Physician,US,18-44,1
DRG006,Celvaxin,Cardiology,2023-Q2,Hyperkalaemia,True,Moderate,Pharmacist,FR,45-64,1
DRG006,Celvaxin,Cardiology,2023-Q2,Renal impairment,True,Serious,Other,JP,18-44,1
DRG006,Celvaxin,Cardiology,2023-Q2,Hyperkalaemia,True,Critical,Physician,US,18-44,1
DRG006,Celvaxin,Cardiology,2023-Q2,Angioedema,True,Serious,Physician,FR,18-44,1
DRG006,Celvaxin,Cardiology,2023-Q2,Oedema,False,Mild,Pharmacist,US,45-64,1
DRG006,Celvaxin,Cardiology,2023-Q2,Hypotension,False,Serious,Physician,JP,45-64,1
DRG006,Celvaxin,Cardiology,2023-Q2,Fatigue,False,Serious,Pharmacist,US,65-74,1
DRG006,Celvaxin,Cardiology,2023-Q2,Palpitations,False,Mild,Pharmacist,US,45-64,1
DRG006,Celvaxin,Cardiology,2023-Q2,Dyspnea,False,Critical,Physician,GB,75+,1
DRG006,Celvaxin,Cardiology,2023-Q2,Hyperkalaemia,True,Moderate,Consumer,US,45-64,1
DRG006,Celvaxin,Cardiology,2023-Q2,Hypotension,False,Serious,Physician,US,45-64,1
DRG006,Celvaxin,Cardiology,2023-Q2,Renal impairment,True,Mild,Other,CA,65-74,1
DRG006,Celvaxin,Cardiology,2023-Q2,Renal impairment,True,Moderate,Physician,CA,75+,1
DRG006,Celvaxin,Cardiology,2023-Q2,Angioedema,True,Moderate,Other,GB,45-64,1
DRG006,Celvaxin,Cardiology,2023-Q2,Palpitations,False,Critical,Physician,FR,65-74,1
DRG006,Celvaxin,Cardiology,2023-Q2,Hypotension,False,Moderate,Other,CA,18-44,1
DRG006,Celvaxin,Cardiology,2023-Q2,Fatigue,False,Moderate,Physician,JP,45-64,1
DRG006,Celvaxin,Cardiology,2023-Q2,Fatigue,False,Mild,Physician,JP,45-64,1
DRG006,Celvaxin,Cardiology,2023-Q2,Angioedema,True,Mild,Physician,JP,45-64,1
DRG006,Celvaxin,Cardiology,2023-Q2,Fatigue,False,Moderate,Physician,US,45-64,1
DRG006,Celvaxin,Cardiology,2023-Q2,Renal impairment,True,Serious,Physician,JP,75+,1
DRG006,Celvaxin,Cardiology,2023-Q2,Oedema,False,Serious,Physician,US,45-64,1
DRG006,Celvaxin,Cardiology,2023-Q2,Renal impairment,True,Serious,Physician,GB,65-74,1
DRG006,Celvaxin,Cardiology,2023-Q2,Dizziness,False,Mild,Consumer,US,18-44,1
DRG006,Celvaxin,Cardiology,2023-Q2,Hyperkalaemia,True,Critical,Consumer,US,75+,1
DRG006,Celvaxin,Cardiology,2023-Q2,Oedema,False,Critical,Pharmacist,US,45-64,1
DRG006,Celvaxin,Cardiology,2023-Q2,Dizziness,False,Moderate,Consumer,CA,45-64,1
DRG006,Celvaxin,Cardiology,2023-Q2,Hypotension,False,Moderate,Physician,CA,65-74,1
DRG006,Celvaxin,Cardiology,2023-Q2,Hyperkalaemia,True,Moderate,Consumer,US,65-74,1
DRG006,Celvaxin,Cardiology,2023-Q2,Dyspnea,False,Moderate,Physician,US,45-64,1
DRG006,Celvaxin,Cardiology,2023-Q2,Angioedema,True,Serious,Physician,US,18-44,1
DRG006,Celvaxin,Cardiology,2023-Q2,Fatigue,False,Critical,Pharmacist,CA,45-64,1
DRG006,Celvaxin,Cardiology,2023-Q2,Oedema,False,Serious,Pharmacist,FR,65-74,1
DRG006,Celvaxin,Cardiology,2023-Q2,Renal impairment,True,Mild,Consumer,DE,65-74,1
DRG006,Celvaxin,Cardiology,2023-Q2,Hypotension,False,Critical,Pharmacist,FR,75+,1
DRG006,Celvaxin,Cardiology,2023-Q2,Dizziness,False,Serious,Consumer,US,65-74,1
DRG006,Celvaxin,Cardiology,2023-Q2,Hypotension,False,Serious,Consumer,JP,65-74,1
DRG006,Celvaxin,Cardiology,2023-Q2,Hyperkalaemia,True,Critical,Physician,GB,45-64,1
DRG006,Celvaxin,Cardiology,2023-Q2,Fatigue,False,Moderate,Consumer,DE,45-64,1
DRG006,Celvaxin,Cardiology,2023-Q2,Angioedema,True,Critical,Pharmacist,US,65-74,1
DRG006,Celvaxin,Cardiology,2023-Q2,Hyperkalaemia,True,Mild,Consumer,DE,75+,1
DRG006,Celvaxin,Cardiology,2023-Q2,Dyspnea,False,Serious,Physician,CA,65-74,1
DRG006,Celvaxin,Cardiology,2023-Q2,Fatigue,False,Mild,Pharmacist,GB,45-64,1
DRG006,Celvaxin,Cardiology,2023-Q2,Oedema,False,Mild,Pharmacist,CA,45-64,1
DRG006,Celvaxin,Cardiology,2023-Q2,Angioedema,True,Mild,Physician,DE,45-64,1
DRG006,Celvaxin,Cardiology,2023-Q2,Dyspnea,False,Mild,Consumer,US,65-74,1
DRG006,Celvaxin,Cardiology,2023-Q2,Dizziness,False,Critical,Pharmacist,US,45-64,1
DRG006,Celvaxin,Cardiology,2023-Q2,Fatigue,False,Mild,Pharmacist,JP,65-74,1
DRG006,Celvaxin,Cardiology,2023-Q2,Bradycardia,False,Mild,Pharmacist,US,45-64,1
DRG006,Celvaxin,Cardiology,2023-Q2,Palpitations,False,Mild,Consumer,JP,75+,1
DRG006,Celvaxin,Cardiology,2023-Q2,Fatigue,False,Serious,Other,FR,45-64,1
DRG006,Celvaxin,Cardiology,2023-Q2,Dyspnea,False,Mild,Physician,US,65-74,1
DRG006,Celvaxin,Cardiology,2023-Q2,Palpitations,False,Serious,Consumer,FR,45-64,1
DRG006,Celvaxin,Cardiology,2023-Q2,Angioedema,True,Serious,Consumer,JP,45-64,1
DRG006,Celvaxin,Cardiology,2023-Q2,Palpitations,False,Critical,Consumer,US,18-44,1
DRG006,Celvaxin,Cardiology,2023-Q2,Bradycardia,False,Moderate,Physician,CA,45-64,1
DRG006,Celvaxin,Cardiology,2023-Q2,Renal impairment,True,Critical,Consumer,US,18-44,1
DRG006,Celvaxin,Cardiology,2023-Q2,Dyspnea,False,Serious,Physician,DE,65-74,1
DRG006,Celvaxin,Cardiology,2023-Q2,Palpitations,False,Moderate,Other,US,65-74,1
DRG006,Celvaxin,Cardiology,2023-Q2,Bradycardia,False,Serious,Physician,CA,75+,1
DRG006,Celvaxin,Cardiology,2023-Q2,Hyperkalaemia,True,Serious,Physician,US,65-74,1
DRG006,Celvaxin,Cardiology,2023-Q2,Dyspnea,False,Critical,Pharmacist,US,65-74,1
DRG006,Celvaxin,Cardiology,2023-Q2,Hypotension,False,Critical,Consumer,GB,45-64,1
DRG006,Celvaxin,Cardiology,2023-Q2,Hyperkalaemia,True,Serious,Consumer,US,18-44,1
DRG006,Celvaxin,Cardiology,2023-Q2,Fatigue,False,Serious,Physician,JP,45-64,1
DRG006,Celvaxin,Cardiology,2023-Q2,Hypotension,False,Critical,Physician,US,65-74,1
DRG006,Celvaxin,Cardiology,2023-Q2,Hypotension,False,Moderate,Pharmacist,CA,18-44,1
DRG006,Celvaxin,Cardiology,2023-Q2,Renal impairment,True,Moderate,Physician,US,65-74,1
DRG006,Celvaxin,Cardiology,2023-Q2,Bradycardia,False,Moderate,Physician,US,65-74,1
DRG006,Celvaxin,Cardiology,2023-Q2,Renal impairment,True,Mild,Consumer,US,75+,1
DRG006,Celvaxin,Cardiology,2023-Q2,Hyperkalaemia,True,Mild,Consumer,US,75+,1
DRG006,Celvaxin,Cardiology,2023-Q2,Hypotension,False,Serious,Consumer,US,65-74,1
DRG006,Celvaxin,Cardiology,2023-Q2,Oedema,False,Moderate,Consumer,US,65-74,1
DRG006,Celvaxin,Cardiology,2023-Q2,Fatigue,False,Moderate,Pharmacist,US,18-44,1
DRG006,Celvaxin,Cardiology,2023-Q2,Oedema,False,Serious,Other,DE,18-44,1
DRG006,Celvaxin,Cardiology,2023-Q2,Palpitations,False,Serious,Other,FR,45-64,1
DRG006,Celvaxin,Cardiology,2023-Q2,Oedema,False,Moderate,Consumer,US,75+,1
DRG006,Celvaxin,Cardiology,2023-Q2,Angioedema,True,Critical,Physician,FR,45-64,1
DRG006,Celvaxin,Cardiology,2023-Q2,Oedema,False,Moderate,Physician,GB,65-74,1
DRG006,Celvaxin,Cardiology,2023-Q2,Hyperkalaemia,True,Serious,Physician,US,45-64,1
DRG006,Celvaxin,Cardiology,2023-Q2,Fatigue,False,Mild,Consumer,CA,45-64,1
DRG006,Celvaxin,Cardiology,2023-Q2,Bradycardia,False,Mild,Pharmacist,US,18-44,1
DRG006,Celvaxin,Cardiology,2023-Q2,Renal impairment,True,Critical,Pharmacist,US,45-64,1
DRG006,Celvaxin,Cardiology,2023-Q2,Hyperkalaemia,True,Serious,Pharmacist,US,65-74,1
DRG006,Celvaxin,Cardiology,2023-Q2,Renal impairment,True,Mild,Physician,GB,45-64,1
DRG006,Celvaxin,Cardiology,2023-Q2,Bradycardia,False,Mild,Consumer,US,45-64,1
DRG006,Celvaxin,Cardiology,2023-Q2,Angioedema,True,Moderate,Pharmacist,CA,65-74,1
DRG006,Celvaxin,Cardiology,2023-Q2,Bradycardia,False,Moderate,Consumer,DE,45-64,1
DRG006,Celvaxin,Cardiology,2023-Q2,Renal impairment,True,Mild,Consumer,CA,75+,1
DRG006,Celvaxin,Cardiology,2023-Q2,Dyspnea,False,Moderate,Physician,US,18-44,1
DRG006,Celvaxin,Cardiology,2023-Q2,Bradycardia,False,Critical,Pharmacist,GB,18-44,1
DRG006,Celvaxin,Cardiology,2023-Q2,Palpitations,False,Moderate,Physician,US,65-74,1
DRG006,Celvaxin,Cardiology,2023-Q2,Oedema,False,Critical,Pharmacist,US,65-74,1
DRG006,Celvaxin,Cardiology,2023-Q2,Dizziness,False,Moderate,Consumer,US,65-74,1
DRG006,Celvaxin,Cardiology,2023-Q2,Fatigue,False,Critical,Physician,US,75+,1
DRG006,Celvaxin,Cardiology,2023-Q2,Dyspnea,False,Mild,Physician,DE,45-64,1
DRG006,Celvaxin,Cardiology,2023-Q2,Dizziness,False,Mild,Pharmacist,CA,45-64,1
DRG006,Celvaxin,Cardiology,2023-Q2,Oedema,False,Moderate,Consumer,US,18-44,1
DRG006,Celvaxin,Cardiology,2023-Q2,Dizziness,False,Moderate,Consumer,US,75+,1
DRG006,Celvaxin,Cardiology,2023-Q2,Renal impairment,True,Moderate,Pharmacist,US,65-74,1
DRG006,Celvaxin,Cardiology,2023-Q2,Bradycardia,False,Moderate,Pharmacist,US,65-74,1
DRG006,Celvaxin,Cardiology,2023-Q2,Hyperkalaemia,True,Mild,Consumer,JP,65-74,1
DRG006,Celvaxin,Cardiology,2023-Q2,Renal impairment,True,Serious,Other,US,45-64,1
DRG006,Celvaxin,Cardiology,2023-Q2,Dizziness,False,Mild,Physician,US,65-74,1
DRG006,Celvaxin,Cardiology,2023-Q2,Dizziness,False,Critical,Consumer,US,45-64,1
DRG006,Celvaxin,Cardiology,2023-Q2,Renal impairment,True,Moderate,Pharmacist,FR,18-44,1
DRG006,Celvaxin,Cardiology,2023-Q2,Bradycardia,False,Critical,Consumer,CA,65-74,1
DRG006,Celvaxin,Cardiology,2023-Q2,Fatigue,False,Mild,Other,JP,18-44,1
DRG006,Celvaxin,Cardiology,2023-Q2,Hyperkalaemia,True,Serious,Consumer,JP,45-64,1
DRG006,Celvaxin,Cardiology,2023-Q2,Renal impairment,True,Critical,Physician,US,65-74,1
DRG006,Celvaxin,Cardiology,2023-Q2,Hyperkalaemia,True,Moderate,Consumer,GB,18-44,1
DRG006,Celvaxin,Cardiology,2023-Q2,Oedema,False,Moderate,Physician,US,18-44,1
DRG006,Celvaxin,Cardiology,2023-Q2,Dizziness,False,Mild,Physician,JP,65-74,1
DRG006,Celvaxin,Cardiology,2023-Q2,Hypotension,False,Moderate,Consumer,US,45-64,1
DRG006,Celvaxin,Cardiology,2023-Q3,Oedema,False,Mild,Physician,US,65-74,3
DRG006,Celvaxin,Cardiology,2023-Q3,Angioedema,True,Mild,Physician,US,18-44,2
DRG006,Celvaxin,Cardiology,2023-Q3,Palpitations,False,Mild,Physician,US,65-74,2
DRG006,Celvaxin,Cardiology,2023-Q3,Angioedema,True,Critical,Consumer,US,45-64,2
DRG006,Celvaxin,Cardiology,2023-Q3,Palpitations,False,Critical,Physician,US,65-74,2
DRG006,Celvaxin,Cardiology,2023-Q3,Bradycardia,False,Moderate,Consumer,US,45-64,2
DRG006,Celvaxin,Cardiology,2023-Q3,Palpitations,False,Serious,Consumer,US,65-74,2
DRG006,Celvaxin,Cardiology,2023-Q3,Dizziness,False,Critical,Pharmacist,CA,18-44,2
DRG006,Celvaxin,Cardiology,2023-Q3,Hyperkalaemia,True,Critical,Physician,US,45-64,2
DRG006,Celvaxin,Cardiology,2023-Q3,Dizziness,False,Critical,Physician,US,45-64,2
DRG006,Celvaxin,Cardiology,2023-Q3,Dyspnea,False,Mild,Physician,DE,18-44,1
DRG006,Celvaxin,Cardiology,2023-Q3,Angioedema,True,Mild,Pharmacist,JP,45-64,1
DRG006,Celvaxin,Cardiology,2023-Q3,Dyspnea,False,Serious,Other,DE,65-74,1
DRG006,Celvaxin,Cardiology,2023-Q3,Renal impairment,True,Mild,Physician,JP,45-64,1
DRG006,Celvaxin,Cardiology,2023-Q3,Palpitations,False,Mild,Physician,US,45-64,1
DRG006,Celvaxin,Cardiology,2023-Q3,Angioedema,True,Serious,Other,US,18-44,1
DRG006,Celvaxin,Cardiology,2023-Q3,Angioedema,True,Moderate,Other,US,75+,1
DRG006,Celvaxin,Cardiology,2023-Q3,Angioedema,True,Mild,Physician,US,65-74,1
DRG006,Celvaxin,Cardiology,2023-Q3,Hypotension,False,Critical,Physician,CA,18-44,1
DRG006,Celvaxin,Cardiology,2023-Q3,Palpitations,False,Serious,Consumer,FR,75+,1
DRG006,Celvaxin,Cardiology,2023-Q3,Renal impairment,True,Moderate,Other,US,75+,1
DRG006,Celvaxin,Cardiology,2023-Q3,Bradycardia,False,Mild,Physician,US,65-74,1
DRG006,Celvaxin,Cardiology,2023-Q3,Fatigue,False,Serious,Consumer,DE,65-74,1
DRG006,Celvaxin,Cardiology,2023-Q3,Hypotension,False,Mild,Consumer,US,18-44,1
DRG006,Celvaxin,Cardiology,2023-Q3,Angioedema,True,Critical,Physician,DE,45-64,1
DRG006,Celvaxin,Cardiology,2023-Q3,Hyperkalaemia,True,Critical,Physician,JP,45-64,1
DRG006,Celvaxin,Cardiology,2023-Q3,Dyspnea,False,Mild,Consumer,US,45-64,1
DRG006,Celvaxin,Cardiology,2023-Q3,Oedema,False,Moderate,Other,CA,18-44,1
DRG006,Celvaxin,Cardiology,2023-Q3,Renal impairment,True,Mild,Other,US,18-44,1
DRG006,Celvaxin,Cardiology,2023-Q3,Palpitations,False,Critical,Consumer,CA,18-44,1
DRG006,Celvaxin,Cardiology,2023-Q3,Angioedema,True,Critical,Other,US,75+,1
DRG006,Celvaxin,Cardiology,2023-Q3,Dyspnea,False,Serious,Physician,US,45-64,1
DRG006,Celvaxin,Cardiology,2023-Q3,Renal impairment,True,Critical,Other,CA,75+,1
DRG006,Celvaxin,Cardiology,2023-Q3,Fatigue,False,Critical,Physician,US,75+,1
DRG006,Celvaxin,Cardiology,2023-Q3,Hypotension,False,Critical,Physician,FR,65-74,1
DRG006,Celvaxin,Cardiology,2023-Q3,Renal impairment,True,Critical,Physician,US,45-64,1
DRG006,Celvaxin,Cardiology,2023-Q3,Hyperkalaemia,True,Critical,Physician,GB,45-64,1
DRG006,Celvaxin,Cardiology,2023-Q3,Bradycardia,False,Moderate,Other,GB,75+,1
DRG006,Celvaxin,Cardiology,2023-Q3,Hyperkalaemia,True,Moderate,Physician,US,18-44,1
DRG006,Celvaxin,Cardiology,2023-Q3,Palpitations,False,Moderate,Consumer,GB,75+,1
DRG006,Celvaxin,Cardiology,2023-Q3,Dyspnea,False,Serious,Consumer,US,65-74,1
DRG006,Celvaxin,Cardiology,2023-Q3,Palpitations,False,Serious,Physician,US,45-64,1
DRG006,Celvaxin,Cardiology,2023-Q3,Hyperkalaemia,True,Serious,Physician,US,18-44,1
DRG006,Celvaxin,Cardiology,2023-Q3,Oedema,False,Serious,Consumer,US,45-64,1
DRG006,Celvaxin,Cardiology,2023-Q3,Hyperkalaemia,True,Mild,Physician,US,75+,1
DRG006,Celvaxin,Cardiology,2023-Q3,Dyspnea,False,Mild,Other,US,45-64,1
DRG006,Celvaxin,Cardiology,2023-Q3,Palpitations,False,Serious,Physician,GB,65-74,1
DRG006,Celvaxin,Cardiology,2023-Q3,Angioedema,True,Moderate,Physician,US,75+,1
DRG006,Celvaxin,Cardiology,2023-Q3,Oedema,False,Mild,Physician,CA,18-44,1
DRG006,Celvaxin,Cardiology,2023-Q3,Oedema,False,Mild,Pharmacist,CA,75+,1
DRG006,Celvaxin,Cardiology,2023-Q3,Bradycardia,False,Moderate,Consumer,US,18-44,1
DRG006,Celvaxin,Cardiology,2023-Q3,Palpitations,False,Moderate,Pharmacist,FR,45-64,1
DRG006,Celvaxin,Cardiology,2023-Q3,Hyperkalaemia,True,Moderate,Pharmacist,US,45-64,1
DRG006,Celvaxin,Cardiology,2023-Q3,Hypotension,False,Mild,Other,US,75+,1
DRG006,Celvaxin,Cardiology,2023-Q3,Oedema,False,Moderate,Other,GB,45-64,1
DRG006,Celvaxin,Cardiology,2023-Q3,Dizziness,False,Mild,Physician,US,65-74,1
DRG006,Celvaxin,Cardiology,2023-Q3,Dyspnea,False,Critical,Consumer,DE,65-74,1
DRG006,Celvaxin,Cardiology,2023-Q3,Bradycardia,False,Critical,Pharmacist,GB,65-74,1
DRG006,Celvaxin,Cardiology,2023-Q3,Dyspnea,False,Critical,Physician,JP,65-74,1
DRG006,Celvaxin,Cardiology,2023-Q3,Dyspnea,False,Serious,Consumer,US,18-44,1
DRG006,Celvaxin,Cardiology,2023-Q3,Renal impairment,True,Serious,Other,FR,45-64,1
DRG006,Celvaxin,Cardiology,2023-Q3,Fatigue,False,Serious,Physician,US,75+,1
DRG006,Celvaxin,Cardiology,2023-Q3,Renal impairment,True,Critical,Physician,JP,65-74,1
DRG006,Celvaxin,Cardiology,2023-Q3,Dizziness,False,Serious,Physician,US,65-74,1
DRG006,Celvaxin,Cardiology,2023-Q3,Palpitations,False,Serious,Pharmacist,GB,65-74,1
DRG006,Celvaxin,Cardiology,2023-Q3,Fatigue,False,Critical,Physician,DE,45-64,1
DRG006,Celvaxin,Cardiology,2023-Q3,Oedema,False,Mild,Other,GB,65-74,1
DRG006,Celvaxin,Cardiology,2023-Q3,Dyspnea,False,Serious,Physician,JP,65-74,1
DRG006,Celvaxin,Cardiology,2023-Q3,Angioedema,True,Serious,Physician,DE,45-64,1
DRG006,Celvaxin,Cardiology,2023-Q3,Bradycardia,False,Moderate,Consumer,DE,45-64,1
DRG006,Celvaxin,Cardiology,2023-Q3,Oedema,False,Mild,Physician,US,45-64,1
DRG006,Celvaxin,Cardiology,2023-Q3,Angioedema,True,Moderate,Physician,DE,65-74,1
DRG006,Celvaxin,Cardiology,2023-Q3,Dizziness,False,Mild,Other,US,75+,1
DRG006,Celvaxin,Cardiology,2023-Q3,Renal impairment,True,Serious,Physician,US,75+,1
DRG006,Celvaxin,Cardiology,2023-Q3,Dizziness,False,Serious,Other,US,75+,1
DRG006,Celvaxin,Cardiology,2023-Q3,Dyspnea,False,Moderate,Physician,GB,18-44,1
DRG006,Celvaxin,Cardiology,2023-Q3,Palpitations,False,Serious,Consumer,JP,65-74,1
DRG006,Celvaxin,Cardiology,2023-Q3,Oedema,False,Critical,Other,FR,65-74,1
DRG006,Celvaxin,Cardiology,2023-Q3,Angioedema,True,Critical,Consumer,US,18-44,1
DRG006,Celvaxin,Cardiology,2023-Q3,Dyspnea,False,Mild,Consumer,US,75+,1
DRG006,Celvaxin,Cardiology,2023-Q3,Palpitations,False,Mild,Physician,CA,45-64,1
DRG006,Celvaxin,Cardiology,2023-Q3,Dyspnea,False,Critical,Pharmacist,GB,65-74,1
DRG006,Celvaxin,Cardiology,2023-Q3,Hyperkalaemia,True,Mild,Consumer,DE,45-64,1
DRG006,Celvaxin,Cardiology,2023-Q3,Dizziness,False,Serious,Consumer,DE,65-74,1
DRG006,Celvaxin,Cardiology,2023-Q3,Hypotension,False,Moderate,Consumer,JP,45-64,1
DRG006,Celvaxin,Cardiology,2023-Q3,Hyperkalaemia,True,Critical,Other,US,45-64,1
DRG006,Celvaxin,Cardiology,2023-Q3,Dizziness,False,Critical,Physician,JP,65-74,1
DRG006,Celvaxin,Cardiology,2023-Q3,Oedema,False,Serious,Consumer,US,65-74,1
DRG006,Celvaxin,Cardiology,2023-Q3,Fatigue,False,Serious,Consumer,US,18-44,1
DRG006,Celvaxin,Cardiology,2023-Q3,Dizziness,False,Critical,Consumer,US,18-44,1
DRG006,Celvaxin,Cardiology,2023-Q3,Hypotension,False,Moderate,Physician,US,65-74,1
DRG006,Celvaxin,Cardiology,2023-Q3,Dyspnea,False,Serious,Consumer,JP,65-74,1
DRG006,Celvaxin,Cardiology,2023-Q3,Oedema,False,Serious,Physician,US,65-74,1
DRG006,Celvaxin,Cardiology,2023-Q3,Angioedema,True,Critical,Consumer,US,65-74,1
DRG006,Celvaxin,Cardiology,2023-Q3,Oedema,False,Serious,Other,US,45-64,1
DRG006,Celvaxin,Cardiology,2023-Q3,Angioedema,True,Mild,Pharmacist,US,75+,1
DRG006,Celvaxin,Cardiology,2023-Q3,Hyperkalaemia,True,Serious,Physician,GB,45-64,1
DRG006,Celvaxin,Cardiology,2023-Q3,Angioedema,True,Critical,Pharmacist,GB,45-64,1
DRG006,Celvaxin,Cardiology,2023-Q3,Palpitations,False,Mild,Pharmacist,US,75+,1
DRG006,Celvaxin,Cardiology,2023-Q3,Palpitations,False,Moderate,Physician,US,45-64,1
DRG006,Celvaxin,Cardiology,2023-Q3,Angioedema,True,Mild,Consumer,CA,45-64,1
DRG006,Celvaxin,Cardiology,2023-Q3,Oedema,False,Mild,Pharmacist,DE,18-44,1
DRG006,Celvaxin,Cardiology,2023-Q3,Bradycardia,False,Moderate,Pharmacist,US,45-64,1
DRG006,Celvaxin,Cardiology,2023-Q3,Renal impairment,True,Critical,Physician,US,65-74,1
DRG006,Celvaxin,Cardiology,2023-Q3,Palpitations,False,Mild,Physician,GB,18-44,1
DRG006,Celvaxin,Cardiology,2023-Q3,Angioedema,True,Moderate,Physician,JP,65-74,1
DRG006,Celvaxin,Cardiology,2023-Q3,Angioedema,True,Mild,Consumer,US,75+,1
DRG006,Celvaxin,Cardiology,2023-Q3,Oedema,False,Mild,Physician,US,18-44,1
DRG006,Celvaxin,Cardiology,2023-Q3,Hypotension,False,Mild,Physician,DE,18-44,1
DRG006,Celvaxin,Cardiology,2023-Q3,Oedema,False,Critical,Other,US,75+,1
DRG006,Celvaxin,Cardiology,2023-Q3,Oedema,False,Critical,Consumer,US,65-74,1
DRG006,Celvaxin,Cardiology,2023-Q3,Oedema,False,Moderate,Pharmacist,DE,45-64,1
DRG006,Celvaxin,Cardiology,2023-Q3,Renal impairment,True,Serious,Physician,US,45-64,1
DRG006,Celvaxin,Cardiology,2023-Q3,Dyspnea,False,Moderate,Physician,CA,75+,1
DRG006,Celvaxin,Cardiology,2023-Q3,Dizziness,False,Moderate,Consumer,DE,45-64,1
DRG006,Celvaxin,Cardiology,2023-Q3,Hypotension,False,Critical,Pharmacist,US,75+,1
DRG006,Celvaxin,Cardiology,2023-Q3,Angioedema,True,Moderate,Consumer,US,65-74,1
DRG006,Celvaxin,Cardiology,2023-Q3,Hyperkalaemia,True,Serious,Physician,CA,75+,1
DRG006,Celvaxin,Cardiology,2023-Q3,Fatigue,False,Serious,Physician,US,45-64,1
DRG006,Celvaxin,Cardiology,2023-Q3,Dizziness,False,Serious,Pharmacist,DE,45-64,1
DRG006,Celvaxin,Cardiology,2023-Q3,Angioedema,True,Mild,Consumer,FR,45-64,1
DRG006,Celvaxin,Cardiology,2023-Q3,Hyperkalaemia,True,Mild,Physician,FR,45-64,1
DRG006,Celvaxin,Cardiology,2023-Q3,Hypotension,False,Critical,Physician,US,45-64,1
DRG006,Celvaxin,Cardiology,2023-Q3,Angioedema,True,Serious,Pharmacist,US,45-64,1
DRG006,Celvaxin,Cardiology,2023-Q3,Dizziness,False,Moderate,Consumer,JP,45-64,1
DRG006,Celvaxin,Cardiology,2023-Q3,Hyperkalaemia,True,Critical,Physician,US,65-74,1
DRG006,Celvaxin,Cardiology,2023-Q3,Renal impairment,True,Mild,Physician,US,18-44,1
DRG006,Celvaxin,Cardiology,2023-Q3,Hypotension,False,Critical,Physician,FR,75+,1
DRG006,Celvaxin,Cardiology,2023-Q3,Palpitations,False,Mild,Pharmacist,JP,18-44,1
DRG006,Celvaxin,Cardiology,2023-Q4,Renal impairment,True,Mild,Pharmacist,US,65-74,2
DRG006,Celvaxin,Cardiology,2023-Q4,Oedema,False,Critical,Consumer,US,45-64,2
DRG006,Celvaxin,Cardiology,2023-Q4,Dizziness,False,Moderate,Physician,US,45-64,2
DRG006,Celvaxin,Cardiology,2023-Q4,Renal impairment,True,Mild,Consumer,US,45-64,2
DRG006,Celvaxin,Cardiology,2023-Q4,Fatigue,False,Moderate,Pharmacist,US,18-44,2
DRG006,Celvaxin,Cardiology,2023-Q4,Fatigue,False,Serious,Pharmacist,US,45-64,2
DRG006,Celvaxin,Cardiology,2023-Q4,Hyperkalaemia,True,Serious,Consumer,US,65-74,2
DRG006,Celvaxin,Cardiology,2023-Q4,Oedema,False,Moderate,Physician,US,65-74,2
DRG006,Celvaxin,Cardiology,2023-Q4,Hyperkalaemia,True,Critical,Pharmacist,US,45-64,1
DRG006,Celvaxin,Cardiology,2023-Q4,Angioedema,True,Moderate,Other,CA,45-64,1
DRG006,Celvaxin,Cardiology,2023-Q4,Hypotension,False,Critical,Consumer,DE,45-64,1
DRG006,Celvaxin,Cardiology,2023-Q4,Dizziness,False,Critical,Pharmacist,US,65-74,1
DRG006,Celvaxin,Cardiology,2023-Q4,Hypotension,False,Moderate,Physician,US,75+,1
DRG006,Celvaxin,Cardiology,2023-Q4,Palpitations,False,Moderate,Pharmacist,US,75+,1
DRG006,Celvaxin,Cardiology,2023-Q4,Angioedema,True,Mild,Physician,US,18-44,1
DRG006,Celvaxin,Cardiology,2023-Q4,Hypotension,False,Moderate,Consumer,US,65-74,1
DRG006,Celvaxin,Cardiology,2023-Q4,Bradycardia,False,Serious,Other,CA,75+,1
DRG006,Celvaxin,Cardiology,2023-Q4,Hypotension,False,Critical,Physician,GB,18-44,1
DRG006,Celvaxin,Cardiology,2023-Q4,Fatigue,False,Serious,Physician,US,75+,1
DRG006,Celvaxin,Cardiology,2023-Q4,Dyspnea,False,Critical,Consumer,US,45-64,1
DRG006,Celvaxin,Cardiology,2023-Q4,Oedema,False,Mild,Consumer,JP,65-74,1
DRG006,Celvaxin,Cardiology,2023-Q4,Dyspnea,False,Moderate,Physician,US,45-64,1
DRG006,Celvaxin,Cardiology,2023-Q4,Dizziness,False,Mild,Physician,CA,75+,1
DRG006,Celvaxin,Cardiology,2023-Q4,Hyperkalaemia,True,Critical,Consumer,JP,75+,1
DRG006,Celvaxin,Cardiology,2023-Q4,Angioedema,True,Serious,Pharmacist,US,45-64,1
DRG006,Celvaxin,Cardiology,2023-Q4,Renal impairment,True,Moderate,Other,US,65-74,1
DRG006,Celvaxin,Cardiology,2023-Q4,Oedema,False,Critical,Pharmacist,US,65-74,1
DRG006,Celvaxin,Cardiology,2023-Q4,Bradycardia,False,Serious,Consumer,CA,65-74,1
DRG006,Celvaxin,Cardiology,2023-Q4,Angioedema,True,Serious,Pharmacist,JP,45-64,1
DRG006,Celvaxin,Cardiology,2023-Q4,Bradycardia,False,Moderate,Pharmacist,US,45-64,1
DRG006,Celvaxin,Cardiology,2023-Q4,Dyspnea,False,Serious,Pharmacist,US,45-64,1
DRG006,Celvaxin,Cardiology,2023-Q4,Angioedema,True,Moderate,Physician,US,18-44,1
DRG006,Celvaxin,Cardiology,2023-Q4,Oedema,False,Moderate,Consumer,DE,65-74,1
DRG006,Celvaxin,Cardiology,2023-Q4,Palpitations,False,Mild,Physician,FR,65-74,1
DRG006,Celvaxin,Cardiology,2023-Q4,Oedema,False,Critical,Consumer,US,65-74,1
DRG006,Celvaxin,Cardiology,2023-Q4,Angioedema,True,Serious,Consumer,US,45-64,1
DRG006,Celvaxin,Cardiology,2023-Q4,Palpitations,False,Mild,Consumer,US,75+,1
DRG006,Celvaxin,Cardiology,2023-Q4,Renal impairment,True,Moderate,Physician,DE,45-64,1
DRG006,Celvaxin,Cardiology,2023-Q4,Angioedema,True,Critical,Consumer,US,45-64,1
DRG006,Celvaxin,Cardiology,2023-Q4,Angioedema,True,Serious,Other,US,45-64,1
DRG006,Celvaxin,Cardiology,2023-Q4,Palpitations,False,Moderate,Physician,US,65-74,1
DRG006,Celvaxin,Cardiology,2023-Q4,Hyperkalaemia,True,Moderate,Pharmacist,US,65-74,1
DRG006,Celvaxin,Cardiology,2023-Q4,Angioedema,True,Moderate,Consumer,US,45-64,1
DRG006,Celvaxin,Cardiology,2023-Q4,Fatigue,False,Mild,Physician,DE,65-74,1
DRG006,Celvaxin,Cardiology,2023-Q4,Hyperkalaemia,True,Serious,Consumer,CA,45-64,1
DRG006,Celvaxin,Cardiology,2023-Q4,Dizziness,False,Moderate,Pharmacist,DE,75+,1
DRG006,Celvaxin,Cardiology,2023-Q4,Palpitations,False,Moderate,Physician,US,18-44,1
DRG006,Celvaxin,Cardiology,2023-Q4,Palpitations,False,Critical,Other,US,65-74,1
DRG006,Celvaxin,Cardiology,2023-Q4,Oedema,False,Mild,Consumer,US,45-64,1
DRG006,Celvaxin,Cardiology,2023-Q4,Hyperkalaemia,True,Mild,Physician,US,65-74,1
DRG006,Celvaxin,Cardiology,2023-Q4,Hyperkalaemia,True,Serious,Consumer,US,45-64,1
DRG006,Celvaxin,Cardiology,2023-Q4,Renal impairment,True,Critical,Consumer,JP,45-64,1
DRG006,Celvaxin,Cardiology,2023-Q4,Hyperkalaemia,True,Serious,Physician,DE,18-44,1
DRG006,Celvaxin,Cardiology,2023-Q4,Angioedema,True,Critical,Physician,US,65-74,1
DRG006,Celvaxin,Cardiology,2023-Q4,Renal impairment,True,Mild,Physician,US,18-44,1
DRG006,Celvaxin,Cardiology,2023-Q4,Hyperkalaemia,True,Moderate,Consumer,US,45-64,1
DRG006,Celvaxin,Cardiology,2023-Q4,Dizziness,False,Moderate,Physician,CA,18-44,1
DRG006,Celvaxin,Cardiology,2023-Q4,Fatigue,False,Critical,Pharmacist,FR,65-74,1
DRG006,Celvaxin,Cardiology,2023-Q4,Bradycardia,False,Moderate,Consumer,US,65-74,1
DRG006,Celvaxin,Cardiology,2023-Q4,Palpitations,False,Mild,Consumer,JP,75+,1
DRG006,Celvaxin,Cardiology,2023-Q4,Oedema,False,Mild,Consumer,US,75+,1
DRG006,Celvaxin,Cardiology,2023-Q4,Dyspnea,False,Critical,Other,GB,75+,1
DRG006,Celvaxin,Cardiology,2023-Q4,Dizziness,False,Mild,Physician,US,65-74,1
DRG006,Celvaxin,Cardiology,2023-Q4,Angioedema,True,Critical,Physician,US,45-64,1
DRG006,Celvaxin,Cardiology,2023-Q4,Renal impairment,True,Critical,Consumer,US,75+,1
DRG006,Celvaxin,Cardiology,2023-Q4,Hypotension,False,Moderate,Consumer,US,75+,1
DRG006,Celvaxin,Cardiology,2023-Q4,Hyperkalaemia,True,Mild,Physician,GB,45-64,1
DRG006,Celvaxin,Cardiology,2023-Q4,Angioedema,True,Moderate,Consumer,DE,45-64,1
DRG006,Celvaxin,Cardiology,2023-Q4,Dizziness,False,Moderate,Other,CA,45-64,1
DRG006,Celvaxin,Cardiology,2023-Q4,Hyperkalaemia,True,Serious,Physician,US,45-64,1
DRG006,Celvaxin,Cardiology,2023-Q4,Fatigue,False,Mild,Other,CA,45-64,1
DRG006,Celvaxin,Cardiology,2023-Q4,Oedema,False,Moderate,Other,US,65-74,1
DRG006,Celvaxin,Cardiology,2023-Q4,Palpitations,False,Serious,Physician,US,75+,1
DRG006,Celvaxin,Cardiology,2023-Q4,Hyperkalaemia,True,Moderate,Other,JP,18-44,1
DRG006,Celvaxin,Cardiology,2023-Q4,Hyperkalaemia,True,Serious,Other,GB,75+,1
DRG006,Celvaxin,Cardiology,2023-Q4,Hypotension,False,Serious,Other,CA,65-74,1
DRG006,Celvaxin,Cardiology,2023-Q4,Palpitations,False,Critical,Consumer,CA,65-74,1
DRG006,Celvaxin,Cardiology,2023-Q4,Bradycardia,False,Moderate,Physician,US,65-74,1
DRG006,Celvaxin,Cardiology,2023-Q4,Renal impairment,True,Moderate,Physician,CA,18-44,1
DRG006,Celvaxin,Cardiology,2023-Q4,Palpitations,False,Moderate,Physician,JP,65-74,1
DRG006,Celvaxin,Cardiology,2023-Q4,Fatigue,False,Critical,Physician,US,45-64,1
DRG006,Celvaxin,Cardiology,2023-Q4,Renal impairment,True,Critical,Physician,GB,65-74,1
DRG006,Celvaxin,Cardiology,2023-Q4,Fatigue,False,Serious,Pharmacist,GB,45-64,1
DRG006,Celvaxin,Cardiology,2023-Q4,Hyperkalaemia,True,Critical,Physician,JP,65-74,1
DRG006,Celvaxin,Cardiology,2023-Q4,Hypotension,False,Moderate,Physician,US,18-44,1
DRG006,Celvaxin,Cardiology,2023-Q4,Bradycardia,False,Mild,Physician,FR,45-64,1
DRG006,Celvaxin,Cardiology,2023-Q4,Dyspnea,False,Moderate,Physician,JP,45-64,1
DRG006,Celvaxin,Cardiology,2023-Q4,Bradycardia,False,Serious,Consumer,CA,75+,1
DRG006,Celvaxin,Cardiology,2023-Q4,Renal impairment,True,Mild,Physician,GB,75+,1
DRG006,Celvaxin,Cardiology,2023-Q4,Dizziness,False,Serious,Pharmacist,CA,65-74,1
DRG006,Celvaxin,Cardiology,2023-Q4,Fatigue,False,Critical,Consumer,CA,45-64,1
DRG006,Celvaxin,Cardiology,2023-Q4,Hyperkalaemia,True,Mild,Physician,FR,18-44,1
DRG006,Celvaxin,Cardiology,2023-Q4,Bradycardia,False,Critical,Consumer,GB,75+,1
DRG006,Celvaxin,Cardiology,2023-Q4,Renal impairment,True,Mild,Physician,US,65-74,1
DRG006,Celvaxin,Cardiology,2023-Q4,Renal impairment,True,Serious,Consumer,GB,45-64,1
DRG006,Celvaxin,Cardiology,2023-Q4,Angioedema,True,Serious,Physician,FR,45-64,1
DRG006,Celvaxin,Cardiology,2023-Q4,Fatigue,False,Serious,Consumer,FR,75+,1
DRG006,Celvaxin,Cardiology,2023-Q4,Hypotension,False,Mild,Consumer,DE,45-64,1
DRG006,Celvaxin,Cardiology,2023-Q4,Dizziness,False,Moderate,Physician,US,75+,1
DRG006,Celvaxin,Cardiology,2023-Q4,Fatigue,False,Critical,Consumer,US,45-64,1
DRG006,Celvaxin,Cardiology,2023-Q4,Palpitations,False,Critical,Physician,JP,65-74,1
DRG006,Celvaxin,Cardiology,2023-Q4,Oedema,False,Critical,Physician,US,45-64,1
DRG006,Celvaxin,Cardiology,2023-Q4,Hyperkalaemia,True,Critical,Physician,US,65-74,1
DRG006,Celvaxin,Cardiology,2023-Q4,Palpitations,False,Mild,Physician,US,45-64,1
DRG006,Celvaxin,Cardiology,2023-Q4,Bradycardia,False,Serious,Pharmacist,GB,75+,1
DRG006,Celvaxin,Cardiology,2023-Q4,Bradycardia,False,Serious,Consumer,FR,45-64,1
DRG006,Celvaxin,Cardiology,2023-Q4,Dyspnea,False,Serious,Other,GB,65-74,1
DRG006,Celvaxin,Cardiology,2023-Q4,Palpitations,False,Mild,Consumer,GB,75+,1
DRG006,Celvaxin,Cardiology,2023-Q4,Fatigue,False,Mild,Consumer,CA,65-74,1
DRG006,Celvaxin,Cardiology,2023-Q4,Hyperkalaemia,True,Mild,Physician,US,45-64,1
DRG006,Celvaxin,Cardiology,2023-Q4,Dizziness,False,Moderate,Physician,FR,75+,1
DRG006,Celvaxin,Cardiology,2023-Q4,Oedema,False,Moderate,Pharmacist,US,75+,1
DRG006,Celvaxin,Cardiology,2023-Q4,Dizziness,False,Mild,Consumer,JP,45-64,1
DRG006,Celvaxin,Cardiology,2023-Q4,Oedema,False,Mild,Other,CA,75+,1
DRG006,Celvaxin,Cardiology,2023-Q4,Dizziness,False,Serious,Pharmacist,US,45-64,1
DRG006,Celvaxin,Cardiology,2023-Q4,Hyperkalaemia,True,Serious,Other,US,18-44,1
DRG006,Celvaxin,Cardiology,2023-Q4,Dizziness,False,Mild,Physician,CA,45-64,1
DRG006,Celvaxin,Cardiology,2023-Q4,Angioedema,True,Serious,Physician,JP,75+,1
DRG006,Celvaxin,Cardiology,2023-Q4,Renal impairment,True,Moderate,Physician,JP,18-44,1
DRG006,Celvaxin,Cardiology,2023-Q4,Hyperkalaemia,True,Serious,Other,GB,65-74,1
DRG006,Celvaxin,Cardiology,2023-Q4,Hypotension,False,Mild,Consumer,US,65-74,1
DRG006,Celvaxin,Cardiology,2023-Q4,Palpitations,False,Moderate,Pharmacist,US,65-74,1
DRG006,Celvaxin,Cardiology,2023-Q4,Renal impairment,True,Serious,Consumer,FR,65-74,1
DRG006,Celvaxin,Cardiology,2023-Q4,Hypotension,False,Mild,Pharmacist,CA,45-64,1
DRG006,Celvaxin,Cardiology,2023-Q4,Angioedema,True,Serious,Consumer,CA,65-74,1
DRG006,Celvaxin,Cardiology,2023-Q4,Angioedema,True,Mild,Physician,US,75+,1
DRG006,Celvaxin,Cardiology,2023-Q4,Hyperkalaemia,True,Critical,Pharmacist,US,18-44,1
DRG006,Celvaxin,Cardiology,2023-Q4,Hypotension,False,Mild,Physician,US,45-64,1
DRG006,Celvaxin,Cardiology,2023-Q4,Hypotension,False,Serious,Physician,GB,65-74,1
DRG006,Celvaxin,Cardiology,2023-Q4,Hypotension,False,Critical,Pharmacist,US,45-64,1
DRG006,Celvaxin,Cardiology,2023-Q4,Oedema,False,Critical,Consumer,US,18-44,1
DRG006,Celvaxin,Cardiology,2023-Q4,Palpitations,False,Moderate,Consumer,US,45-64,1
DRG006,Celvaxin,Cardiology,2023-Q4,Hyperkalaemia,True,Mild,Physician,US,75+,1
DRG006,Celvaxin,Cardiology,2023-Q4,Bradycardia,False,Moderate,Consumer,US,18-44,1
DRG006,Celvaxin,Cardiology,2023-Q4,Dyspnea,False,Mild,Physician,US,18-44,1
DRG006,Celvaxin,Cardiology,2023-Q4,Renal impairment,True,Moderate,Pharmacist,US,65-74,1
DRG006,Celvaxin,Cardiology,2023-Q4,Oedema,False,Serious,Consumer,US,65-74,1
DRG006,Celvaxin,Cardiology,2023-Q4,Angioedema,True,Critical,Pharmacist,GB,45-64,1
DRG006,Celvaxin,Cardiology,2023-Q4,Palpitations,False,Moderate,Pharmacist,US,45-64,1
DRG006,Celvaxin,Cardiology,2023-Q4,Hyperkalaemia,True,Critical,Physician,FR,75+,1
DRG006,Celvaxin,Cardiology,2023-Q4,Renal impairment,True,Critical,Other,US,45-64,1
DRG006,Celvaxin,Cardiology,2023-Q4,Hyperkalaemia,True,Critical,Consumer,US,45-64,1
DRG006,Celvaxin,Cardiology,2023-Q4,Angioedema,True,Serious,Physician,US,18-44,1
DRG006,Celvaxin,Cardiology,2023-Q4,Hyperkalaemia,True,Moderate,Physician,CA,65-74,1
DRG006,Celvaxin,Cardiology,2023-Q4,Dizziness,False,Serious,Physician,JP,65-74,1
DRG006,Celvaxin,Cardiology,2023-Q4,Renal impairment,True,Critical,Consumer,GB,45-64,1
DRG006,Celvaxin,Cardiology,2023-Q4,Hypotension,False,Mild,Pharmacist,JP,75+,1
DRG006,Celvaxin,Cardiology,2023-Q4,Hyperkalaemia,True,Moderate,Consumer,JP,18-44,1
DRG006,Celvaxin,Cardiology,2023-Q4,Renal impairment,True,Serious,Consumer,US,18-44,1
DRG006,Celvaxin,Cardiology,2023-Q4,Angioedema,True,Critical,Physician,FR,65-74,1
DRG006,Celvaxin,Cardiology,2023-Q4,Hypotension,False,Serious,Consumer,US,45-64,1
DRG006,Celvaxin,Cardiology,2023-Q4,Palpitations,False,Serious,Consumer,US,65-74,1
DRG006,Celvaxin,Cardiology,2023-Q4,Hyperkalaemia,True,Moderate,Physician,US,45-64,1
DRG006,Celvaxin,Cardiology,2023-Q4,Dizziness,False,Moderate,Physician,JP,65-74,1
DRG006,Celvaxin,Cardiology,2023-Q4,Fatigue,False,Serious,Physician,GB,75+,1
DRG006,Celvaxin,Cardiology,2023-Q4,Hypotension,False,Mild,Physician,CA,45-64,1
DRG006,Celvaxin,Cardiology,2023-Q4,Bradycardia,False,Moderate,Other,FR,75+,1
DRG006,Celvaxin,Cardiology,2023-Q4,Dyspnea,False,Serious,Consumer,US,18-44,1
DRG006,Celvaxin,Cardiology,2023-Q4,Bradycardia,False,Critical,Other,US,75+,1
DRG006,Celvaxin,Cardiology,2023-Q4,Angioedema,True,Critical,Physician,GB,75+,1
DRG006,Celvaxin,Cardiology,2023-Q4,Dizziness,False,Serious,Consumer,DE,65-74,1
DRG006,Celvaxin,Cardiology,2023-Q4,Dizziness,False,Serious,Consumer,US,45-64,1
DRG006,Celvaxin,Cardiology,2023-Q4,Palpitations,False,Serious,Physician,FR,45-64,1
DRG006,Celvaxin,Cardiology,2023-Q4,Hypotension,False,Critical,Consumer,CA,75+,1
DRG006,Celvaxin,Cardiology,2023-Q4,Bradycardia,False,Mild,Physician,JP,18-44,1
DRG006,Celvaxin,Cardiology,2023-Q4,Palpitations,False,Moderate,Other,DE,45-64,1
DRG006,Celvaxin,Cardiology,2023-Q4,Hypotension,False,Serious,Physician,US,45-64,1
DRG006,Celvaxin,Cardiology,2023-Q4,Palpitations,False,Critical,Consumer,US,18-44,1
DRG006,Celvaxin,Cardiology,2023-Q4,Angioedema,True,Mild,Other,US,45-64,1
DRG006,Celvaxin,Cardiology,2023-Q4,Bradycardia,False,Serious,Consumer,US,75+,1
DRG006,Celvaxin,Cardiology,2023-Q4,Dizziness,False,Mild,Pharmacist,US,18-44,1
DRG006,Celvaxin,Cardiology,2023-Q4,Dyspnea,False,Moderate,Other,US,65-74,1
DRG006,Celvaxin,Cardiology,2023-Q4,Dyspnea,False,Moderate,Consumer,JP,45-64,1
DRG006,Celvaxin,Cardiology,2023-Q4,Palpitations,False,Critical,Other,JP,65-74,1
DRG006,Celvaxin,Cardiology,2024-Q1,Dizziness,False,Serious,Consumer,US,75+,3
DRG006,Celvaxin,Cardiology,2024-Q1,Palpitations,False,Serious,Physician,US,45-64,2
DRG006,Celvaxin,Cardiology,2024-Q1,Dyspnea,False,Mild,Physician,US,65-74,2
DRG006,Celvaxin,Cardiology,2024-Q1,Oedema,False,Mild,Physician,US,45-64,2
DRG006,Celvaxin,Cardiology,2024-Q1,Bradycardia,False,Mild,Consumer,US,45-64,2
DRG006,Celvaxin,Cardiology,2024-Q1,Hypotension,False,Mild,Physician,US,65-74,2
DRG006,Celvaxin,Cardiology,2024-Q1,Hyperkalaemia,True,Critical,Physician,US,45-64,2
DRG006,Celvaxin,Cardiology,2024-Q1,Bradycardia,False,Critical,Pharmacist,US,65-74,2
DRG006,Celvaxin,Cardiology,2024-Q1,Hypotension,False,Mild,Pharmacist,US,18-44,2
DRG006,Celvaxin,Cardiology,2024-Q1,Hyperkalaemia,True,Mild,Pharmacist,US,18-44,2
DRG006,Celvaxin,Cardiology,2024-Q1,Renal impairment,True,Serious,Consumer,US,45-64,2
DRG006,Celvaxin,Cardiology,2024-Q1,Hyperkalaemia,True,Moderate,Physician,US,75+,2
DRG006,Celvaxin,Cardiology,2024-Q1,Hypotension,False,Moderate,Consumer,US,65-74,2
DRG006,Celvaxin,Cardiology,2024-Q1,Renal impairment,True,Serious,Consumer,US,65-74,2
DRG006,Celvaxin,Cardiology,2024-Q1,Hyperkalaemia,True,Serious,Other,US,65-74,2
DRG006,Celvaxin,Cardiology,2024-Q1,Hyperkalaemia,True,Serious,Physician,US,45-64,2
DRG006,Celvaxin,Cardiology,2024-Q1,Angioedema,True,Serious,Other,US,45-64,2
DRG006,Celvaxin,Cardiology,2024-Q1,Dyspnea,False,Moderate,Pharmacist,US,65-74,2
DRG006,Celvaxin,Cardiology,2024-Q1,Hypotension,False,Serious,Other,US,75+,1
DRG006,Celvaxin,Cardiology,2024-Q1,Angioedema,True,Moderate,Consumer,JP,45-64,1
DRG006,Celvaxin,Cardiology,2024-Q1,Palpitations,False,Critical,Other,JP,65-74,1
DRG006,Celvaxin,Cardiology,2024-Q1,Bradycardia,False,Critical,Consumer,US,75+,1
DRG006,Celvaxin,Cardiology,2024-Q1,Renal impairment,True,Moderate,Physician,US,65-74,1
DRG006,Celvaxin,Cardiology,2024-Q1,Hyperkalaemia,True,Moderate,Physician,GB,18-44,1
DRG006,Celvaxin,Cardiology,2024-Q1,Hyperkalaemia,True,Serious,Consumer,US,75+,1
DRG006,Celvaxin,Cardiology,2024-Q1,Hyperkalaemia,True,Serious,Other,US,45-64,1
DRG006,Celvaxin,Cardiology,2024-Q1,Oedema,False,Moderate,Consumer,US,45-64,1
DRG006,Celvaxin,Cardiology,2024-Q1,Dizziness,False,Mild,Pharmacist,US,75+,1
DRG006,Celvaxin,Cardiology,2024-Q1,Palpitations,False,Moderate,Consumer,CA,45-64,1
DRG006,Celvaxin,Cardiology,2024-Q1,Dyspnea,False,Mild,Pharmacist,US,75+,1
DRG006,Celvaxin,Cardiology,2024-Q1,Bradycardia,False,Moderate,Consumer,US,75+,1
DRG006,Celvaxin,Cardiology,2024-Q1,Hyperkalaemia,True,Mild,Physician,FR,45-64,1
DRG006,Celvaxin,Cardiology,2024-Q1,Dizziness,False,Serious,Consumer,GB,45-64,1
DRG006,Celvaxin,Cardiology,2024-Q1,Fatigue,False,Moderate,Consumer,CA,65-74,1
DRG006,Celvaxin,Cardiology,2024-Q1,Dyspnea,False,Moderate,Other,CA,18-44,1
DRG006,Celvaxin,Cardiology,2024-Q1,Renal impairment,True,Mild,Physician,GB,65-74,1
DRG006,Celvaxin,Cardiology,2024-Q1,Dyspnea,False,Critical,Other,US,65-74,1
DRG006,Celvaxin,Cardiology,2024-Q1,Hyperkalaemia,True,Serious,Physician,GB,75+,1
DRG006,Celvaxin,Cardiology,2024-Q1,Angioedema,True,Serious,Consumer,GB,75+,1
DRG006,Celvaxin,Cardiology,2024-Q1,Hypotension,False,Moderate,Physician,US,45-64,1
DRG006,Celvaxin,Cardiology,2024-Q1,Renal impairment,True,Mild,Consumer,US,65-74,1
DRG006,Celvaxin,Cardiology,2024-Q1,Angioedema,True,Mild,Consumer,US,18-44,1
DRG006,Celvaxin,Cardiology,2024-Q1,Renal impairment,True,Mild,Physician,CA,45-64,1
DRG006,Celvaxin,Cardiology,2024-Q1,Hyperkalaemia,True,Critical,Pharmacist,CA,65-74,1
DRG006,Celvaxin,Cardiology,2024-Q1,Oedema,False,Mild,Other,US,18-44,1
DRG006,Celvaxin,Cardiology,2024-Q1,Oedema,False,Serious,Physician,US,75+,1
DRG006,Celvaxin,Cardiology,2024-Q1,Fatigue,False,Mild,Physician,GB,45-64,1
DRG006,Celvaxin,Cardiology,2024-Q1,Oedema,False,Moderate,Pharmacist,US,45-64,1
DRG006,Celvaxin,Cardiology,2024-Q1,Dyspnea,False,Moderate,Physician,US,45-64,1
DRG006,Celvaxin,Cardiology,2024-Q1,Renal impairment,True,Serious,Physician,US,45-64,1
DRG006,Celvaxin,Cardiology,2024-Q1,Hyperkalaemia,True,Serious,Physician,US,65-74,1
DRG006,Celvaxin,Cardiology,2024-Q1,Dyspnea,False,Serious,Pharmacist,GB,45-64,1
DRG006,Celvaxin,Cardiology,2024-Q1,Renal impairment,True,Serious,Physician,DE,45-64,1
DRG006,Celvaxin,Cardiology,2024-Q1,Angioedema,True,Mild,Physician,US,65-74,1
DRG006,Celvaxin,Cardiology,2024-Q1,Hypotension,False,Mild,Pharmacist,US,45-64,1
DRG006,Celvaxin,Cardiology,2024-Q1,Bradycardia,False,Serious,Physician,US,45-64,1
DRG006,Celvaxin,Cardiology,2024-Q1,Angioedema,True,Serious,Physician,US,18-44,1
DRG006,Celvaxin,Cardiology,2024-Q1,Renal impairment,True,Critical,Physician,CA,18-44,1
DRG006,Celvaxin,Cardiology,2024-Q1,Palpitations,False,Serious,Physician,GB,45-64,1
DRG006,Celvaxin,Cardiology,2024-Q1,Dyspnea,False,Critical,Pharmacist,FR,18-44,1
DRG006,Celvaxin,Cardiology,2024-Q1,Angioedema,True,Mild,Pharmacist,CA,75+,1
DRG006,Celvaxin,Cardiology,2024-Q1,Bradycardia,False,Critical,Consumer,FR,45-64,1
DRG006,Celvaxin,Cardiology,2024-Q1,Fatigue,False,Serious,Consumer,JP,65-74,1
DRG006,Celvaxin,Cardiology,2024-Q1,Oedema,False,Mild,Pharmacist,FR,45-64,1
DRG006,Celvaxin,Cardiology,2024-Q1,Hyperkalaemia,True,Mild,Pharmacist,US,65-74,1
DRG006,Celvaxin,Cardiology,2024-Q1,Fatigue,False,Serious,Other,GB,45-64,1
DRG006,Celvaxin,Cardiology,2024-Q1,Palpitations,False,Mild,Other,CA,65-74,1
DRG006,Celvaxin,Cardiology,2024-Q1,Palpitations,False,Serious,Pharmacist,US,65-74,1
DRG006,Celvaxin,Cardiology,2024-Q1,Hyperkalaemia,True,Mild,Pharmacist,CA,18-44,1
DRG006,Celvaxin,Cardiology,2024-Q1,Dyspnea,False,Serious,Consumer,FR,65-74,1
DRG006,Celvaxin,Cardiology,2024-Q1,Hyperkalaemia,True,Critical,Pharmacist,US,18-44,1
DRG006,Celvaxin,Cardiology,2024-Q1,Fatigue,False,Serious,Pharmacist,CA,45-64,1
DRG006,Celvaxin,Cardiology,2024-Q1,Palpitations,False,Serious,Consumer,GB,45-64,1
DRG006,Celvaxin,Cardiology,2024-Q1,Hyperkalaemia,True,Mild,Physician,CA,65-74,1
DRG006,Celvaxin,Cardiology,2024-Q1,Dyspnea,False,Moderate,Physician,FR,45-64,1
DRG006,Celvaxin,Cardiology,2024-Q1,Hyperkalaemia,True,Serious,Consumer,US,65-74,1
DRG006,Celvaxin,Cardiology,2024-Q1,Oedema,False,Serious,Consumer,US,75+,1
DRG006,Celvaxin,Cardiology,2024-Q1,Hyperkalaemia,True,Serious,Consumer,DE,65-74,1
DRG006,Celvaxin,Cardiology,2024-Q1,Fatigue,False,Mild,Pharmacist,US,75+,1
DRG006,Celvaxin,Cardiology,2024-Q1,Hyperkalaemia,True,Serious,Pharmacist,CA,45-64,1
DRG006,Celvaxin,Cardiology,2024-Q1,Hypotension,False,Mild,Physician,US,18-44,1
DRG006,Celvaxin,Cardiology,2024-Q1,Renal impairment,True,Moderate,Physician,DE,75+,1
DRG006,Celvaxin,Cardiology,2024-Q1,Dizziness,False,Mild,Consumer,US,65-74,1
DRG006,Celvaxin,Cardiology,2024-Q1,Angioedema,True,Serious,Other,CA,45-64,1
DRG006,Celvaxin,Cardiology,2024-Q1,Angioedema,True,Moderate,Physician,FR,45-64,1
DRG006,Celvaxin,Cardiology,2024-Q1,Hypotension,False,Mild,Physician,US,75+,1
DRG006,Celvaxin,Cardiology,2024-Q1,Bradycardia,False,Mild,Pharmacist,US,45-64,1
DRG006,Celvaxin,Cardiology,2024-Q1,Hyperkalaemia,True,Critical,Physician,GB,18-44,1
DRG006,Celvaxin,Cardiology,2024-Q1,Hyperkalaemia,True,Critical,Pharmacist,JP,45-64,1
DRG006,Celvaxin,Cardiology,2024-Q1,Oedema,False,Mild,Other,US,65-74,1
DRG006,Celvaxin,Cardiology,2024-Q1,Oedema,False,Critical,Consumer,US,75+,1
DRG006,Celvaxin,Cardiology,2024-Q1,Palpitations,False,Moderate,Other,CA,18-44,1
DRG006,Celvaxin,Cardiology,2024-Q1,Hyperkalaemia,True,Serious,Physician,GB,18-44,1
DRG006,Celvaxin,Cardiology,2024-Q1,Hypotension,False,Critical,Physician,JP,65-74,1
DRG006,Celvaxin,Cardiology,2024-Q1,Bradycardia,False,Moderate,Consumer,US,45-64,1
DRG006,Celvaxin,Cardiology,2024-Q1,Renal impairment,True,Moderate,Pharmacist,FR,65-74,1
DRG006,Celvaxin,Cardiology,2024-Q1,Oedema,False,Moderate,Consumer,US,65-74,1
DRG006,Celvaxin,Cardiology,2024-Q1,Angioedema,True,Serious,Consumer,US,18-44,1
DRG006,Celvaxin,Cardiology,2024-Q1,Oedema,False,Critical,Physician,US,45-64,1
DRG006,Celvaxin,Cardiology,2024-Q1,Hyperkalaemia,True,Mild,Other,CA,45-64,1
DRG006,Celvaxin,Cardiology,2024-Q1,Renal impairment,True,Moderate,Other,JP,45-64,1
DRG006,Celvaxin,Cardiology,2024-Q1,Fatigue,False,Mild,Physician,US,65-74,1
DRG006,Celvaxin,Cardiology,2024-Q1,Palpitations,False,Moderate,Pharmacist,US,45-64,1
DRG006,Celvaxin,Cardiology,2024-Q1,Oedema,False,Serious,Consumer,DE,18-44,1
DRG006,Celvaxin,Cardiology,2024-Q1,Renal impairment,True,Critical,Consumer,DE,45-64,1
DRG006,Celvaxin,Cardiology,2024-Q1,Palpitations,False,Serious,Consumer,US,65-74,1
DRG006,Celvaxin,Cardiology,2024-Q1,Hyperkalaemia,True,Serious,Consumer,CA,75+,1
DRG006,Celvaxin,Cardiology,2024-Q1,Oedema,False,Moderate,Pharmacist,US,65-74,1
DRG006,Celvaxin,Cardiology,2024-Q1,Dizziness,False,Serious,Physician,US,65-74,1
DRG006,Celvaxin,Cardiology,2024-Q1,Oedema,False,Moderate,Other,US,75+,1
DRG006,Celvaxin,Cardiology,2024-Q1,Palpitations,False,Serious,Physician,GB,65-74,1
DRG006,Celvaxin,Cardiology,2024-Q1,Oedema,False,Mild,Consumer,US,45-64,1
DRG006,Celvaxin,Cardiology,2024-Q1,Hyperkalaemia,True,Mild,Pharmacist,GB,45-64,1
DRG006,Celvaxin,Cardiology,2024-Q1,Hyperkalaemia,True,Serious,Pharmacist,US,65-74,1
DRG006,Celvaxin,Cardiology,2024-Q1,Dyspnea,False,Critical,Other,GB,45-64,1
DRG006,Celvaxin,Cardiology,2024-Q1,Angioedema,True,Moderate,Other,GB,65-74,1
DRG006,Celvaxin,Cardiology,2024-Q1,Hyperkalaemia,True,Serious,Consumer,DE,45-64,1
DRG006,Celvaxin,Cardiology,2024-Q1,Fatigue,False,Serious,Pharmacist,DE,45-64,1
DRG006,Celvaxin,Cardiology,2024-Q1,Oedema,False,Mild,Physician,GB,65-74,1
DRG006,Celvaxin,Cardiology,2024-Q1,Hypotension,False,Mild,Physician,GB,65-74,1
DRG006,Celvaxin,Cardiology,2024-Q1,Renal impairment,True,Moderate,Physician,US,18-44,1
DRG006,Celvaxin,Cardiology,2024-Q1,Oedema,False,Critical,Consumer,FR,18-44,1
DRG006,Celvaxin,Cardiology,2024-Q1,Angioedema,True,Serious,Consumer,US,45-64,1
DRG006,Celvaxin,Cardiology,2024-Q1,Dizziness,False,Serious,Other,FR,45-64,1
DRG006,Celvaxin,Cardiology,2024-Q1,Dizziness,False,Critical,Pharmacist,FR,18-44,1
DRG006,Celvaxin,Cardiology,2024-Q1,Renal impairment,True,Mild,Other,US,45-64,1
DRG006,Celvaxin,Cardiology,2024-Q1,Hyperkalaemia,True,Mild,Physician,US,45-64,1
DRG006,Celvaxin,Cardiology,2024-Q1,Dyspnea,False,Mild,Pharmacist,FR,18-44,1
DRG006,Celvaxin,Cardiology,2024-Q1,Dizziness,False,Serious,Physician,FR,75+,1
DRG006,Celvaxin,Cardiology,2024-Q1,Oedema,False,Mild,Consumer,US,65-74,1
DRG006,Celvaxin,Cardiology,2024-Q1,Oedema,False,Serious,Pharmacist,GB,65-74,1
DRG006,Celvaxin,Cardiology,2024-Q1,Dizziness,False,Critical,Physician,US,45-64,1
DRG006,Celvaxin,Cardiology,2024-Q1,Renal impairment,True,Mild,Other,FR,45-64,1
DRG006,Celvaxin,Cardiology,2024-Q1,Hypotension,False,Moderate,Physician,FR,65-74,1
DRG006,Celvaxin,Cardiology,2024-Q1,Palpitations,False,Serious,Other,GB,65-74,1
DRG006,Celvaxin,Cardiology,2024-Q1,Palpitations,False,Serious,Physician,FR,65-74,1
DRG006,Celvaxin,Cardiology,2024-Q1,Angioedema,True,Serious,Other,DE,45-64,1
DRG006,Celvaxin,Cardiology,2024-Q1,Hypotension,False,Critical,Consumer,US,45-64,1
DRG006,Celvaxin,Cardiology,2024-Q1,Renal impairment,True,Critical,Other,FR,18-44,1
DRG006,Celvaxin,Cardiology,2024-Q1,Hyperkalaemia,True,Mild,Pharmacist,US,45-64,1
DRG006,Celvaxin,Cardiology,2024-Q1,Bradycardia,False,Serious,Pharmacist,FR,18-44,1
DRG006,Celvaxin,Cardiology,2024-Q1,Renal impairment,True,Critical,Pharmacist,GB,45-64,1
DRG006,Celvaxin,Cardiology,2024-Q1,Renal impairment,True,Critical,Physician,GB,18-44,1
DRG006,Celvaxin,Cardiology,2024-Q1,Fatigue,False,Mild,Consumer,CA,65-74,1
DRG006,Celvaxin,Cardiology,2024-Q1,Angioedema,True,Serious,Other,JP,65-74,1
DRG006,Celvaxin,Cardiology,2024-Q1,Dyspnea,False,Critical,Physician,US,65-74,1
DRG006,Celvaxin,Cardiology,2024-Q1,Angioedema,True,Critical,Consumer,US,18-44,1
DRG006,Celvaxin,Cardiology,2024-Q1,Hypotension,False,Critical,Physician,US,45-64,1
DRG006,Celvaxin,Cardiology,2024-Q1,Angioedema,True,Serious,Consumer,US,75+,1
DRG006,Celvaxin,Cardiology,2024-Q1,Bradycardia,False,Moderate,Consumer,US,65-74,1
DRG006,Celvaxin,Cardiology,2024-Q1,Oedema,False,Mild,Physician,JP,75+,1
DRG006,Celvaxin,Cardiology,2024-Q1,Oedema,False,Critical,Consumer,GB,45-64,1
DRG006,Celvaxin,Cardiology,2024-Q1,Hypotension,False,Serious,Consumer,US,45-64,1
DRG006,Celvaxin,Cardiology,2024-Q1,Hyperkalaemia,True,Serious,Physician,CA,65-74,1
DRG006,Celvaxin,Cardiology,2024-Q1,Palpitations,False,Mild,Physician,FR,45-64,1
DRG006,Celvaxin,Cardiology,2024-Q1,Bradycardia,False,Critical,Physician,CA,75+,1
DRG006,Celvaxin,Cardiology,2024-Q1,Dyspnea,False,Critical,Pharmacist,US,45-64,1
DRG006,Celvaxin,Cardiology,2024-Q1,Angioedema,True,Moderate,Physician,DE,45-64,1
DRG006,Celvaxin,Cardiology,2024-Q1,Angioedema,True,Serious,Consumer,US,65-74,1
DRG006,Celvaxin,Cardiology,2024-Q1,Renal impairment,True,Moderate,Other,JP,18-44,1
DRG006,Celvaxin,Cardiology,2024-Q1,Hypotension,False,Mild,Other,FR,45-64,1
DRG006,Celvaxin,Cardiology,2024-Q1,Angioedema,True,Moderate,Physician,JP,18-44,1
DRG006,Celvaxin,Cardiology,2024-Q1,Palpitations,False,Mild,Pharmacist,CA,18-44,1
DRG006,Celvaxin,Cardiology,2024-Q1,Angioedema,True,Critical,Physician,DE,18-44,1
DRG006,Celvaxin,Cardiology,2024-Q1,Palpitations,False,Moderate,Physician,DE,45-64,1
DRG006,Celvaxin,Cardiology,2024-Q1,Oedema,False,Serious,Other,GB,45-64,1
DRG006,Celvaxin,Cardiology,2024-Q1,Dyspnea,False,Mild,Physician,FR,65-74,1
DRG006,Celvaxin,Cardiology,2024-Q1,Renal impairment,True,Mild,Pharmacist,CA,75+,1
DRG006,Celvaxin,Cardiology,2024-Q1,Dizziness,False,Serious,Consumer,CA,75+,1
DRG006,Celvaxin,Cardiology,2024-Q1,Fatigue,False,Serious,Other,US,65-74,1
DRG006,Celvaxin,Cardiology,2024-Q1,Bradycardia,False,Mild,Pharmacist,US,65-74,1
DRG006,Celvaxin,Cardiology,2024-Q1,Fatigue,False,Mild,Consumer,US,65-74,1
DRG006,Celvaxin,Cardiology,2024-Q1,Oedema,False,Moderate,Physician,CA,65-74,1
DRG006,Celvaxin,Cardiology,2024-Q1,Hyperkalaemia,True,Critical,Physician,US,65-74,1
DRG006,Celvaxin,Cardiology,2024-Q1,Dyspnea,False,Critical,Pharmacist,US,18-44,1
DRG006,Celvaxin,Cardiology,2024-Q1,Dyspnea,False,Serious,Physician,JP,65-74,1
DRG006,Celvaxin,Cardiology,2024-Q1,Oedema,False,Moderate,Physician,GB,18-44,1
DRG006,Celvaxin,Cardiology,2024-Q1,Palpitations,False,Mild,Consumer,US,65-74,1
DRG006,Celvaxin,Cardiology,2024-Q1,Dyspnea,False,Mild,Consumer,US,45-64,1
DRG006,Celvaxin,Cardiology,2024-Q1,Renal impairment,True,Serious,Physician,JP,65-74,1
DRG006,Celvaxin,Cardiology,2024-Q1,Oedema,False,Critical,Physician,FR,45-64,1
DRG006,Celvaxin,Cardiology,2024-Q1,Hyperkalaemia,True,Critical,Physician,DE,18-44,1
DRG006,Celvaxin,Cardiology,2024-Q1,Dyspnea,False,Serious,Consumer,US,65-74,1
DRG006,Celvaxin,Cardiology,2024-Q1,Fatigue,False,Moderate,Consumer,GB,18-44,1
DRG006,Celvaxin,Cardiology,2024-Q1,Hypotension,False,Serious,Physician,FR,18-44,1
DRG006,Celvaxin,Cardiology,2024-Q1,Hyperkalaemia,True,Mild,Physician,CA,75+,1
DRG006,Celvaxin,Cardiology,2024-Q1,Bradycardia,False,Mild,Physician,US,65-74,1
DRG006,Celvaxin,Cardiology,2024-Q1,Fatigue,False,Serious,Physician,CA,45-64,1
DRG006,Celvaxin,Cardiology,2024-Q1,Renal impairment,True,Serious,Other,US,45-64,1
DRG006,Celvaxin,Cardiology,2024-Q1,Angioedema,True,Critical,Other,FR,65-74,1
DRG006,Celvaxin,Cardiology,2024-Q1,Dizziness,False,Moderate,Physician,CA,45-64,1
DRG006,Celvaxin,Cardiology,2024-Q1,Fatigue,False,Serious,Pharmacist,FR,65-74,1
DRG006,Celvaxin,Cardiology,2024-Q1,Hypotension,False,Moderate,Other,JP,45-64,1
DRG006,Celvaxin,Cardiology,2024-Q1,Hypotension,False,Critical,Pharmacist,US,75+,1
DRG006,Celvaxin,Cardiology,2024-Q1,Bradycardia,False,Critical,Physician,US,45-64,1
DRG006,Celvaxin,Cardiology,2024-Q1,Bradycardia,False,Serious,Physician,GB,65-74,1
DRG006,Celvaxin,Cardiology,2024-Q1,Hyperkalaemia,True,Moderate,Other,CA,65-74,1
DRG006,Celvaxin,Cardiology,2024-Q1,Palpitations,False,Serious,Pharmacist,US,75+,1
DRG006,Celvaxin,Cardiology,2024-Q1,Angioedema,True,Serious,Consumer,GB,65-74,1
DRG006,Celvaxin,Cardiology,2024-Q1,Bradycardia,False,Moderate,Physician,US,75+,1
DRG006,Celvaxin,Cardiology,2024-Q1,Renal impairment,True,Serious,Pharmacist,US,45-64,1
DRG006,Celvaxin,Cardiology,2024-Q1,Dyspnea,False,Critical,Physician,US,45-64,1
DRG006,Celvaxin,Cardiology,2024-Q1,Hyperkalaemia,True,Critical,Pharmacist,US,65-74,1
DRG006,Celvaxin,Cardiology,2024-Q1,Dizziness,False,Mild,Consumer,DE,65-74,1
DRG006,Celvaxin,Cardiology,2024-Q1,Oedema,False,Mild,Physician,US,65-74,1
DRG006,Celvaxin,Cardiology,2024-Q1,Oedema,False,Moderate,Consumer,JP,18-44,1
DRG006,Celvaxin,Cardiology,2024-Q1,Bradycardia,False,Serious,Pharmacist,US,45-64,1
DRG006,Celvaxin,Cardiology,2024-Q1,Hypotension,False,Serious,Physician,GB,18-44,1
DRG006,Celvaxin,Cardiology,2024-Q1,Oedema,False,Serious,Consumer,JP,65-74,1
DRG006,Celvaxin,Cardiology,2024-Q1,Palpitations,False,Mild,Consumer,GB,45-64,1
DRG006,Celvaxin,Cardiology,2024-Q1,Renal impairment,True,Serious,Consumer,CA,18-44,1
DRG006,Celvaxin,Cardiology,2024-Q1,Oedema,False,Mild,Consumer,DE,75+,1
DRG006,Celvaxin,Cardiology,2024-Q1,Palpitations,False,Mild,Physician,US,65-74,1
DRG006,Celvaxin,Cardiology,2024-Q1,Oedema,False,Serious,Physician,GB,18-44,1
DRG006,Celvaxin,Cardiology,2024-Q1,Oedema,False,Serious,Consumer,GB,45-64,1
DRG006,Celvaxin,Cardiology,2024-Q1,Angioedema,True,Critical,Consumer,US,45-64,1
DRG006,Celvaxin,Cardiology,2024-Q1,Palpitations,False,Moderate,Physician,US,45-64,1
DRG006,Celvaxin,Cardiology,2024-Q1,Angioedema,True,Serious,Consumer,GB,45-64,1
DRG006,Celvaxin,Cardiology,2024-Q1,Hypotension,False,Mild,Consumer,GB,45-64,1
DRG007,Eptifenex,Cardiology,2023-Q2,Dizziness,False,Mild,Physician,US,75+,4
DRG007,Eptifenex,Cardiology,2023-Q2,Bradycardia,False,Mild,Consumer,US,45-64,3
DRG007,Eptifenex,Cardiology,2023-Q2,Palpitations,False,Mild,Pharmacist,US,45-64,3
DRG007,Eptifenex,Cardiology,2023-Q2,Dyspnea,False,Mild,Physician,US,45-64,3
DRG007,Eptifenex,Cardiology,2023-Q2,Dyspnea,False,Mild,Consumer,US,45-64,3
DRG007,Eptifenex,Cardiology,2023-Q2,Dyspnea,False,Mild,Pharmacist,US,65-74,3
DRG007,Eptifenex,Cardiology,2023-Q2,Bradycardia,False,Moderate,Consumer,US,45-64,3
DRG007,Eptifenex,Cardiology,2023-Q2,Oedema,False,Moderate,Pharmacist,US,65-74,2
DRG007,Eptifenex,Cardiology,2023-Q2,Oedema,False,Serious,Physician,US,65-74,2
DRG007,Eptifenex,Cardiology,2023-Q2,Fatigue,False,Moderate,Pharmacist,US,65-74,2
DRG007,Eptifenex,Cardiology,2023-Q2,Fatigue,False,Mild,Physician,US,18-44,2
DRG007,Eptifenex,Cardiology,2023-Q2,Palpitations,False,Moderate,Physician,US,45-64,2
DRG007,Eptifenex,Cardiology,2023-Q2,Hypotension,False,Mild,Physician,US,18-44,2
DRG007,Eptifenex,Cardiology,2023-Q2,Hypotension,False,Critical,Pharmacist,US,65-74,2
DRG007,Eptifenex,Cardiology,2023-Q2,Fatigue,False,Mild,Consumer,US,65-74,2
DRG007,Eptifenex,Cardiology,2023-Q2,Fatigue,False,Moderate,Physician,US,65-74,2
DRG007,Eptifenex,Cardiology,2023-Q2,Oedema,False,Moderate,Physician,US,65-74,2
DRG007,Eptifenex,Cardiology,2023-Q2,Bradycardia,False,Critical,Consumer,US,65-74,2
DRG007,Eptifenex,Cardiology,2023-Q2,Hypotension,False,Mild,Pharmacist,US,65-74,2
DRG007,Eptifenex,Cardiology,2023-Q2,Bradycardia,False,Mild,Physician,US,75+,2
DRG007,Eptifenex,Cardiology,2023-Q2,Bradycardia,False,Moderate,Physician,US,65-74,2
DRG007,Eptifenex,Cardiology,2023-Q2,Bradycardia,False,Moderate,Physician,US,45-64,2
DRG007,Eptifenex,Cardiology,2023-Q2,Oedema,False,Mild,Consumer,US,45-64,2
DRG007,Eptifenex,Cardiology,2023-Q2,Hypotension,False,Mild,Physician,US,45-64,2
DRG007,Eptifenex,Cardiology,2023-Q2,Dyspnea,False,Moderate,Physician,US,18-44,2
DRG007,Eptifenex,Cardiology,2023-Q2,Dizziness,False,Moderate,Pharmacist,US,65-74,2
DRG007,Eptifenex,Cardiology,2023-Q2,Hypotension,False,Mild,Physician,US,75+,2
DRG007,Eptifenex,Cardiology,2023-Q2,Palpitations,False,Moderate,Other,US,18-44,2
DRG007,Eptifenex,Cardiology,2023-Q2,Bradycardia,False,Mild,Physician,CA,45-64,2
DRG007,Eptifenex,Cardiology,2023-Q2,Oedema,False,Moderate,Physician,US,45-64,2
DRG007,Eptifenex,Cardiology,2023-Q2,Oedema,False,Mild,Physician,US,45-64,2
DRG007,Eptifenex,Cardiology,2023-Q2,Dyspnea,False,Moderate,Pharmacist,JP,45-64,1
DRG007,Eptifenex,Cardiology,2023-Q2,Oedema,False,Serious,Physician,CA,18-44,1
DRG007,Eptifenex,Cardiology,2023-Q2,Palpitations,False,Critical,Physician,US,75+,1
DRG007,Eptifenex,Cardiology,2023-Q2,Oedema,False,Mild,Physician,JP,75+,1
DRG007,Eptifenex,Cardiology,2023-Q2,Palpitations,False,Mild,Consumer,JP,75+,1
DRG007,Eptifenex,Cardiology,2023-Q2,Dyspnea,False,Critical,Physician,US,65-74,1
DRG007,Eptifenex,Cardiology,2023-Q2,Dizziness,False,Serious,Consumer,CA,18-44,1
DRG007,Eptifenex,Cardiology,2023-Q2,Hypotension,False,Critical,Pharmacist,GB,45-64,1
DRG007,Eptifenex,Cardiology,2023-Q2,Dyspnea,False,Critical,Consumer,US,45-64,1
DRG007,Eptifenex,Cardiology,2023-Q2,Oedema,False,Serious,Consumer,US,18-44,1
DRG007,Eptifenex,Cardiology,2023-Q2,Bradycardia,False,Mild,Physician,FR,45-64,1
DRG007,Eptifenex,Cardiology,2023-Q2,Dyspnea,False,Moderate,Physician,FR,75+,1
DRG007,Eptifenex,Cardiology,2023-Q2,Hypotension,False,Mild,Consumer,US,45-64,1
DRG007,Eptifenex,Cardiology,2023-Q2,Bradycardia,False,Moderate,Consumer,DE,45-64,1
DRG007,Eptifenex,Cardiology,2023-Q2,Dizziness,False,Mild,Other,CA,45-64,1
DRG007,Eptifenex,Cardiology,2023-Q2,Dizziness,False,Mild,Other,FR,75+,1
DRG007,Eptifenex,Cardiology,2023-Q2,Palpitations,False,Critical,Physician,US,18-44,1
DRG007,Eptifenex,Cardiology,2023-Q2,Oedema,False,Mild,Pharmacist,US,45-64,1
DRG007,Eptifenex,Cardiology,2023-Q2,Oedema,False,Critical,Pharmacist,US,75+,1
DRG007,Eptifenex,Cardiology,2023-Q2,Oedema,False,Mild,Consumer,US,18-44,1
DRG007,Eptifenex,Cardiology,2023-Q2,Dizziness,False,Mild,Other,US,65-74,1
DRG007,Eptifenex,Cardiology,2023-Q2,Dyspnea,False,Critical,Pharmacist,GB,65-74,1
DRG007,Eptifenex,Cardiology,2023-Q2,Bradycardia,False,Critical,Physician,FR,18-44,1
DRG007,Eptifenex,Cardiology,2023-Q2,Oedema,False,Critical,Consumer,US,75+,1
DRG007,Eptifenex,Cardiology,2023-Q2,Dizziness,False,Mild,Physician,JP,75+,1
DRG007,Eptifenex,Cardiology,2023-Q2,Fatigue,False,Critical,Physician,JP,75+,1
DRG007,Eptifenex,Cardiology,2023-Q2,Dizziness,False,Mild,Pharmacist,US,65-74,1
DRG007,Eptifenex,Cardiology,2023-Q2,Fatigue,False,Mild,Pharmacist,US,18-44,1
DRG007,Eptifenex,Cardiology,2023-Q2,Dyspnea,False,Mild,Consumer,US,18-44,1
DRG007,Eptifenex,Cardiology,2023-Q2,Dizziness,False,Mild,Physician,US,65-74,1
DRG007,Eptifenex,Cardiology,2023-Q2,Palpitations,False,Critical,Pharmacist,US,18-44,1
DRG007,Eptifenex,Cardiology,2023-Q2,Palpitations,False,Critical,Consumer,CA,45-64,1
DRG007,Eptifenex,Cardiology,2023-Q2,Dyspnea,False,Mild,Physician,US,75+,1
DRG007,Eptifenex,Cardiology,2023-Q2,Hypotension,False,Serious,Physician,CA,18-44,1
DRG007,Eptifenex,Cardiology,2023-Q2,Fatigue,False,Moderate,Physician,US,45-64,1
DRG007,Eptifenex,Cardiology,2023-Q2,Dizziness,False,Mild,Consumer,GB,65-74,1
DRG007,Eptifenex,Cardiology,2023-Q2,Dizziness,False,Moderate,Physician,JP,18-44,1
DRG007,Eptifenex,Cardiology,2023-Q2,Oedema,False,Mild,Other,US,18-44,1
DRG007,Eptifenex,Cardiology,2023-Q2,Bradycardia,False,Mild,Physician,US,18-44,1
DRG007,Eptifenex,Cardiology,2023-Q2,Dyspnea,False,Critical,Consumer,DE,18-44,1
DRG007,Eptifenex,Cardiology,2023-Q2,Hypotension,False,Critical,Other,US,45-64,1
DRG007,Eptifenex,Cardiology,2023-Q2,Oedema,False,Moderate,Pharmacist,US,18-44,1
DRG007,Eptifenex,Cardiology,2023-Q2,Dyspnea,False,Mild,Physician,FR,65-74,1
DRG007,Eptifenex,Cardiology,2023-Q2,Dyspnea,False,Mild,Consumer,JP,45-64,1
DRG007,Eptifenex,Cardiology,2023-Q2,Dyspnea,False,Mild,Pharmacist,US,75+,1
DRG007,Eptifenex,Cardiology,2023-Q2,Bradycardia,False,Critical,Consumer,GB,65-74,1
DRG007,Eptifenex,Cardiology,2023-Q2,Oedema,False,Mild,Physician,DE,45-64,1
DRG007,Eptifenex,Cardiology,2023-Q2,Hypotension,False,Moderate,Physician,JP,45-64,1
DRG007,Eptifenex,Cardiology,2023-Q2,Hypotension,False,Moderate,Consumer,CA,18-44,1
DRG007,Eptifenex,Cardiology,2023-Q2,Oedema,False,Moderate,Consumer,US,18-44,1
DRG007,Eptifenex,Cardiology,2023-Q2,Fatigue,False,Moderate,Consumer,US,45-64,1
DRG007,Eptifenex,Cardiology,2023-Q2,Bradycardia,False,Serious,Pharmacist,DE,75+,1
DRG007,Eptifenex,Cardiology,2023-Q2,Oedema,False,Moderate,Physician,DE,18-44,1
DRG007,Eptifenex,Cardiology,2023-Q2,Palpitations,False,Mild,Consumer,DE,45-64,1
DRG007,Eptifenex,Cardiology,2023-Q2,Oedema,False,Serious,Physician,DE,45-64,1
DRG007,Eptifenex,Cardiology,2023-Q2,Oedema,False,Mild,Physician,GB,65-74,1
DRG007,Eptifenex,Cardiology,2023-Q2,Palpitations,False,Mild,Other,CA,45-64,1
DRG007,Eptifenex,Cardiology,2023-Q2,Bradycardia,False,Critical,Physician,CA,45-64,1
DRG007,Eptifenex,Cardiology,2023-Q2,Dyspnea,False,Moderate,Other,DE,75+,1
DRG007,Eptifenex,Cardiology,2023-Q2,Palpitations,False,Mild,Consumer,US,45-64,1
DRG007,Eptifenex,Cardiology,2023-Q2,Hypotension,False,Serious,Physician,US,45-64,1
DRG007,Eptifenex,Cardiology,2023-Q2,Dizziness,False,Mild,Other,US,45-64,1
DRG007,Eptifenex,Cardiology,2023-Q2,Hypotension,False,Moderate,Physician,FR,45-64,1
DRG007,Eptifenex,Cardiology,2023-Q2,Dizziness,False,Moderate,Other,DE,75+,1
DRG007,Eptifenex,Cardiology,2023-Q2,Dizziness,False,Mild,Pharmacist,DE,18-44,1
DRG007,Eptifenex,Cardiology,2023-Q2,Fatigue,False,Moderate,Physician,FR,45-64,1
DRG007,Eptifenex,Cardiology,2023-Q2,Dyspnea,False,Critical,Pharmacist,US,65-74,1
DRG007,Eptifenex,Cardiology,2023-Q2,Dizziness,False,Moderate,Pharmacist,US,18-44,1
DRG007,Eptifenex,Cardiology,2023-Q2,Dizziness,False,Moderate,Consumer,FR,65-74,1
DRG007,Eptifenex,Cardiology,2023-Q2,Hypotension,False,Moderate,Physician,GB,45-64,1
DRG007,Eptifenex,Cardiology,2023-Q2,Oedema,False,Critical,Consumer,US,65-74,1
DRG007,Eptifenex,Cardiology,2023-Q2,Fatigue,False,Mild,Physician,US,45-64,1
DRG007,Eptifenex,Cardiology,2023-Q2,Oedema,False,Mild,Consumer,DE,45-64,1
DRG007,Eptifenex,Cardiology,2023-Q2,Dizziness,False,Critical,Physician,US,18-44,1
DRG007,Eptifenex,Cardiology,2023-Q2,Dyspnea,False,Critical,Pharmacist,US,18-44,1
DRG007,Eptifenex,Cardiology,2023-Q2,Hypotension,False,Moderate,Consumer,DE,45-64,1
DRG007,Eptifenex,Cardiology,2023-Q2,Oedema,False,Critical,Physician,JP,45-64,1
DRG007,Eptifenex,Cardiology,2023-Q2,Hypotension,False,Mild,Other,US,18-44,1
DRG007,Eptifenex,Cardiology,2023-Q2,Dizziness,False,Moderate,Other,US,45-64,1
DRG007,Eptifenex,Cardiology,2023-Q2,Fatigue,False,Serious,Physician,DE,45-64,1
DRG007,Eptifenex,Cardiology,2023-Q2,Dizziness,False,Mild,Consumer,CA,45-64,1
DRG007,Eptifenex,Cardiology,2023-Q2,Oedema,False,Serious,Pharmacist,US,45-64,1
DRG007,Eptifenex,Cardiology,2023-Q2,Dizziness,False,Critical,Pharmacist,US,18-44,1
DRG007,Eptifenex,Cardiology,2023-Q2,Dizziness,False,Critical,Pharmacist,FR,45-64,1
DRG007,Eptifenex,Cardiology,2023-Q2,Hypotension,False,Moderate,Physician,CA,18-44,1
DRG007,Eptifenex,Cardiology,2023-Q2,Fatigue,False,Moderate,Consumer,US,65-74,1
DRG007,Eptifenex,Cardiology,2023-Q2,Fatigue,False,Moderate,Consumer,US,75+,1
DRG007,Eptifenex,Cardiology,2023-Q2,Palpitations,False,Mild,Consumer,US,65-74,1
DRG007,Eptifenex,Cardiology,2023-Q2,Fatigue,False,Mild,Pharmacist,FR,18-44,1
DRG007,Eptifenex,Cardiology,2023-Q2,Dyspnea,False,Mild,Consumer,US,65-74,1
DRG007,Eptifenex,Cardiology,2023-Q2,Oedema,False,Critical,Consumer,CA,65-74,1
DRG007,Eptifenex,Cardiology,2023-Q2,Dyspnea,False,Mild,Physician,US,18-44,1
DRG007,Eptifenex,Cardiology,2023-Q2,Fatigue,False,Serious,Physician,GB,75+,1
DRG007,Eptifenex,Cardiology,2023-Q2,Bradycardia,False,Critical,Physician,US,18-44,1
DRG007,Eptifenex,Cardiology,2023-Q2,Hypotension,False,Mild,Physician,GB,45-64,1
DRG007,Eptifenex,Cardiology,2023-Q2,Bradycardia,False,Mild,Pharmacist,US,65-74,1
DRG007,Eptifenex,Cardiology,2023-Q2,Oedema,False,Critical,Physician,FR,45-64,1
DRG007,Eptifenex,Cardiology,2023-Q2,Fatigue,False,Mild,Physician,GB,65-74,1
DRG007,Eptifenex,Cardiology,2023-Q2,Oedema,False,Mild,Physician,US,18-44,1
DRG007,Eptifenex,Cardiology,2023-Q2,Dyspnea,False,Moderate,Physician,US,45-64,1
DRG007,Eptifenex,Cardiology,2023-Q2,Dyspnea,False,Moderate,Consumer,US,65-74,1
DRG007,Eptifenex,Cardiology,2023-Q2,Palpitations,False,Mild,Pharmacist,CA,65-74,1
DRG007,Eptifenex,Cardiology,2023-Q2,Bradycardia,False,Serious,Physician,US,45-64,1
DRG007,Eptifenex,Cardiology,2023-Q2,Fatigue,False,Moderate,Physician,US,18-44,1
DRG007,Eptifenex,Cardiology,2023-Q2,Hypotension,False,Mild,Physician,US,65-74,1
DRG007,Eptifenex,Cardiology,2023-Q2,Fatigue,False,Moderate,Other,CA,45-64,1
DRG007,Eptifenex,Cardiology,2023-Q2,Fatigue,False,Mild,Other,US,18-44,1
DRG007,Eptifenex,Cardiology,2023-Q2,Fatigue,False,Moderate,Physician,GB,18-44,1
DRG007,Eptifenex,Cardiology,2023-Q2,Bradycardia,False,Mild,Physician,DE,45-64,1
DRG007,Eptifenex,Cardiology,2023-Q2,Dyspnea,False,Moderate,Pharmacist,US,18-44,1
DRG007,Eptifenex,Cardiology,2023-Q2,Fatigue,False,Mild,Consumer,GB,45-64,1
DRG007,Eptifenex,Cardiology,2023-Q2,Oedema,False,Moderate,Consumer,DE,45-64,1
DRG007,Eptifenex,Cardiology,2023-Q2,Dizziness,False,Moderate,Consumer,US,65-74,1
DRG007,Eptifenex,Cardiology,2023-Q2,Palpitations,False,Moderate,Consumer,GB,75+,1
DRG007,Eptifenex,Cardiology,2023-Q2,Dyspnea,False,Mild,Consumer,DE,45-64,1
DRG007,Eptifenex,Cardiology,2023-Q2,Dyspnea,False,Moderate,Other,US,18-44,1
DRG007,Eptifenex,Cardiology,2023-Q2,Bradycardia,False,Moderate,Other,JP,18-44,1
DRG007,Eptifenex,Cardiology,2023-Q2,Oedema,False,Critical,Physician,US,45-64,1
DRG007,Eptifenex,Cardiology,2023-Q2,Dizziness,False,Moderate,Other,DE,45-64,1
DRG007,Eptifenex,Cardiology,2023-Q2,Fatigue,False,Mild,Pharmacist,FR,75+,1
DRG007,Eptifenex,Cardiology,2023-Q2,Bradycardia,False,Moderate,Consumer,US,65-74,1
DRG007,Eptifenex,Cardiology,2023-Q2,Oedema,False,Moderate,Pharmacist,JP,45-64,1
DRG007,Eptifenex,Cardiology,2023-Q2,Dizziness,False,Serious,Other,US,65-74,1
DRG007,Eptifenex,Cardiology,2023-Q2,Palpitations,False,Mild,Physician,US,45-64,1
DRG007,Eptifenex,Cardiology,2023-Q2,Fatigue,False,Mild,Physician,GB,45-64,1
DRG007,Eptifenex,Cardiology,2023-Q2,Dizziness,False,Mild,Other,FR,65-74,1
DRG007,Eptifenex,Cardiology,2023-Q2,Palpitations,False,Moderate,Physician,GB,65-74,1
DRG007,Eptifenex,Cardiology,2023-Q2,Bradycardia,False,Mild,Consumer,DE,65-74,1
DRG007,Eptifenex,Cardiology,2023-Q2,Bradycardia,False,Moderate,Physician,US,18-44,1
DRG007,Eptifenex,Cardiology,2023-Q2,Oedema,False,Moderate,Physician,US,18-44,1
DRG007,Eptifenex,Cardiology,2023-Q2,Dyspnea,False,Mild,Pharmacist,JP,65-74,1
DRG007,Eptifenex,Cardiology,2023-Q2,Oedema,False,Mild,Consumer,US,75+,1
DRG007,Eptifenex,Cardiology,2023-Q2,Dizziness,False,Critical,Physician,US,75+,1
DRG007,Eptifenex,Cardiology,2023-Q2,Fatigue,False,Serious,Pharmacist,US,75+,1
DRG007,Eptifenex,Cardiology,2023-Q2,Bradycardia,False,Moderate,Physician,FR,18-44,1
DRG007,Eptifenex,Cardiology,2023-Q2,Palpitations,False,Serious,Physician,US,65-74,1
DRG007,Eptifenex,Cardiology,2023-Q2,Oedema,False,Serious,Physician,DE,65-74,1
DRG007,Eptifenex,Cardiology,2023-Q2,Dizziness,False,Mild,Consumer,JP,65-74,1
DRG007,Eptifenex,Cardiology,2023-Q2,Hypotension,False,Moderate,Physician,US,65-74,1
DRG007,Eptifenex,Cardiology,2023-Q2,Dyspnea,False,Serious,Physician,JP,45-64,1
DRG007,Eptifenex,Cardiology,2023-Q2,Dyspnea,False,Moderate,Consumer,US,18-44,1
DRG007,Eptifenex,Cardiology,2023-Q2,Dyspnea,False,Critical,Consumer,DE,45-64,1
DRG007,Eptifenex,Cardiology,2023-Q2,Fatigue,False,Mild,Physician,DE,45-64,1
DRG007,Eptifenex,Cardiology,2023-Q2,Dizziness,False,Serious,Consumer,GB,18-44,1
DRG007,Eptifenex,Cardiology,2023-Q2,Dizziness,False,Mild,Physician,FR,75+,1
DRG007,Eptifenex,Cardiology,2023-Q2,Dizziness,False,Critical,Physician,GB,45-64,1
DRG007,Eptifenex,Cardiology,2023-Q2,Bradycardia,False,Mild,Consumer,FR,45-64,1
DRG007,Eptifenex,Cardiology,2023-Q2,Dizziness,False,Moderate,Consumer,CA,18-44,1
DRG007,Eptifenex,Cardiology,2023-Q2,Dizziness,False,Mild,Consumer,US,45-64,1
DRG007,Eptifenex,Cardiology,2023-Q2,Hypotension,False,Moderate,Physician,DE,18-44,1
DRG007,Eptifenex,Cardiology,2023-Q2,Palpitations,False,Moderate,Consumer,US,18-44,1
DRG007,Eptifenex,Cardiology,2023-Q2,Bradycardia,False,Serious,Physician,GB,45-64,1
DRG007,Eptifenex,Cardiology,2023-Q2,Palpitations,False,Moderate,Physician,US,65-74,1
DRG007,Eptifenex,Cardiology,2023-Q2,Dyspnea,False,Moderate,Physician,JP,45-64,1
DRG007,Eptifenex,Cardiology,2023-Q2,Oedema,False,Moderate,Consumer,US,75+,1
DRG007,Eptifenex,Cardiology,2023-Q2,Fatigue,False,Moderate,Other,DE,18-44,1
DRG007,Eptifenex,Cardiology,2023-Q2,Dizziness,False,Critical,Consumer,US,45-64,1
DRG007,Eptifenex,Cardiology,2023-Q2,Dyspnea,False,Moderate,Physician,DE,65-74,1
DRG007,Eptifenex,Cardiology,2023-Q2,Dizziness,False,Critical,Consumer,DE,45-64,1
DRG007,Eptifenex,Cardiology,2023-Q2,Palpitations,False,Moderate,Consumer,FR,18-44,1
DRG007,Eptifenex,Cardiology,2023-Q2,Bradycardia,False,Serious,Pharmacist,CA,65-74,1
DRG007,Eptifenex,Cardiology,2023-Q2,Oedema,False,Mild,Pharmacist,CA,75+,1
DRG007,Eptifenex,Cardiology,2023-Q2,Hypotension,False,Serious,Consumer,JP,65-74,1
DRG007,Eptifenex,Cardiology,2023-Q2,Hypotension,False,Mild,Pharmacist,GB,65-74,1
DRG007,Eptifenex,Cardiology,2023-Q2,Dizziness,False,Serious,Consumer,CA,65-74,1
DRG007,Eptifenex,Cardiology,2023-Q2,Hypotension,False,Moderate,Other,JP,75+,1
DRG007,Eptifenex,Cardiology,2023-Q2,Fatigue,False,Serious,Physician,US,45-64,1
DRG007,Eptifenex,Cardiology,2023-Q2,Fatigue,False,Mild,Consumer,DE,18-44,1
DRG007,Eptifenex,Cardiology,2023-Q2,Dizziness,False,Serious,Pharmacist,DE,45-64,1
DRG007,Eptifenex,Cardiology,2023-Q2,Dyspnea,False,Serious,Physician,US,65-74,1
DRG007,Eptifenex,Cardiology,2023-Q2,Dizziness,False,Critical,Other,US,65-74,1
DRG007,Eptifenex,Cardiology,2023-Q2,Dizziness,False,Critical,Physician,DE,45-64,1
DRG007,Eptifenex,Cardiology,2023-Q2,Dyspnea,False,Mild,Physician,US,65-74,1
DRG007,Eptifenex,Cardiology,2023-Q2,Dyspnea,False,Critical,Physician,US,18-44,1
DRG007,Eptifenex,Cardiology,2023-Q2,Fatigue,False,Mild,Physician,US,75+,1
DRG007,Eptifenex,Cardiology,2023-Q2,Bradycardia,False,Moderate,Physician,GB,65-74,1
DRG007,Eptifenex,Cardiology,2023-Q2,Fatigue,False,Moderate,Physician,FR,75+,1
DRG007,Eptifenex,Cardiology,2023-Q2,Dizziness,False,Moderate,Consumer,US,45-64,1
DRG007,Eptifenex,Cardiology,2023-Q2,Hypotension,False,Serious,Consumer,JP,45-64,1
DRG007,Eptifenex,Cardiology,2023-Q2,Dyspnea,False,Moderate,Other,US,45-64,1
DRG007,Eptifenex,Cardiology,2023-Q2,Hypotension,False,Moderate,Consumer,US,18-44,1
DRG007,Eptifenex,Cardiology,2023-Q2,Dyspnea,False,Critical,Consumer,JP,45-64,1
DRG007,Eptifenex,Cardiology,2023-Q2,Palpitations,False,Moderate,Physician,FR,65-74,1
DRG007,Eptifenex,Cardiology,2023-Q2,Hypotension,False,Mild,Physician,JP,45-64,1
DRG007,Eptifenex,Cardiology,2023-Q2,Oedema,False,Mild,Physician,DE,65-74,1
DRG007,Eptifenex,Cardiology,2023-Q3,Dizziness,False,Moderate,Physician,US,65-74,4
DRG007,Eptifenex,Cardiology,2023-Q3,Bradycardia,False,Mild,Physician,US,65-74,3
DRG007,Eptifenex,Cardiology,2023-Q3,Palpitations,False,Mild,Physician,DE,45-64,3
DRG007,Eptifenex,Cardiology,2023-Q3,Palpitations,False,Mild,Consumer,US,45-64,3
DRG007,Eptifenex,Cardiology,2023-Q3,Fatigue,False,Mild,Consumer,US,45-64,3
DRG007,Eptifenex,Cardiology,2023-Q3,Bradycardia,False,Moderate,Physician,US,45-64,3
DRG007,Eptifenex,Cardiology,2023-Q3,Dyspnea,False,Critical,Physician,US,45-64,2
DRG007,Eptifenex,Cardiology,2023-Q3,Oedema,False,Moderate,Consumer,US,45-64,2
DRG007,Eptifenex,Cardiology,2023-Q3,Oedema,False,Mild,Other,US,65-74,2
DRG007,Eptifenex,Cardiology,2023-Q3,Palpitations,False,Mild,Physician,US,45-64,2
DRG007,Eptifenex,Cardiology,2023-Q3,Fatigue,False,Serious,Consumer,US,18-44,2
DRG007,Eptifenex,Cardiology,2023-Q3,Oedema,False,Mild,Pharmacist,US,45-64,2
DRG007,Eptifenex,Cardiology,2023-Q3,Bradycardia,False,Mild,Physician,FR,65-74,2
DRG007,Eptifenex,Cardiology,2023-Q3,Bradycardia,False,Mild,Physician,US,45-64,2
DRG007,Eptifenex,Cardiology,2023-Q3,Dyspnea,False,Mild,Physician,JP,45-64,2
DRG007,Eptifenex,Cardiology,2023-Q3,Hypotension,False,Mild,Physician,US,65-74,2
DRG007,Eptifenex,Cardiology,2023-Q3,Hypotension,False,Mild,Other,US,65-74,2
DRG007,Eptifenex,Cardiology,2023-Q3,Fatigue,False,Mild,Physician,US,45-64,2
DRG007,Eptifenex,Cardiology,2023-Q3,Dizziness,False,Serious,Consumer,US,65-74,2
DRG007,Eptifenex,Cardiology,2023-Q3,Palpitations,False,Mild,Physician,US,65-74,2
DRG007,Eptifenex,Cardiology,2023-Q3,Bradycardia,False,Mild,Physician,US,18-44,2
DRG007,Eptifenex,Cardiology,2023-Q3,Fatigue,False,Mild,Consumer,FR,45-64,2
DRG007,Eptifenex,Cardiology,2023-Q3,Dyspnea,False,Mild,Physician,US,75+,2
DRG007,Eptifenex,Cardiology,2023-Q3,Palpitations,False,Moderate,Physician,US,45-64,2
DRG007,Eptifenex,Cardiology,2023-Q3,Dizziness,False,Mild,Physician,CA,65-74,2
DRG007,Eptifenex,Cardiology,2023-Q3,Fatigue,False,Mild,Physician,US,65-74,2
DRG007,Eptifenex,Cardiology,2023-Q3,Bradycardia,False,Mild,Physician,GB,65-74,2
DRG007,Eptifenex,Cardiology,2023-Q3,Bradycardia,False,Mild,Consumer,US,65-74,2
DRG007,Eptifenex,Cardiology,2023-Q3,Palpitations,False,Moderate,Physician,US,18-44,1
DRG007,Eptifenex,Cardiology,2023-Q3,Fatigue,False,Moderate,Pharmacist,DE,45-64,1
DRG007,Eptifenex,Cardiology,2023-Q3,Oedema,False,Mild,Physician,CA,75+,1
DRG007,Eptifenex,Cardiology,2023-Q3,Fatigue,False,Serious,Pharmacist,US,18-44,1
DRG007,Eptifenex,Cardiology,2023-Q3,Oedema,False,Serious,Other,US,45-64,1
DRG007,Eptifenex,Cardiology,2023-Q3,Dyspnea,False,Mild,Consumer,US,45-64,1
DRG007,Eptifenex,Cardiology,2023-Q3,Dizziness,False,Mild,Physician,FR,65-74,1
DRG007,Eptifenex,Cardiology,2023-Q3,Dizziness,False,Mild,Pharmacist,FR,18-44,1
DRG007,Eptifenex,Cardiology,2023-Q3,Bradycardia,False,Mild,Physician,US,75+,1
DRG007,Eptifenex,Cardiology,2023-Q3,Fatigue,False,Moderate,Physician,US,65-74,1
DRG007,Eptifenex,Cardiology,2023-Q3,Fatigue,False,Mild,Consumer,US,18-44,1
DRG007,Eptifenex,Cardiology,2023-Q3,Oedema,False,Serious,Physician,US,65-74,1
DRG007,Eptifenex,Cardiology,2023-Q3,Oedema,False,Moderate,Other,US,65-74,1
DRG007,Eptifenex,Cardiology,2023-Q3,Fatigue,False,Critical,Physician,US,65-74,1
DRG007,Eptifenex,Cardiology,2023-Q3,Bradycardia,False,Mild,Other,DE,65-74,1
DRG007,Eptifenex,Cardiology,2023-Q3,Bradycardia,False,Serious,Physician,CA,65-74,1
DRG007,Eptifenex,Cardiology,2023-Q3,Fatigue,False,Moderate,Consumer,DE,45-64,1
DRG007,Eptifenex,Cardiology,2023-Q3,Dizziness,False,Moderate,Consumer,DE,75+,1
DRG007,Eptifenex,Cardiology,2023-Q3,Bradycardia,False,Serious,Physician,DE,45-64,1
DRG007,Eptifenex,Cardiology,2023-Q3,Bradycardia,False,Mild,Physician,DE,18-44,1
DRG007,Eptifenex,Cardiology,2023-Q3,Palpitations,False,Serious,Consumer,US,75+,1
DRG007,Eptifenex,Cardiology,2023-Q3,Hypotension,False,Mild,Pharmacist,US,45-64,1
DRG007,Eptifenex,Cardiology,2023-Q3,Dizziness,False,Mild,Pharmacist,GB,45-64,1
DRG007,Eptifenex,Cardiology,2023-Q3,Palpitations,False,Mild,Consumer,US,65-74,1
DRG007,Eptifenex,Cardiology,2023-Q3,Palpitations,False,Mild,Pharmacist,US,45-64,1
DRG007,Eptifenex,Cardiology,2023-Q3,Hypotension,False,Mild,Consumer,JP,45-64,1
DRG007,Eptifenex,Cardiology,2023-Q3,Oedema,False,Critical,Physician,US,75+,1
DRG007,Eptifenex,Cardiology,2023-Q3,Bradycardia,False,Moderate,Pharmacist,US,65-74,1
DRG007,Eptifenex,Cardiology,2023-Q3,Fatigue,False,Mild,Consumer,US,65-74,1
DRG007,Eptifenex,Cardiology,2023-Q3,Hypotension,False,Moderate,Other,DE,45-64,1
DRG007,Eptifenex,Cardiology,2023-Q3,Bradycardia,False,Critical,Pharmacist,CA,45-64,1
DRG007,Eptifenex,Cardiology,2023-Q3,Hypotension,False,Critical,Consumer,US,75+,1
DRG007,Eptifenex,Cardiology,2023-Q3,Dizziness,False,Critical,Physician,DE,65-74,1
DRG007,Eptifenex,Cardiology,2023-Q3,Hypotension,False,Serious,Physician,US,45-64,1
DRG007,Eptifenex,Cardiology,2023-Q3,Bradycardia,False,Mild,Pharmacist,US,18-44,1
DRG007,Eptifenex,Cardiology,2023-Q3,Oedema,False,Critical,Other,US,45-64,1
DRG007,Eptifenex,Cardiology,2023-Q3,Dizziness,False,Moderate,Other,US,65-74,1
DRG007,Eptifenex,Cardiology,2023-Q3,Palpitations,False,Mild,Physician,CA,65-74,1
DRG007,Eptifenex,Cardiology,2023-Q3,Hypotension,False,Critical,Other,US,18-44,1
DRG007,Eptifenex,Cardiology,2023-Q3,Dizziness,False,Moderate,Consumer,US,75+,1
DRG007,Eptifenex,Cardiology,2023-Q3,Oedema,False,Mild,Pharmacist,GB,45-64,1
DRG007,Eptifenex,Cardiology,2023-Q3,Bradycardia,False,Critical,Pharmacist,US,65-74,1
DRG007,Eptifenex,Cardiology,2023-Q3,Dyspnea,False,Moderate,Physician,CA,65-74,1
DRG007,Eptifenex,Cardiology,2023-Q3,Bradycardia,False,Moderate,Other,FR,18-44,1
DRG007,Eptifenex,Cardiology,2023-Q3,Bradycardia,False,Critical,Consumer,GB,45-64,1
DRG007,Eptifenex,Cardiology,2023-Q3,Dizziness,False,Mild,Pharmacist,JP,65-74,1
DRG007,Eptifenex,Cardiology,2023-Q3,Dyspnea,False,Serious,Physician,DE,65-74,1
DRG007,Eptifenex,Cardiology,2023-Q3,Palpitations,False,Moderate,Consumer,FR,45-64,1
DRG007,Eptifenex,Cardiology,2023-Q3,Hypotension,False,Critical,Pharmacist,GB,45-64,1
DRG007,Eptifenex,Cardiology,2023-Q3,Fatigue,False,Moderate,Consumer,FR,18-44,1
DRG007,Eptifenex,Cardiology,2023-Q3,Dizziness,False,Moderate,Physician,US,45-64,1
DRG007,Eptifenex,Cardiology,2023-Q3,Oedema,False,Moderate,Pharmacist,US,75+,1
DRG007,Eptifenex,Cardiology,2023-Q3,Oedema,False,Critical,Other,US,18-44,1
DRG007,Eptifenex,Cardiology,2023-Q3,Dizziness,False,Mild,Consumer,US,45-64,1
DRG007,Eptifenex,Cardiology,2023-Q3,Oedema,False,Mild,Pharmacist,CA,18-44,1
DRG007,Eptifenex,Cardiology,2023-Q3,Bradycardia,False,Critical,Pharmacist,CA,75+,1
DRG007,Eptifenex,Cardiology,2023-Q3,Dizziness,False,Mild,Pharmacist,US,18-44,1
DRG007,Eptifenex,Cardiology,2023-Q3,Hypotension,False,Moderate,Consumer,CA,65-74,1
DRG007,Eptifenex,Cardiology,2023-Q3,Dyspnea,False,Moderate,Consumer,US,45-64,1
DRG007,Eptifenex,Cardiology,2023-Q3,Fatigue,False,Mild,Pharmacist,US,65-74,1
DRG007,Eptifenex,Cardiology,2023-Q3,Dizziness,False,Mild,Physician,CA,75+,1
DRG007,Eptifenex,Cardiology,2023-Q3,Oedema,False,Mild,Physician,CA,45-64,1
DRG007,Eptifenex,Cardiology,2023-Q3,Dizziness,False,Critical,Other,CA,75+,1
DRG007,Eptifenex,Cardiology,2023-Q3,Palpitations,False,Mild,Pharmacist,GB,18-44,1
DRG007,Eptifenex,Cardiology,2023-Q3,Oedema,False,Critical,Physician,CA,45-64,1
DRG007,Eptifenex,Cardiology,2023-Q3,Dyspnea,False,Critical,Physician,GB,18-44,1
DRG007,Eptifenex,Cardiology,2023-Q3,Palpitations,False,Moderate,Consumer,US,65-74,1
DRG007,Eptifenex,Cardiology,2023-Q3,Oedema,False,Moderate,Physician,US,65-74,1
DRG007,Eptifenex,Cardiology,2023-Q3,Dyspnea,False,Mild,Physician,GB,65-74,1
DRG007,Eptifenex,Cardiology,2023-Q3,Palpitations,False,Moderate,Physician,US,75+,1
DRG007,Eptifenex,Cardiology,2023-Q3,Dyspnea,False,Moderate,Consumer,JP,45-64,1
DRG007,Eptifenex,Cardiology,2023-Q3,Dizziness,False,Serious,Consumer,US,45-64,1
DRG007,Eptifenex,Cardiology,2023-Q3,Palpitations,False,Mild,Pharmacist,CA,45-64,1
DRG007,Eptifenex,Cardiology,2023-Q3,Bradycardia,False,Mild,Physician,JP,65-74,1
DRG007,Eptifenex,Cardiology,2023-Q3,Dizziness,False,Moderate,Physician,JP,65-74,1
DRG007,Eptifenex,Cardiology,2023-Q3,Hypotension,False,Moderate,Pharmacist,FR,45-64,1
DRG007,Eptifenex,Cardiology,2023-Q3,Fatigue,False,Moderate,Other,DE,65-74,1
DRG007,Eptifenex,Cardiology,2023-Q3,Hypotension,False,Moderate,Other,US,65-74,1
DRG007,Eptifenex,Cardiology,2023-Q3,Fatigue,False,Moderate,Physician,DE,75+,1
DRG007,Eptifenex,Cardiology,2023-Q3,Oedema,False,Mild,Consumer,GB,65-74,1
DRG007,Eptifenex,Cardiology,2023-Q3,Hypotension,False,Mild,Physician,US,18-44,1
DRG007,Eptifenex,Cardiology,2023-Q3,Hypotension,False,Serious,Physician,US,75+,1
DRG007,Eptifenex,Cardiology,2023-Q3,Palpitations,False,Moderate,Physician,CA,45-64,1
DRG007,Eptifenex,Cardiology,2023-Q3,Dyspnea,False,Moderate,Consumer,US,75+,1
DRG007,Eptifenex,Cardiology,2023-Q3,Dizziness,False,Mild,Physician,JP,18-44,1
DRG007,Eptifenex,Cardiology,2023-Q3,Fatigue,False,Critical,Physician,GB,45-64,1
DRG007,Eptifenex,Cardiology,2023-Q3,Dyspnea,False,Moderate,Physician,GB,75+,1
DRG007,Eptifenex,Cardiology,2023-Q3,Fatigue,False,Moderate,Consumer,FR,65-74,1
DRG007,Eptifenex,Cardiology,2023-Q3,Palpitations,False,Mild,Pharmacist,FR,65-74,1
DRG007,Eptifenex,Cardiology,2023-Q3,Dyspnea,False,Moderate,Physician,US,75+,1
DRG007,Eptifenex,Cardiology,2023-Q3,Dizziness,False,Serious,Physician,US,45-64,1
DRG007,Eptifenex,Cardiology,2023-Q3,Fatigue,False,Mild,Pharmacist,JP,65-74,1
DRG007,Eptifenex,Cardiology,2023-Q3,Dyspnea,False,Moderate,Physician,JP,75+,1
DRG007,Eptifenex,Cardiology,2023-Q3,Palpitations,False,Serious,Other,US,45-64,1
DRG007,Eptifenex,Cardiology,2023-Q3,Dyspnea,False,Mild,Physician,US,45-64,1
DRG007,Eptifenex,Cardiology,2023-Q3,Bradycardia,False,Moderate,Pharmacist,GB,45-64,1
DRG007,Eptifenex,Cardiology,2023-Q3,Dizziness,False,Mild,Physician,JP,75+,1
DRG007,Eptifenex,Cardiology,2023-Q3,Oedema,False,Mild,Consumer,GB,75+,1
DRG007,Eptifenex,Cardiology,2023-Q3,Palpitations,False,Mild,Physician,DE,18-44,1
DRG007,Eptifenex,Cardiology,2023-Q3,Oedema,False,Moderate,Other,US,45-64,1
DRG007,Eptifenex,Cardiology,2023-Q3,Bradycardia,False,Critical,Consumer,US,18-44,1
DRG007,Eptifenex,Cardiology,2023-Q3,Hypotension,False,Moderate,Physician,US,45-64,1
DRG007,Eptifenex,Cardiology,2023-Q3,Fatigue,False,Moderate,Physician,FR,45-64,1
DRG007,Eptifenex,Cardiology,2023-Q3,Palpitations,False,Mild,Consumer,US,75+,1
DRG007,Eptifenex,Cardiology,2023-Q3,Fatigue,False,Mild,Other,CA,65-74,1
DRG007,Eptifenex,Cardiology,2023-Q3,Oedema,False,Moderate,Physician,CA,65-74,1
DRG007,Eptifenex,Cardiology,2023-Q3,Dizziness,False,Mild,Physician,US,45-64,1
DRG007,Eptifenex,Cardiology,2023-Q3,Fatigue,False,Mild,Physician,GB,65-74,1
DRG007,Eptifenex,Cardiology,2023-Q3,Dyspnea,False,Serious,Physician,US,65-74,1
DRG007,Eptifenex,Cardiology,2023-Q3,Bradycardia,False,Critical,Consumer,GB,18-44,1
DRG007,Eptifenex,Cardiology,2023-Q3,Fatigue,False,Mild,Pharmacist,JP,18-44,1
DRG007,Eptifenex,Cardiology,2023-Q3,Dyspnea,False,Moderate,Pharmacist,US,45-64,1
DRG007,Eptifenex,Cardiology,2023-Q3,Palpitations,False,Mild,Physician,GB,75+,1
DRG007,Eptifenex,Cardiology,2023-Q3,Dizziness,False,Mild,Physician,FR,45-64,1
DRG007,Eptifenex,Cardiology,2023-Q3,Palpitations,False,Serious,Consumer,JP,18-44,1
DRG007,Eptifenex,Cardiology,2023-Q3,Oedema,False,Moderate,Physician,DE,45-64,1
DRG007,Eptifenex,Cardiology,2023-Q3,Fatigue,False,Serious,Physician,US,45-64,1
DRG007,Eptifenex,Cardiology,2023-Q3,Fatigue,False,Mild,Other,US,45-64,1
DRG007,Eptifenex,Cardiology,2023-Q3,Palpitations,False,Mild,Consumer,DE,45-64,1
DRG007,Eptifenex,Cardiology,2023-Q3,Palpitations,False,Mild,Consumer,GB,65-74,1
DRG007,Eptifenex,Cardiology,2023-Q3,Fatigue,False,Mild,Physician,JP,65-74,1
DRG007,Eptifenex,Cardiology,2023-Q3,Hypotension,False,Mild,Consumer,US,75+,1
DRG007,Eptifenex,Cardiology,2023-Q3,Dizziness,False,Serious,Consumer,US,18-44,1
DRG007,Eptifenex,Cardiology,2023-Q3,Hypotension,False,Serious,Consumer,US,45-64,1
DRG007,Eptifenex,Cardiology,2023-Q3,Bradycardia,False,Critical,Physician,DE,65-74,1
DRG007,Eptifenex,Cardiology,2023-Q3,Dyspnea,False,Serious,Consumer,US,65-74,1
DRG007,Eptifenex,Cardiology,2023-Q3,Oedema,False,Critical,Consumer,GB,45-64,1
DRG007,Eptifenex,Cardiology,2023-Q3,Bradycardia,False,Serious,Physician,CA,18-44,1
DRG007,Eptifenex,Cardiology,2023-Q3,Fatigue,False,Moderate,Consumer,CA,18-44,1
DRG007,Eptifenex,Cardiology,2023-Q3,Bradycardia,False,Critical,Other,US,45-64,1
DRG007,Eptifenex,Cardiology,2023-Q3,Palpitations,False,Serious,Pharmacist,US,45-64,1
DRG007,Eptifenex,Cardiology,2023-Q3,Dizziness,False,Mild,Physician,GB,18-44,1
DRG007,Eptifenex,Cardiology,2023-Q3,Oedema,False,Mild,Physician,DE,45-64,1
DRG007,Eptifenex,Cardiology,2023-Q3,Bradycardia,False,Moderate,Physician,DE,65-74,1
DRG007,Eptifenex,Cardiology,2023-Q3,Fatigue,False,Mild,Consumer,JP,18-44,1
DRG007,Eptifenex,Cardiology,2023-Q3,Dizziness,False,Moderate,Consumer,DE,45-64,1
DRG007,Eptifenex,Cardiology,2023-Q3,Dizziness,False,Moderate,Pharmacist,FR,45-64,1
DRG007,Eptifenex,Cardiology,2023-Q3,Hypotension,False,Mild,Consumer,US,65-74,1
DRG007,Eptifenex,Cardiology,2023-Q3,Fatigue,False,Serious,Physician,US,75+,1
DRG007,Eptifenex,Cardiology,2023-Q3,Palpitations,False,Mild,Physician,US,18-44,1
DRG007,Eptifenex,Cardiology,2023-Q3,Oedema,False,Moderate,Consumer,US,65-74,1
DRG007,Eptifenex,Cardiology,2023-Q3,Dizziness,False,Moderate,Consumer,US,45-64,1
DRG007,Eptifenex,Cardiology,2023-Q3,Palpitations,False,Moderate,Consumer,FR,75+,1
DRG007,Eptifenex,Cardiology,2023-Q3,Dyspnea,False,Critical,Pharmacist,US,18-44,1
DRG007,Eptifenex,Cardiology,2023-Q3,Dyspnea,False,Mild,Physician,DE,45-64,1
DRG007,Eptifenex,Cardiology,2023-Q3,Dyspnea,False,Moderate,Consumer,FR,65-74,1
DRG007,Eptifenex,Cardiology,2023-Q3,Palpitations,False,Moderate,Physician,US,65-74,1
DRG007,Eptifenex,Cardiology,2023-Q3,Fatigue,False,Serious,Consumer,US,45-64,1
DRG007,Eptifenex,Cardiology,2023-Q3,Bradycardia,False,Moderate,Pharmacist,JP,65-74,1
DRG007,Eptifenex,Cardiology,2023-Q3,Hypotension,False,Mild,Consumer,US,45-64,1
DRG007,Eptifenex,Cardiology,2023-Q3,Dyspnea,False,Critical,Pharmacist,JP,75+,1
DRG007,Eptifenex,Cardiology,2023-Q3,Bradycardia,False,Serious,Physician,CA,45-64,1
DRG007,Eptifenex,Cardiology,2023-Q3,Oedema,False,Moderate,Consumer,CA,45-64,1
DRG007,Eptifenex,Cardiology,2023-Q3,Hypotension,False,Mild,Other,US,18-44,1
DRG007,Eptifenex,Cardiology,2023-Q3,Hypotension,False,Mild,Physician,FR,45-64,1
DRG007,Eptifenex,Cardiology,2023-Q3,Fatigue,False,Mild,Pharmacist,US,18-44,1
DRG007,Eptifenex,Cardiology,2023-Q3,Fatigue,False,Serious,Consumer,GB,45-64,1
DRG007,Eptifenex,Cardiology,2023-Q3,Bradycardia,False,Moderate,Physician,US,18-44,1
DRG007,Eptifenex,Cardiology,2023-Q3,Bradycardia,False,Critical,Consumer,US,45-64,1
DRG007,Eptifenex,Cardiology,2023-Q3,Fatigue,False,Serious,Physician,DE,18-44,1
DRG007,Eptifenex,Cardiology,2023-Q3,Oedema,False,Moderate,Physician,US,75+,1
DRG007,Eptifenex,Cardiology,2023-Q3,Palpitations,False,Serious,Pharmacist,DE,45-64,1
DRG007,Eptifenex,Cardiology,2023-Q3,Bradycardia,False,Moderate,Other,US,65-74,1
DRG007,Eptifenex,Cardiology,2023-Q3,Dyspnea,False,Mild,Physician,JP,65-74,1
DRG007,Eptifenex,Cardiology,2023-Q3,Palpitations,False,Moderate,Consumer,GB,65-74,1
DRG007,Eptifenex,Cardiology,2023-Q3,Oedema,False,Moderate,Consumer,JP,65-74,1
DRG007,Eptifenex,Cardiology,2023-Q3,Dyspnea,False,Serious,Consumer,US,18-44,1
DRG007,Eptifenex,Cardiology,2023-Q3,Hypotension,False,Mild,Pharmacist,US,75+,1
DRG007,Eptifenex,Cardiology,2023-Q3,Dyspnea,False,Mild,Pharmacist,US,45-64,1
DRG007,Eptifenex,Cardiology,2023-Q3,Oedema,False,Moderate,Physician,US,45-64,1
DRG007,Eptifenex,Cardiology,2023-Q3,Oedema,False,Mild,Other,CA,75+,1
DRG007,Eptifenex,Cardiology,2023-Q3,Palpitations,False,Moderate,Pharmacist,US,45-64,1
DRG007,Eptifenex,Cardiology,2023-Q3,Oedema,False,Critical,Physician,FR,45-64,1
DRG007,Eptifenex,Cardiology,2023-Q3,Fatigue,False,Serious,Physician,DE,65-74,1
DRG007,Eptifenex,Cardiology,2023-Q3,Dyspnea,False,Mild,Consumer,JP,75+,1
DRG007,Eptifenex,Cardiology,2023-Q3,Dizziness,False,Mild,Physician,US,18-44,1
DRG007,Eptifenex,Cardiology,2023-Q3,Dizziness,False,Mild,Consumer,US,75+,1
DRG007,Eptifenex,Cardiology,2023-Q3,Hypotension,False,Mild,Pharmacist,US,65-74,1
DRG007,Eptifenex,Cardiology,2023-Q3,Dyspnea,False,Mild,Consumer,DE,45-64,1
DRG007,Eptifenex,Cardiology,2023-Q3,Hypotension,False,Critical,Pharmacist,US,45-64,1
DRG007,Eptifenex,Cardiology,2023-Q3,Dizziness,False,Mild,Physician,US,75+,1
DRG007,Eptifenex,Cardiology,2023-Q3,Fatigue,False,Critical,Physician,CA,65-74,1
DRG007,Eptifenex,Cardiology,2023-Q3,Oedema,False,Mild,Consumer,JP,65-74,1
DRG007,Eptifenex,Cardiology,2023-Q3,Fatigue,False,Moderate,Pharmacist,US,45-64,1
DRG007,Eptifenex,Cardiology,2023-Q4,Dizziness,False,Mild,Physician,US,65-74,4
DRG007,Eptifenex,Cardiology,2023-Q4,Palpitations,False,Critical,Physician,US,45-64,4
DRG007,Eptifenex,Cardiology,2023-Q4,Hypotension,False,Mild,Physician,US,45-64,3
DRG007,Eptifenex,Cardiology,2023-Q4,Dyspnea,False,Mild,Pharmacist,US,45-64,3
DRG007,Eptifenex,Cardiology,2023-Q4,Dizziness,False,Mild,Consumer,JP,18-44,2
DRG007,Eptifenex,Cardiology,2023-Q4,Fatigue,False,Critical,Physician,US,65-74,2
DRG007,Eptifenex,Cardiology,2023-Q4,Oedema,False,Moderate,Physician,US,45-64,2
DRG007,Eptifenex,Cardiology,2023-Q4,Palpitations,False,Moderate,Pharmacist,US,45-64,2
DRG007,Eptifenex,Cardiology,2023-Q4,Hypotension,False,Mild,Consumer,GB,65-74,2
DRG007,Eptifenex,Cardiology,2023-Q4,Palpitations,False,Mild,Physician,GB,18-44,2
DRG007,Eptifenex,Cardiology,2023-Q4,Dizziness,False,Moderate,Physician,US,45-64,2
DRG007,Eptifenex,Cardiology,2023-Q4,Dyspnea,False,Moderate,Physician,DE,65-74,2
DRG007,Eptifenex,Cardiology,2023-Q4,Hypotension,False,Mild,Consumer,US,65-74,2
DRG007,Eptifenex,Cardiology,2023-Q4,Fatigue,False,Mild,Physician,US,45-64,2
DRG007,Eptifenex,Cardiology,2023-Q4,Palpitations,False,Critical,Physician,US,65-74,2
DRG007,Eptifenex,Cardiology,2023-Q4,Dyspnea,False,Moderate,Physician,US,45-64,2
DRG007,Eptifenex,Cardiology,2023-Q4,Bradycardia,False,Mild,Physician,US,45-64,2
DRG007,Eptifenex,Cardiology,2023-Q4,Hypotension,False,Mild,Physician,US,65-74,2
DRG007,Eptifenex,Cardiology,2023-Q4,Bradycardia,False,Mild,Consumer,US,45-64,2
DRG007,Eptifenex,Cardiology,2023-Q4,Oedema,False,Moderate,Consumer,US,45-64,2
DRG007,Eptifenex,Cardiology,2023-Q4,Palpitations,False,Moderate,Consumer,US,45-64,2
DRG007,Eptifenex,Cardiology,2023-Q4,Bradycardia,False,Mild,Physician,US,75+,2
DRG007,Eptifenex,Cardiology,2023-Q4,Hypotension,False,Mild,Physician,US,18-44,2
DRG007,Eptifenex,Cardiology,2023-Q4,Palpitations,False,Moderate,Other,US,45-64,2
DRG007,Eptifenex,Cardiology,2023-Q4,Fatigue,False,Mild,Consumer,US,65-74,2
DRG007,Eptifenex,Cardiology,2023-Q4,Fatigue,False,Mild,Physician,DE,65-74,2
DRG007,Eptifenex,Cardiology,2023-Q4,Dyspnea,False,Moderate,Other,US,65-74,2
DRG007,Eptifenex,Cardiology,2023-Q4,Palpitations,False,Moderate,Physician,US,65-74,2
DRG007,Eptifenex,Cardiology,2023-Q4,Palpitations,False,Moderate,Physician,US,18-44,2
DRG007,Eptifenex,Cardiology,2023-Q4,Palpitations,False,Mild,Pharmacist,US,65-74,1
DRG007,Eptifenex,Cardiology,2023-Q4,Bradycardia,False,Critical,Pharmacist,GB,75+,1
DRG007,Eptifenex,Cardiology,2023-Q4,Bradycardia,False,Serious,Consumer,US,18-44,1
DRG007,Eptifenex,Cardiology,2023-Q4,Fatigue,False,Serious,Physician,DE,45-64,1
DRG007,Eptifenex,Cardiology,2023-Q4,Dizziness,False,Critical,Consumer,GB,45-64,1
DRG007,Eptifenex,Cardiology,2023-Q4,Fatigue,False,Moderate,Physician,DE,18-44,1
DRG007,Eptifenex,Cardiology,2023-Q4,Fatigue,False,Serious,Physician,JP,45-64,1
DRG007,Eptifenex,Cardiology,2023-Q4,Oedema,False,Moderate,Pharmacist,US,45-64,1
DRG007,Eptifenex,Cardiology,2023-Q4,Bradycardia,False,Serious,Other,US,45-64,1
DRG007,Eptifenex,Cardiology,2023-Q4,Hypotension,False,Serious,Consumer,US,18-44,1
DRG007,Eptifenex,Cardiology,2023-Q4,Dyspnea,False,Mild,Physician,US,45-64,1
DRG007,Eptifenex,Cardiology,2023-Q4,Oedema,False,Serious,Consumer,CA,45-64,1
DRG007,Eptifenex,Cardiology,2023-Q4,Dizziness,False,Mild,Physician,JP,65-74,1
DRG007,Eptifenex,Cardiology,2023-Q4,Dizziness,False,Critical,Pharmacist,US,45-64,1
DRG007,Eptifenex,Cardiology,2023-Q4,Fatigue,False,Mild,Physician,US,65-74,1
DRG007,Eptifenex,Cardiology,2023-Q4,Dizziness,False,Mild,Pharmacist,CA,75+,1
DRG007,Eptifenex,Cardiology,2023-Q4,Hypotension,False,Critical,Consumer,GB,18-44,1
DRG007,Eptifenex,Cardiology,2023-Q4,Palpitations,False,Moderate,Consumer,FR,75+,1
DRG007,Eptifenex,Cardiology,2023-Q4,Hypotension,False,Mild,Pharmacist,US,18-44,1
DRG007,Eptifenex,Cardiology,2023-Q4,Palpitations,False,Moderate,Consumer,US,75+,1
DRG007,Eptifenex,Cardiology,2023-Q4,Fatigue,False,Moderate,Consumer,CA,18-44,1
DRG007,Eptifenex,Cardiology,2023-Q4,Hypotension,False,Critical,Other,JP,75+,1
DRG007,Eptifenex,Cardiology,2023-Q4,Dyspnea,False,Critical,Other,JP,65-74,1
DRG007,Eptifenex,Cardiology,2023-Q4,Oedema,False,Mild,Pharmacist,CA,45-64,1
DRG007,Eptifenex,Cardiology,2023-Q4,Fatigue,False,Mild,Pharmacist,JP,65-74,1
DRG007,Eptifenex,Cardiology,2023-Q4,Oedema,False,Serious,Physician,US,18-44,1
DRG007,Eptifenex,Cardiology,2023-Q4,Bradycardia,False,Mild,Other,US,65-74,1
DRG007,Eptifenex,Cardiology,2023-Q4,Dyspnea,False,Mild,Consumer,US,45-64,1
DRG007,Eptifenex,Cardiology,2023-Q4,Palpitations,False,Serious,Physician,US,75+,1
DRG007,Eptifenex,Cardiology,2023-Q4,Oedema,False,Moderate,Physician,US,65-74,1
DRG007,Eptifenex,Cardiology,2023-Q4,Bradycardia,False,Mild,Physician,US,65-74,1
DRG007,Eptifenex,Cardiology,2023-Q4,Fatigue,False,Mild,Physician,JP,45-64,1
DRG007,Eptifenex,Cardiology,2023-Q4,Oedema,False,Critical,Other,CA,18-44,1
DRG007,Eptifenex,Cardiology,2023-Q4,Dyspnea,False,Moderate,Other,FR,45-64,1
DRG007,Eptifenex,Cardiology,2023-Q4,Dizziness,False,Mild,Physician,US,75+,1
DRG007,Eptifenex,Cardiology,2023-Q4,Bradycardia,False,Mild,Physician,FR,45-64,1
DRG007,Eptifenex,Cardiology,2023-Q4,Oedema,False,Critical,Consumer,US,45-64,1
DRG007,Eptifenex,Cardiology,2023-Q4,Dizziness,False,Moderate,Consumer,US,45-64,1
DRG007,Eptifenex,Cardiology,2023-Q4,Palpitations,False,Critical,Other,DE,45-64,1
DRG007,Eptifenex,Cardiology,2023-Q4,Hypotension,False,Moderate,Physician,US,75+,1
DRG007,Eptifenex,Cardiology,2023-Q4,Palpitations,False,Mild,Other,US,45-64,1
DRG007,Eptifenex,Cardiology,2023-Q4,Dizziness,False,Mild,Physician,US,18-44,1
DRG007,Eptifenex,Cardiology,2023-Q4,Palpitations,False,Moderate,Physician,CA,18-44,1
DRG007,Eptifenex,Cardiology,2023-Q4,Dyspnea,False,Mild,Physician,JP,65-74,1
DRG007,Eptifenex,Cardiology,2023-Q4,Dyspnea,False,Mild,Physician,US,75+,1
DRG007,Eptifenex,Cardiology,2023-Q4,Dizziness,False,Mild,Other,CA,75+,1
DRG007,Eptifenex,Cardiology,2023-Q4,Hypotension,False,Mild,Other,US,45-64,1
DRG007,Eptifenex,Cardiology,2023-Q4,Bradycardia,False,Serious,Physician,CA,45-64,1
DRG007,Eptifenex,Cardiology,2023-Q4,Fatigue,False,Critical,Pharmacist,US,75+,1
DRG007,Eptifenex,Cardiology,2023-Q4,Palpitations,False,Moderate,Physician,JP,45-64,1
DRG007,Eptifenex,Cardiology,2023-Q4,Hypotension,False,Mild,Consumer,JP,45-64,1
DRG007,Eptifenex,Cardiology,2023-Q4,Dizziness,False,Mild,Physician,FR,45-64,1
DRG007,Eptifenex,Cardiology,2023-Q4,Oedema,False,Mild,Physician,US,18-44,1
DRG007,Eptifenex,Cardiology,2023-Q4,Fatigue,False,Mild,Pharmacist,US,65-74,1
DRG007,Eptifenex,Cardiology,2023-Q4,Dyspnea,False,Mild,Pharmacist,US,75+,1
DRG007,Eptifenex,Cardiology,2023-Q4,Dizziness,False,Serious,Pharmacist,DE,65-74,1
DRG007,Eptifenex,Cardiology,2023-Q4,Oedema,False,Mild,Physician,FR,45-64,1
DRG007,Eptifenex,Cardiology,2023-Q4,Bradycardia,False,Mild,Physician,US,18-44,1
DRG007,Eptifenex,Cardiology,2023-Q4,Palpitations,False,Moderate,Physician,DE,45-64,1
DRG007,Eptifenex,Cardiology,2023-Q4,Bradycardia,False,Mild,Consumer,FR,75+,1
DRG007,Eptifenex,Cardiology,2023-Q4,Oedema,False,Moderate,Consumer,US,18-44,1
DRG007,Eptifenex,Cardiology,2023-Q4,Oedema,False,Mild,Consumer,FR,18-44,1
DRG007,Eptifenex,Cardiology,2023-Q4,Hypotension,False,Moderate,Physician,DE,45-64,1
DRG007,Eptifenex,Cardiology,2023-Q4,Dizziness,False,Moderate,Physician,FR,45-64,1
DRG007,Eptifenex,Cardiology,2023-Q4,Bradycardia,False,Mild,Pharmacist,US,65-74,1
DRG007,Eptifenex,Cardiology,2023-Q4,Hypotension,False,Moderate,Pharmacist,US,45-64,1
DRG007,Eptifenex,Cardiology,2023-Q4,Hypotension,False,Serious,Consumer,US,45-64,1
DRG007,Eptifenex,Cardiology,2023-Q4,Hypotension,False,Mild,Pharmacist,US,45-64,1
DRG007,Eptifenex,Cardiology,2023-Q4,Bradycardia,False,Moderate,Physician,US,65-74,1
DRG007,Eptifenex,Cardiology,2023-Q4,Fatigue,False,Moderate,Physician,US,65-74,1
DRG007,Eptifenex,Cardiology,2023-Q4,Dyspnea,False,Serious,Other,US,75+,1
DRG007,Eptifenex,Cardiology,2023-Q4,Dizziness,False,Mild,Other,US,65-74,1
DRG007,Eptifenex,Cardiology,2023-Q4,Oedema,False,Serious,Consumer,GB,65-74,1
DRG007,Eptifenex,Cardiology,2023-Q4,Fatigue,False,Mild,Consumer,FR,45-64,1
DRG007,Eptifenex,Cardiology,2023-Q4,Hypotension,False,Moderate,Consumer,US,18-44,1
DRG007,Eptifenex,Cardiology,2023-Q4,Palpitations,False,Moderate,Physician,DE,65-74,1
DRG007,Eptifenex,Cardiology,2023-Q4,Palpitations,False,Moderate,Other,JP,45-64,1
DRG007,Eptifenex,Cardiology,2023-Q4,Dizziness,False,Mild,Pharmacist,CA,18-44,1
DRG007,Eptifenex,Cardiology,2023-Q4,Bradycardia,False,Serious,Consumer,US,65-74,1
DRG007,Eptifenex,Cardiology,2023-Q4,Fatigue,False,Serious,Other,DE,65-74,1
DRG007,Eptifenex,Cardiology,2023-Q4,Hypotension,False,Critical,Consumer,US,45-64,1
DRG007,Eptifenex,Cardiology,2023-Q4,Dyspnea,False,Mild,Pharmacist,US,18-44,1
DRG007,Eptifenex,Cardiology,2023-Q4,Hypotension,False,Mild,Physician,JP,45-64,1
DRG007,Eptifenex,Cardiology,2023-Q4,Hypotension,False,Serious,Other,US,45-64,1
DRG007,Eptifenex,Cardiology,2023-Q4,Hypotension,False,Mild,Consumer,FR,75+,1
DRG007,Eptifenex,Cardiology,2023-Q4,Oedema,False,Serious,Physician,US,65-74,1
DRG007,Eptifenex,Cardiology,2023-Q4,Oedema,False,Moderate,Other,US,65-74,1
DRG007,Eptifenex,Cardiology,2023-Q4,Dyspnea,False,Moderate,Consumer,FR,45-64,1
DRG007,Eptifenex,Cardiology,2023-Q4,Dizziness,False,Moderate,Physician,US,18-44,1
DRG007,Eptifenex,Cardiology,2023-Q4,Oedema,False,Mild,Other,US,65-74,1
DRG007,Eptifenex,Cardiology,2023-Q4,Dizziness,False,Moderate,Physician,CA,65-74,1
DRG007,Eptifenex,Cardiology,2023-Q4,Dizziness,False,Moderate,Consumer,US,65-74,1
DRG007,Eptifenex,Cardiology,2023-Q4,Dizziness,False,Serious,Consumer,US,45-64,1
DRG007,Eptifenex,Cardiology,2023-Q4,Oedema,False,Moderate,Other,DE,75+,1
DRG007,Eptifenex,Cardiology,2023-Q4,Bradycardia,False,Serious,Consumer,US,45-64,1
DRG007,Eptifenex,Cardiology,2023-Q4,Oedema,False,Moderate,Physician,JP,65-74,1
DRG007,Eptifenex,Cardiology,2023-Q4,Dizziness,False,Moderate,Pharmacist,DE,65-74,1
DRG007,Eptifenex,Cardiology,2023-Q4,Bradycardia,False,Moderate,Consumer,US,45-64,1
DRG007,Eptifenex,Cardiology,2023-Q4,Hypotension,False,Mild,Physician,FR,65-74,1
DRG007,Eptifenex,Cardiology,2023-Q4,Dyspnea,False,Serious,Pharmacist,US,75+,1
DRG007,Eptifenex,Cardiology,2023-Q4,Hypotension,False,Mild,Physician,GB,45-64,1
DRG007,Eptifenex,Cardiology,2023-Q4,Palpitations,False,Serious,Physician,US,45-64,1
DRG007,Eptifenex,Cardiology,2023-Q4,Oedema,False,Mild,Consumer,GB,45-64,1
DRG007,Eptifenex,Cardiology,2023-Q4,Fatigue,False,Critical,Physician,FR,65-74,1
DRG007,Eptifenex,Cardiology,2023-Q4,Dizziness,False,Moderate,Other,GB,75+,1
DRG007,Eptifenex,Cardiology,2023-Q4,Dyspnea,False,Serious,Consumer,CA,65-74,1
DRG007,Eptifenex,Cardiology,2023-Q4,Bradycardia,False,Moderate,Physician,US,45-64,1
DRG007,Eptifenex,Cardiology,2023-Q4,Bradycardia,False,Serious,Consumer,JP,45-64,1
DRG007,Eptifenex,Cardiology,2023-Q4,Dizziness,False,Mild,Consumer,US,18-44,1
DRG007,Eptifenex,Cardiology,2023-Q4,Hypotension,False,Moderate,Other,JP,75+,1
DRG007,Eptifenex,Cardiology,2023-Q4,Bradycardia,False,Mild,Physician,JP,45-64,1
DRG007,Eptifenex,Cardiology,2023-Q4,Dyspnea,False,Moderate,Consumer,US,45-64,1
DRG007,Eptifenex,Cardiology,2023-Q4,Dizziness,False,Moderate,Physician,DE,45-64,1
DRG007,Eptifenex,Cardiology,2023-Q4,Palpitations,False,Mild,Physician,US,18-44,1
DRG007,Eptifenex,Cardiology,2023-Q4,Oedema,False,Mild,Consumer,FR,75+,1
DRG007,Eptifenex,Cardiology,2023-Q4,Fatigue,False,Serious,Pharmacist,US,65-74,1
DRG007,Eptifenex,Cardiology,2023-Q4,Oedema,False,Mild,Physician,US,65-74,1
DRG007,Eptifenex,Cardiology,2023-Q4,Palpitations,False,Mild,Physician,US,65-74,1
DRG007,Eptifenex,Cardiology,2023-Q4,Palpitations,False,Moderate,Pharmacist,GB,45-64,1
DRG007,Eptifenex,Cardiology,2023-Q4,Bradycardia,False,Mild,Pharmacist,GB,75+,1
DRG007,Eptifenex,Cardiology,2023-Q4,Palpitations,False,Mild,Consumer,FR,65-74,1
DRG007,Eptifenex,Cardiology,2023-Q4,Hypotension,False,Serious,Pharmacist,US,75+,1
DRG007,Eptifenex,Cardiology,2023-Q4,Oedema,False,Moderate,Consumer,JP,18-44,1
DRG007,Eptifenex,Cardiology,2023-Q4,Bradycardia,False,Mild,Consumer,FR,65-74,1
DRG007,Eptifenex,Cardiology,2023-Q4,Fatigue,False,Mild,Consumer,DE,45-64,1
DRG007,Eptifenex,Cardiology,2023-Q4,Palpitations,False,Moderate,Physician,FR,75+,1
DRG007,Eptifenex,Cardiology,2023-Q4,Bradycardia,False,Mild,Consumer,US,75+,1
DRG007,Eptifenex,Cardiology,2023-Q4,Oedema,False,Critical,Physician,US,45-64,1
DRG007,Eptifenex,Cardiology,2023-Q4,Dyspnea,False,Serious,Physician,JP,18-44,1
DRG007,Eptifenex,Cardiology,2023-Q4,Dizziness,False,Serious,Pharmacist,US,18-44,1
DRG007,Eptifenex,Cardiology,2023-Q4,Dyspnea,False,Moderate,Physician,FR,75+,1
DRG007,Eptifenex,Cardiology,2023-Q4,Hypotension,False,Mild,Consumer,GB,45-64,1
DRG007,Eptifenex,Cardiology,2023-Q4,Bradycardia,False,Moderate,Physician,FR,45-64,1
DRG007,Eptifenex,Cardiology,2023-Q4,Fatigue,False,Moderate,Consumer,JP,45-64,1
DRG007,Eptifenex,Cardiology,2023-Q4,Bradycardia,False,Critical,Consumer,US,45-64,1
DRG007,Eptifenex,Cardiology,2023-Q4,Oedema,False,Moderate,Consumer,GB,45-64,1
DRG007,Eptifenex,Cardiology,2023-Q4,Oedema,False,Mild,Consumer,US,45-64,1
DRG007,Eptifenex,Cardiology,2023-Q4,Bradycardia,False,Moderate,Other,US,45-64,1
DRG007,Eptifenex,Cardiology,2023-Q4,Bradycardia,False,Critical,Physician,DE,65-74,1
DRG007,Eptifenex,Cardiology,2023-Q4,Fatigue,False,Moderate,Physician,US,45-64,1
DRG007,Eptifenex,Cardiology,2023-Q4,Palpitations,False,Moderate,Physician,FR,65-74,1
DRG007,Eptifenex,Cardiology,2023-Q4,Bradycardia,False,Moderate,Physician,CA,65-74,1
DRG007,Eptifenex,Cardiology,2023-Q4,Hypotension,False,Critical,Physician,JP,18-44,1
DRG007,Eptifenex,Cardiology,2023-Q4,Dyspnea,False,Mild,Pharmacist,JP,45-64,1
DRG007,Eptifenex,Cardiology,2023-Q4,Oedema,False,Mild,Consumer,DE,45-64,1
DRG007,Eptifenex,Cardiology,2023-Q4,Dyspnea,False,Mild,Pharmacist,US,65-74,1
DRG007,Eptifenex,Cardiology,2023-Q4,Oedema,False,Moderate,Pharmacist,US,65-74,1
DRG007,Eptifenex,Cardiology,2023-Q4,Dizziness,False,Mild,Physician,US,45-64,1
DRG007,Eptifenex,Cardiology,2023-Q4,Palpitations,False,Critical,Physician,JP,45-64,1
DRG007,Eptifenex,Cardiology,2023-Q4,Bradycardia,False,Critical,Other,FR,45-64,1
DRG007,Eptifenex,Cardiology,2023-Q4,Dizziness,False,Mild,Other,CA,65-74,1
DRG007,Eptifenex,Cardiology,2023-Q4,Hypotension,False,Moderate,Other,DE,65-74,1
DRG007,Eptifenex,Cardiology,2023-Q4,Palpitations,False,Serious,Pharmacist,US,45-64,1
DRG007,Eptifenex,Cardiology,2023-Q4,Hypotension,False,Mild,Pharmacist,US,65-74,1
DRG007,Eptifenex,Cardiology,2023-Q4,Fatigue,False,Critical,Consumer,US,65-74,1
DRG007,Eptifenex,Cardiology,2023-Q4,Oedema,False,Moderate,Pharmacist,US,18-44,1
DRG007,Eptifenex,Cardiology,2023-Q4,Bradycardia,False,Critical,Physician,FR,45-64,1
DRG007,Eptifenex,Cardiology,2023-Q4,Hypotension,False,Serious,Physician,US,45-64,1
DRG007,Eptifenex,Cardiology,2023-Q4,Palpitations,False,Mild,Other,DE,45-64,1
DRG007,Eptifenex,Cardiology,2023-Q4,Bradycardia,False,Mild,Physician,DE,18-44,1
DRG007,Eptifenex,Cardiology,2023-Q4,Dyspnea,False,Critical,Consumer,US,18-44,1
DRG007,Eptifenex,Cardiology,2023-Q4,Bradycardia,False,Moderate,Pharmacist,US,45-64,1
DRG007,Eptifenex,Cardiology,2023-Q4,Fatigue,False,Mild,Consumer,JP,75+,1
DRG007,Eptifenex,Cardiology,2023-Q4,Palpitations,False,Mild,Physician,CA,45-64,1
DRG007,Eptifenex,Cardiology,2023-Q4,Dyspnea,False,Moderate,Physician,US,65-74,1
DRG007,Eptifenex,Cardiology,2023-Q4,Dyspnea,False,Mild,Pharmacist,CA,45-64,1
DRG007,Eptifenex,Cardiology,2023-Q4,Hypotension,False,Moderate,Consumer,FR,65-74,1
DRG007,Eptifenex,Cardiology,2023-Q4,Palpitations,False,Critical,Consumer,US,45-64,1
DRG007,Eptifenex,Cardiology,2023-Q4,Oedema,False,Moderate,Other,DE,45-64,1
DRG007,Eptifenex,Cardiology,2023-Q4,Dizziness,False,Moderate,Physician,FR,65-74,1
DRG007,Eptifenex,Cardiology,2023-Q4,Fatigue,False,Mild,Other,US,65-74,1
DRG007,Eptifenex,Cardiology,2023-Q4,Oedema,False,Serious,Consumer,JP,45-64,1
DRG007,Eptifenex,Cardiology,2023-Q4,Dyspnea,False,Moderate,Pharmacist,DE,65-74,1
DRG007,Eptifenex,Cardiology,2023-Q4,Palpitations,False,Serious,Consumer,US,45-64,1
DRG007,Eptifenex,Cardiology,2023-Q4,Oedema,False,Serious,Consumer,US,65-74,1
DRG007,Eptifenex,Cardiology,2023-Q4,Bradycardia,False,Critical,Pharmacist,DE,18-44,1
DRG007,Eptifenex,Cardiology,2023-Q4,Dyspnea,False,Mild,Physician,US,18-44,1
DRG007,Eptifenex,Cardiology,2023-Q4,Bradycardia,False,Critical,Physician,US,75+,1
DRG007,Eptifenex,Cardiology,2023-Q4,Bradycardia,False,Mild,Pharmacist,US,45-64,1
DRG007,Eptifenex,Cardiology,2023-Q4,Oedema,False,Moderate,Pharmacist,US,75+,1
DRG007,Eptifenex,Cardiology,2023-Q4,Fatigue,False,Serious,Pharmacist,JP,45-64,1
DRG007,Eptifenex,Cardiology,2024-Q1,Bradycardia,False,Moderate,Consumer,US,65-74,3
DRG007,Eptifenex,Cardiology,2024-Q1,Palpitations,False,Serious,Physician,US,45-64,3
DRG007,Eptifenex,Cardiology,2024-Q1,Palpitations,False,Mild,Other,US,75+,3
DRG007,Eptifenex,Cardiology,2024-Q1,Dizziness,False,Mild,Consumer,US,65-74,3
DRG007,Eptifenex,Cardiology,2024-Q1,Hypotension,False,Moderate,Pharmacist,US,45-64,3
DRG007,Eptifenex,Cardiology,2024-Q1,Fatigue,False,Mild,Physician,US,18-44,3
DRG007,Eptifenex,Cardiology,2024-Q1,Fatigue,False,Mild,Consumer,US,45-64,3
DRG007,Eptifenex,Cardiology,2024-Q1,Fatigue,False,Moderate,Physician,US,45-64,2
DRG007,Eptifenex,Cardiology,2024-Q1,Hypotension,False,Serious,Physician,US,45-64,2
DRG007,Eptifenex,Cardiology,2024-Q1,Dyspnea,False,Mild,Physician,US,18-44,2
DRG007,Eptifenex,Cardiology,2024-Q1,Dyspnea,False,Mild,Pharmacist,US,45-64,2
DRG007,Eptifenex,Cardiology,2024-Q1,Dizziness,False,Mild,Physician,GB,45-64,2
DRG007,Eptifenex,Cardiology,2024-Q1,Dizziness,False,Mild,Physician,US,75+,2
DRG007,Eptifenex,Cardiology,2024-Q1,Dizziness,False,Moderate,Pharmacist,US,65-74,2
DRG007,Eptifenex,Cardiology,2024-Q1,Oedema,False,Moderate,Physician,GB,45-64,2
DRG007,Eptifenex,Cardiology,2024-Q1,Oedema,False,Moderate,Physician,US,75+,2
DRG007,Eptifenex,Cardiology,2024-Q1,Oedema,False,Mild,Physician,GB,18-44,2
DRG007,Eptifenex,Cardiology,2024-Q1,Palpitations,False,Moderate,Physician,US,75+,2
DRG007,Eptifenex,Cardiology,2024-Q1,Dizziness,False,Mild,Consumer,US,45-64,2
DRG007,Eptifenex,Cardiology,2024-Q1,Oedema,False,Mild,Physician,FR,65-74,2
DRG007,Eptifenex,Cardiology,2024-Q1,Dyspnea,False,Mild,Consumer,JP,45-64,2
DRG007,Eptifenex,Cardiology,2024-Q1,Bradycardia,False,Moderate,Consumer,US,18-44,2
DRG007,Eptifenex,Cardiology,2024-Q1,Palpitations,False,Moderate,Physician,US,18-44,2
DRG007,Eptifenex,Cardiology,2024-Q1,Palpitations,False,Mild,Physician,US,65-74,2
DRG007,Eptifenex,Cardiology,2024-Q1,Dizziness,False,Serious,Physician,US,45-64,2
DRG007,Eptifenex,Cardiology,2024-Q1,Palpitations,False,Moderate,Consumer,US,45-64,2
DRG007,Eptifenex,Cardiology,2024-Q1,Palpitations,False,Mild,Consumer,US,65-74,2
DRG007,Eptifenex,Cardiology,2024-Q1,Fatigue,False,Moderate,Physician,CA,45-64,2
DRG007,Eptifenex,Cardiology,2024-Q1,Palpitations,False,Mild,Physician,US,18-44,2
DRG007,Eptifenex,Cardiology,2024-Q1,Bradycardia,False,Moderate,Physician,US,45-64,1
DRG007,Eptifenex,Cardiology,2024-Q1,Dyspnea,False,Moderate,Other,US,45-64,1
DRG007,Eptifenex,Cardiology,2024-Q1,Dizziness,False,Mild,Physician,DE,18-44,1
DRG007,Eptifenex,Cardiology,2024-Q1,Hypotension,False,Mild,Consumer,US,65-74,1
DRG007,Eptifenex,Cardiology,2024-Q1,Palpitations,False,Mild,Pharmacist,US,65-74,1
DRG007,Eptifenex,Cardiology,2024-Q1,Fatigue,False,Moderate,Pharmacist,US,65-74,1
DRG007,Eptifenex,Cardiology,2024-Q1,Oedema,False,Mild,Pharmacist,US,75+,1
DRG007,Eptifenex,Cardiology,2024-Q1,Fatigue,False,Moderate,Pharmacist,GB,45-64,1
DRG007,Eptifenex,Cardiology,2024-Q1,Dizziness,False,Critical,Pharmacist,CA,45-64,1
DRG007,Eptifenex,Cardiology,2024-Q1,Hypotension,False,Mild,Pharmacist,US,45-64,1
DRG007,Eptifenex,Cardiology,2024-Q1,Fatigue,False,Serious,Other,US,45-64,1
DRG007,Eptifenex,Cardiology,2024-Q1,Fatigue,False,Mild,Physician,JP,65-74,1
DRG007,Eptifenex,Cardiology,2024-Q1,Dyspnea,False,Moderate,Physician,US,45-64,1
DRG007,Eptifenex,Cardiology,2024-Q1,Palpitations,False,Moderate,Consumer,JP,65-74,1
DRG007,Eptifenex,Cardiology,2024-Q1,Bradycardia,False,Serious,Physician,FR,65-74,1
DRG007,Eptifenex,Cardiology,2024-Q1,Oedema,False,Moderate,Physician,US,45-64,1
DRG007,Eptifenex,Cardiology,2024-Q1,Oedema,False,Serious,Consumer,DE,45-64,1
DRG007,Eptifenex,Cardiology,2024-Q1,Hypotension,False,Mild,Pharmacist,FR,45-64,1
DRG007,Eptifenex,Cardiology,2024-Q1,Hypotension,False,Moderate,Physician,JP,65-74,1
DRG007,Eptifenex,Cardiology,2024-Q1,Bradycardia,False,Mild,Physician,US,18-44,1
DRG007,Eptifenex,Cardiology,2024-Q1,Oedema,False,Moderate,Consumer,US,18-44,1
DRG007,Eptifenex,Cardiology,2024-Q1,Oedema,False,Moderate,Physician,FR,45-64,1
DRG007,Eptifenex,Cardiology,2024-Q1,Fatigue,False,Mild,Pharmacist,FR,65-74,1
DRG007,Eptifenex,Cardiology,2024-Q1,Dizziness,False,Mild,Consumer,CA,75+,1
DRG007,Eptifenex,Cardiology,2024-Q1,Fatigue,False,Serious,Consumer,CA,65-74,1
DRG007,Eptifenex,Cardiology,2024-Q1,Dyspnea,False,Moderate,Consumer,US,45-64,1
DRG007,Eptifenex,Cardiology,2024-Q1,Fatigue,False,Serious,Other,JP,75+,1
DRG007,Eptifenex,Cardiology,2024-Q1,Fatigue,False,Serious,Consumer,US,45-64,1
DRG007,Eptifenex,Cardiology,2024-Q1,Dizziness,False,Mild,Physician,US,65-74,1
DRG007,Eptifenex,Cardiology,2024-Q1,Hypotension,False,Serious,Physician,CA,18-44,1
DRG007,Eptifenex,Cardiology,2024-Q1,Palpitations,False,Mild,Pharmacist,US,75+,1
DRG007,Eptifenex,Cardiology,2024-Q1,Dizziness,False,Mild,Consumer,DE,18-44,1
DRG007,Eptifenex,Cardiology,2024-Q1,Fatigue,False,Moderate,Pharmacist,US,75+,1
DRG007,Eptifenex,Cardiology,2024-Q1,Bradycardia,False,Moderate,Pharmacist,GB,75+,1
DRG007,Eptifenex,Cardiology,2024-Q1,Palpitations,False,Mild,Consumer,JP,18-44,1
DRG007,Eptifenex,Cardiology,2024-Q1,Palpitations,False,Mild,Other,JP,75+,1
DRG007,Eptifenex,Cardiology,2024-Q1,Palpitations,False,Mild,Physician,US,45-64,1
DRG007,Eptifenex,Cardiology,2024-Q1,Palpitations,False,Serious,Consumer,US,45-64,1
DRG007,Eptifenex,Cardiology,2024-Q1,Hypotension,False,Serious,Physician,CA,45-64,1
DRG007,Eptifenex,Cardiology,2024-Q1,Bradycardia,False,Moderate,Other,GB,45-64,1
DRG007,Eptifenex,Cardiology,2024-Q1,Hypotension,False,Mild,Physician,US,18-44,1
DRG007,Eptifenex,Cardiology,2024-Q1,Dyspnea,False,Serious,Other,US,45-64,1
DRG007,Eptifenex,Cardiology,2024-Q1,Bradycardia,False,Serious,Physician,US,65-74,1
DRG007,Eptifenex,Cardiology,2024-Q1,Dyspnea,False,Serious,Physician,US,18-44,1
DRG007,Eptifenex,Cardiology,2024-Q1,Oedema,False,Mild,Other,JP,45-64,1
DRG007,Eptifenex,Cardiology,2024-Q1,Hypotension,False,Mild,Consumer,FR,45-64,1
DRG007,Eptifenex,Cardiology,2024-Q1,Palpitations,False,Moderate,Physician,GB,45-64,1
DRG007,Eptifenex,Cardiology,2024-Q1,Fatigue,False,Moderate,Consumer,GB,45-64,1
DRG007,Eptifenex,Cardiology,2024-Q1,Dizziness,False,Mild,Other,US,18-44,1
DRG007,Eptifenex,Cardiology,2024-Q1,Hypotension,False,Moderate,Physician,GB,45-64,1
DRG007,Eptifenex,Cardiology,2024-Q1,Palpitations,False,Serious,Other,GB,18-44,1
DRG007,Eptifenex,Cardiology,2024-Q1,Dizziness,False,Mild,Other,US,65-74,1
DRG007,Eptifenex,Cardiology,2024-Q1,Dyspnea,False,Critical,Physician,JP,45-64,1
DRG007,Eptifenex,Cardiology,2024-Q1,Oedema,False,Mild,Consumer,FR,65-74,1
DRG007,Eptifenex,Cardiology,2024-Q1,Fatigue,False,Mild,Pharmacist,GB,45-64,1
DRG007,Eptifenex,Cardiology,2024-Q1,Bradycardia,False,Moderate,Physician,DE,65-74,1
DRG007,Eptifenex,Cardiology,2024-Q1,Bradycardia,False,Moderate,Pharmacist,US,75+,1
DRG007,Eptifenex,Cardiology,2024-Q1,Oedema,False,Mild,Other,US,65-74,1
DRG007,Eptifenex,Cardiology,2024-Q1,Palpitations,False,Mild,Physician,JP,45-64,1
DRG007,Eptifenex,Cardiology,2024-Q1,Dizziness,False,Mild,Consumer,FR,45-64,1
DRG007,Eptifenex,Cardiology,2024-Q1,Dizziness,False,Moderate,Physician,US,18-44,1
DRG007,Eptifenex,Cardiology,2024-Q1,Fatigue,False,Critical,Other,FR,45-64,1
DRG007,Eptifenex,Cardiology,2024-Q1,Oedema,False,Serious,Consumer,FR,65-74,1
DRG007,Eptifenex,Cardiology,2024-Q1,Bradycardia,False,Moderate,Physician,US,75+,1
DRG007,Eptifenex,Cardiology,2024-Q1,Oedema,False,Mild,Consumer,JP,18-44,1
DRG007,Eptifenex,Cardiology,2024-Q1,Hypotension,False,Moderate,Physician,US,18-44,1
DRG007,Eptifenex,Cardiology,2024-Q1,Hypotension,False,Moderate,Physician,CA,18-44,1
DRG007,Eptifenex,Cardiology,2024-Q1,Hypotension,False,Moderate,Consumer,US,65-74,1
DRG007,Eptifenex,Cardiology,2024-Q1,Hypotension,False,Critical,Physician,US,18-44,1
DRG007,Eptifenex,Cardiology,2024-Q1,Palpitations,False,Mild,Physician,JP,75+,1
DRG007,Eptifenex,Cardiology,2024-Q1,Palpitations,False,Moderate,Physician,DE,65-74,1
DRG007,Eptifenex,Cardiology,2024-Q1,Fatigue,False,Mild,Other,US,45-64,1
DRG007,Eptifenex,Cardiology,2024-Q1,Palpitations,False,Serious,Pharmacist,FR,65-74,1
DRG007,Eptifenex,Cardiology,2024-Q1,Oedema,False,Mild,Pharmacist,FR,65-74,1
DRG007,Eptifenex,Cardiology,2024-Q1,Oedema,False,Critical,Physician,CA,65-74,1
DRG007,Eptifenex,Cardiology,2024-Q1,Hypotension,False,Moderate,Physician,US,45-64,1
DRG007,Eptifenex,Cardiology,2024-Q1,Dyspnea,False,Mild,Physician,US,45-64,1
DRG007,Eptifenex,Cardiology,2024-Q1,Fatigue,False,Critical,Physician,FR,45-64,1
DRG007,Eptifenex,Cardiology,2024-Q1,Fatigue,False,Moderate,Consumer,US,45-64,1
DRG007,Eptifenex,Cardiology,2024-Q1,Oedema,False,Serious,Physician,CA,65-74,1
DRG007,Eptifenex,Cardiology,2024-Q1,Dizziness,False,Mild,Physician,JP,18-44,1
DRG007,Eptifenex,Cardiology,2024-Q1,Dyspnea,False,Moderate,Consumer,GB,18-44,1
DRG007,Eptifenex,Cardiology,2024-Q1,Palpitations,False,Mild,Physician,DE,65-74,1
DRG007,Eptifenex,Cardiology,2024-Q1,Fatigue,False,Mild,Consumer,US,65-74,1
DRG007,Eptifenex,Cardiology,2024-Q1,Palpitations,False,Moderate,Consumer,US,18-44,1
DRG007,Eptifenex,Cardiology,2024-Q1,Oedema,False,Mild,Physician,FR,75+,1
DRG007,Eptifenex,Cardiology,2024-Q1,Fatigue,False,Moderate,Pharmacist,US,45-64,1
DRG007,Eptifenex,Cardiology,2024-Q1,Bradycardia,False,Mild,Consumer,US,65-74,1
DRG007,Eptifenex,Cardiology,2024-Q1,Dyspnea,False,Moderate,Pharmacist,US,45-64,1
DRG007,Eptifenex,Cardiology,2024-Q1,Palpitations,False,Critical,Consumer,CA,45-64,1
DRG007,Eptifenex,Cardiology,2024-Q1,Fatigue,False,Mild,Pharmacist,US,65-74,1
DRG007,Eptifenex,Cardiology,2024-Q1,Bradycardia,False,Serious,Physician,US,45-64,1
DRG007,Eptifenex,Cardiology,2024-Q1,Dizziness,False,Mild,Other,JP,65-74,1
DRG007,Eptifenex,Cardiology,2024-Q1,Dyspnea,False,Serious,Physician,CA,65-74,1
DRG007,Eptifenex,Cardiology,2024-Q1,Palpitations,False,Critical,Physician,DE,65-74,1
DRG007,Eptifenex,Cardiology,2024-Q1,Dizziness,False,Moderate,Other,US,18-44,1
DRG007,Eptifenex,Cardiology,2024-Q1,Palpitations,False,Critical,Pharmacist,CA,45-64,1
DRG007,Eptifenex,Cardiology,2024-Q1,Bradycardia,False,Mild,Physician,US,45-64,1
DRG007,Eptifenex,Cardiology,2024-Q1,Hypotension,False,Mild,Consumer,CA,45-64,1
DRG007,Eptifenex,Cardiology,2024-Q1,Dyspnea,False,Moderate,Pharmacist,JP,45-64,1
DRG007,Eptifenex,Cardiology,2024-Q1,Palpitations,False,Moderate,Consumer,GB,45-64,1
DRG007,Eptifenex,Cardiology,2024-Q1,Hypotension,False,Moderate,Pharmacist,US,18-44,1
DRG007,Eptifenex,Cardiology,2024-Q1,Fatigue,False,Critical,Other,US,45-64,1
DRG007,Eptifenex,Cardiology,2024-Q1,Fatigue,False,Serious,Consumer,FR,65-74,1
DRG007,Eptifenex,Cardiology,2024-Q1,Dyspnea,False,Mild,Pharmacist,JP,75+,1
DRG007,Eptifenex,Cardiology,2024-Q1,Hypotension,False,Moderate,Physician,DE,65-74,1
DRG007,Eptifenex,Cardiology,2024-Q1,Oedema,False,Serious,Pharmacist,US,65-74,1
DRG007,Eptifenex,Cardiology,2024-Q1,Dizziness,False,Mild,Physician,US,45-64,1
DRG007,Eptifenex,Cardiology,2024-Q1,Bradycardia,False,Serious,Physician,US,75+,1
DRG007,Eptifenex,Cardiology,2024-Q1,Oedema,False,Serious,Consumer,US,45-64,1
DRG007,Eptifenex,Cardiology,2024-Q1,Bradycardia,False,Mild,Other,FR,75+,1
DRG007,Eptifenex,Cardiology,2024-Q1,Dizziness,False,Mild,Physician,JP,75+,1
DRG007,Eptifenex,Cardiology,2024-Q1,Oedema,False,Mild,Physician,DE,45-64,1
DRG007,Eptifenex,Cardiology,2024-Q1,Oedema,False,Mild,Physician,FR,45-64,1
DRG007,Eptifenex,Cardiology,2024-Q1,Hypotension,False,Critical,Physician,JP,65-74,1
DRG007,Eptifenex,Cardiology,2024-Q1,Palpitations,False,Moderate,Other,CA,18-44,1
DRG007,Eptifenex,Cardiology,2024-Q1,Palpitations,False,Mild,Physician,US,75+,1
DRG007,Eptifenex,Cardiology,2024-Q1,Fatigue,False,Mild,Physician,DE,45-64,1
DRG007,Eptifenex,Cardiology,2024-Q1,Dyspnea,False,Mild,Consumer,DE,65-74,1
DRG007,Eptifenex,Cardiology,2024-Q1,Oedema,False,Mild,Physician,US,65-74,1
DRG007,Eptifenex,Cardiology,2024-Q1,Bradycardia,False,Mild,Other,FR,18-44,1
DRG007,Eptifenex,Cardiology,2024-Q1,Fatigue,False,Mild,Consumer,GB,65-74,1
DRG007,Eptifenex,Cardiology,2024-Q1,Dyspnea,False,Serious,Physician,DE,45-64,1
DRG007,Eptifenex,Cardiology,2024-Q1,Bradycardia,False,Moderate,Consumer,GB,18-44,1
DRG007,Eptifenex,Cardiology,2024-Q1,Dizziness,False,Moderate,Consumer,US,45-64,1
DRG007,Eptifenex,Cardiology,2024-Q1,Palpitations,False,Mild,Pharmacist,US,18-44,1
DRG007,Eptifenex,Cardiology,2024-Q1,Hypotension,False,Serious,Pharmacist,US,75+,1
DRG007,Eptifenex,Cardiology,2024-Q1,Oedema,False,Moderate,Physician,JP,45-64,1
DRG007,Eptifenex,Cardiology,2024-Q1,Palpitations,False,Mild,Physician,FR,75+,1
DRG007,Eptifenex,Cardiology,2024-Q1,Oedema,False,Critical,Physician,US,75+,1
DRG007,Eptifenex,Cardiology,2024-Q1,Bradycardia,False,Serious,Consumer,FR,18-44,1
DRG007,Eptifenex,Cardiology,2024-Q1,Oedema,False,Moderate,Physician,US,65-74,1
DRG007,Eptifenex,Cardiology,2024-Q1,Dyspnea,False,Mild,Physician,US,75+,1
DRG007,Eptifenex,Cardiology,2024-Q1,Hypotension,False,Mild,Pharmacist,US,75+,1
DRG007,Eptifenex,Cardiology,2024-Q1,Oedema,False,Mild,Other,US,45-64,1
DRG007,Eptifenex,Cardiology,2024-Q1,Dizziness,False,Mild,Pharmacist,US,45-64,1
DRG007,Eptifenex,Cardiology,2024-Q1,Dyspnea,False,Mild,Consumer,US,65-74,1
DRG007,Eptifenex,Cardiology,2024-Q1,Hypotension,False,Moderate,Other,US,18-44,1
DRG007,Eptifenex,Cardiology,2024-Q1,Palpitations,False,Serious,Consumer,CA,65-74,1
DRG007,Eptifenex,Cardiology,2024-Q1,Oedema,False,Mild,Physician,US,18-44,1
DRG007,Eptifenex,Cardiology,2024-Q1,Palpitations,False,Moderate,Pharmacist,US,75+,1
DRG007,Eptifenex,Cardiology,2024-Q1,Oedema,False,Mild,Physician,FR,18-44,1
DRG007,Eptifenex,Cardiology,2024-Q1,Fatigue,False,Mild,Physician,FR,65-74,1
DRG007,Eptifenex,Cardiology,2024-Q1,Oedema,False,Critical,Other,GB,45-64,1
DRG007,Eptifenex,Cardiology,2024-Q1,Bradycardia,False,Moderate,Consumer,US,45-64,1
DRG007,Eptifenex,Cardiology,2024-Q1,Palpitations,False,Mild,Physician,FR,65-74,1
DRG007,Eptifenex,Cardiology,2024-Q1,Bradycardia,False,Moderate,Consumer,FR,45-64,1
DRG007,Eptifenex,Cardiology,2024-Q1,Dyspnea,False,Moderate,Physician,US,65-74,1
DRG007,Eptifenex,Cardiology,2024-Q1,Fatigue,False,Mild,Pharmacist,GB,18-44,1
DRG007,Eptifenex,Cardiology,2024-Q1,Palpitations,False,Critical,Other,DE,18-44,1
DRG007,Eptifenex,Cardiology,2024-Q1,Dyspnea,False,Mild,Consumer,DE,45-64,1
DRG007,Eptifenex,Cardiology,2024-Q1,Dizziness,False,Mild,Pharmacist,US,65-74,1
DRG007,Eptifenex,Cardiology,2024-Q1,Dyspnea,False,Serious,Consumer,US,45-64,1
DRG007,Eptifenex,Cardiology,2024-Q1,Bradycardia,False,Mild,Consumer,US,18-44,1
DRG007,Eptifenex,Cardiology,2024-Q1,Fatigue,False,Serious,Pharmacist,US,65-74,1
DRG007,Eptifenex,Cardiology,2024-Q1,Fatigue,False,Moderate,Physician,US,75+,1
DRG007,Eptifenex,Cardiology,2024-Q1,Fatigue,False,Critical,Consumer,US,18-44,1
DRG007,Eptifenex,Cardiology,2024-Q1,Palpitations,False,Mild,Consumer,FR,65-74,1
DRG007,Eptifenex,Cardiology,2024-Q1,Bradycardia,False,Moderate,Physician,US,18-44,1
DRG007,Eptifenex,Cardiology,2024-Q1,Hypotension,False,Moderate,Consumer,US,75+,1
DRG007,Eptifenex,Cardiology,2024-Q1,Dizziness,False,Critical,Other,JP,45-64,1
DRG007,Eptifenex,Cardiology,2024-Q1,Fatigue,False,Serious,Pharmacist,GB,75+,1
DRG007,Eptifenex,Cardiology,2024-Q1,Dyspnea,False,Mild,Consumer,GB,45-64,1
DRG007,Eptifenex,Cardiology,2024-Q1,Hypotension,False,Mild,Physician,US,75+,1
DRG007,Eptifenex,Cardiology,2024-Q1,Fatigue,False,Moderate,Other,GB,45-64,1
DRG007,Eptifenex,Cardiology,2024-Q1,Bradycardia,False,Mild,Physician,US,65-74,1
DRG007,Eptifenex,Cardiology,2024-Q1,Bradycardia,False,Mild,Physician,FR,18-44,1
DRG007,Eptifenex,Cardiology,2024-Q1,Bradycardia,False,Mild,Consumer,US,45-64,1
DRG007,Eptifenex,Cardiology,2024-Q1,Fatigue,False,Mild,Physician,FR,75+,1
DRG007,Eptifenex,Cardiology,2024-Q1,Hypotension,False,Moderate,Pharmacist,GB,18-44,1
DRG007,Eptifenex,Cardiology,2024-Q1,Dizziness,False,Moderate,Physician,US,75+,1
DRG007,Eptifenex,Cardiology,2024-Q1,Bradycardia,False,Mild,Consumer,US,75+,1
DRG007,Eptifenex,Cardiology,2024-Q1,Fatigue,False,Critical,Physician,US,65-74,1
DRG007,Eptifenex,Cardiology,2024-Q1,Dizziness,False,Mild,Consumer,DE,45-64,1
DRG007,Eptifenex,Cardiology,2024-Q1,Oedema,False,Serious,Physician,US,45-64,1
DRG007,Eptifenex,Cardiology,2024-Q1,Hypotension,False,Critical,Physician,US,45-64,1
DRG007,Eptifenex,Cardiology,2024-Q1,Dizziness,False,Moderate,Other,JP,75+,1
DRG007,Eptifenex,Cardiology,2024-Q1,Bradycardia,False,Critical,Other,DE,65-74,1
DRG007,Eptifenex,Cardiology,2024-Q1,Dizziness,False,Critical,Physician,US,65-74,1
DRG008,Durosamab,Cardiology,2023-Q2,Dyspnea,False,Serious,Physician,US,45-64,2
DRG008,Durosamab,Cardiology,2023-Q2,Hypotension,False,Moderate,Physician,US,75+,2
DRG008,Durosamab,Cardiology,2023-Q2,Palpitations,False,Serious,Consumer,US,45-64,2
DRG008,Durosamab,Cardiology,2023-Q2,Bradycardia,False,Mild,Physician,US,18-44,2
DRG008,Durosamab,Cardiology,2023-Q2,Palpitations,False,Moderate,Consumer,JP,45-64,1
DRG008,Durosamab,Cardiology,2023-Q2,Dizziness,False,Moderate,Consumer,US,75+,1
DRG008,Durosamab,Cardiology,2023-Q2,Oedema,False,Serious,Physician,JP,75+,1
DRG008,Durosamab,Cardiology,2023-Q2,Dizziness,False,Mild,Consumer,GB,45-64,1
DRG008,Durosamab,Cardiology,2023-Q2,Dyspnea,False,Serious,Physician,FR,18-44,1
DRG008,Durosamab,Cardiology,2023-Q2,Palpitations,False,Moderate,Consumer,US,75+,1
DRG008,Durosamab,Cardiology,2023-Q2,Oedema,False,Serious,Consumer,FR,65-74,1
DRG008,Durosamab,Cardiology,2023-Q2,Oedema,False,Mild,Physician,GB,45-64,1
DRG008,Durosamab,Cardiology,2023-Q2,Oedema,False,Mild,Physician,JP,75+,1
DRG008,Durosamab,Cardiology,2023-Q2,Hypotension,False,Serious,Physician,US,18-44,1
DRG008,Durosamab,Cardiology,2023-Q2,Fatigue,False,Moderate,Consumer,US,18-44,1
DRG008,Durosamab,Cardiology,2023-Q2,Dyspnea,False,Mild,Consumer,US,65-74,1
DRG008,Durosamab,Cardiology,2023-Q2,Bradycardia,False,Moderate,Consumer,US,45-64,1
DRG008,Durosamab,Cardiology,2023-Q2,Palpitations,False,Mild,Physician,US,18-44,1
DRG008,Durosamab,Cardiology,2023-Q2,Fatigue,False,Serious,Physician,US,65-74,1
DRG008,Durosamab,Cardiology,2023-Q2,Dizziness,False,Critical,Consumer,US,45-64,1
DRG008,Durosamab,Cardiology,2023-Q2,Dyspnea,False,Critical,Consumer,FR,45-64,1
DRG008,Durosamab,Cardiology,2023-Q2,Dizziness,False,Mild,Pharmacist,DE,45-64,1
DRG008,Durosamab,Cardiology,2023-Q2,Palpitations,False,Moderate,Consumer,JP,75+,1
DRG008,Durosamab,Cardiology,2023-Q2,Bradycardia,False,Serious,Pharmacist,US,45-64,1
DRG008,Durosamab,Cardiology,2023-Q2,Palpitations,False,Serious,Physician,US,75+,1
DRG008,Durosamab,Cardiology,2023-Q2,Dyspnea,False,Mild,Consumer,GB,45-64,1
DRG008,Durosamab,Cardiology,2023-Q2,Hypotension,False,Serious,Pharmacist,US,75+,1
DRG008,Durosamab,Cardiology,2023-Q2,Palpitations,False,Mild,Physician,US,65-74,1
DRG008,Durosamab,Cardiology,2023-Q2,Dizziness,False,Mild,Pharmacist,US,45-64,1
DRG008,Durosamab,Cardiology,2023-Q2,Hypotension,False,Critical,Consumer,US,75+,1
DRG008,Durosamab,Cardiology,2023-Q2,Dyspnea,False,Mild,Pharmacist,US,75+,1
DRG008,Durosamab,Cardiology,2023-Q2,Bradycardia,False,Mild,Pharmacist,GB,18-44,1
DRG008,Durosamab,Cardiology,2023-Q2,Oedema,False,Serious,Consumer,FR,18-44,1
DRG008,Durosamab,Cardiology,2023-Q2,Bradycardia,False,Moderate,Physician,FR,65-74,1
DRG008,Durosamab,Cardiology,2023-Q2,Dizziness,False,Moderate,Physician,DE,65-74,1
DRG008,Durosamab,Cardiology,2023-Q2,Oedema,False,Moderate,Consumer,JP,18-44,1
DRG008,Durosamab,Cardiology,2023-Q2,Bradycardia,False,Mild,Physician,US,65-74,1
DRG008,Durosamab,Cardiology,2023-Q2,Dizziness,False,Mild,Other,JP,45-64,1
DRG008,Durosamab,Cardiology,2023-Q2,Palpitations,False,Critical,Other,CA,65-74,1
DRG008,Durosamab,Cardiology,2023-Q2,Palpitations,False,Critical,Pharmacist,US,18-44,1
DRG008,Durosamab,Cardiology,2023-Q2,Bradycardia,False,Moderate,Physician,US,75+,1
DRG008,Durosamab,Cardiology,2023-Q2,Hypotension,False,Critical,Pharmacist,JP,45-64,1
DRG008,Durosamab,Cardiology,2023-Q2,Bradycardia,False,Serious,Consumer,US,45-64,1
DRG008,Durosamab,Cardiology,2023-Q2,Bradycardia,False,Moderate,Physician,US,18-44,1
DRG008,Durosamab,Cardiology,2023-Q2,Dizziness,False,Mild,Physician,US,75+,1
DRG008,Durosamab,Cardiology,2023-Q2,Bradycardia,False,Moderate,Physician,FR,45-64,1
DRG008,Durosamab,Cardiology,2023-Q2,Hypotension,False,Mild,Pharmacist,US,18-44,1
DRG008,Durosamab,Cardiology,2023-Q2,Bradycardia,False,Mild,Physician,US,45-64,1
DRG008,Durosamab,Cardiology,2023-Q2,Dyspnea,False,Mild,Pharmacist,US,65-74,1
DRG008,Durosamab,Cardiology,2023-Q2,Hypotension,False,Critical,Physician,US,45-64,1
DRG008,Durosamab,Cardiology,2023-Q2,Bradycardia,False,Moderate,Consumer,US,18-44,1
DRG008,Durosamab,Cardiology,2023-Q2,Hypotension,False,Critical,Pharmacist,FR,45-64,1
DRG008,Durosamab,Cardiology,2023-Q2,Fatigue,False,Mild,Physician,CA,18-44,1
DRG008,Durosamab,Cardiology,2023-Q2,Oedema,False,Mild,Pharmacist,US,45-64,1
DRG008,Durosamab,Cardiology,2023-Q2,Dyspnea,False,Mild,Physician,DE,45-64,1
DRG008,Durosamab,Cardiology,2023-Q2,Dyspnea,False,Serious,Physician,US,65-74,1
DRG008,Durosamab,Cardiology,2023-Q2,Fatigue,False,Moderate,Pharmacist,FR,18-44,1
DRG008,Durosamab,Cardiology,2023-Q2,Fatigue,False,Moderate,Pharmacist,US,18-44,1
DRG008,Durosamab,Cardiology,2023-Q2,Dizziness,False,Moderate,Other,JP,18-44,1
DRG008,Durosamab,Cardiology,2023-Q2,Dyspnea,False,Moderate,Pharmacist,CA,65-74,1
DRG008,Durosamab,Cardiology,2023-Q2,Oedema,False,Mild,Physician,US,45-64,1
DRG008,Durosamab,Cardiology,2023-Q2,Fatigue,False,Mild,Consumer,US,45-64,1
DRG008,Durosamab,Cardiology,2023-Q2,Hypotension,False,Moderate,Physician,GB,18-44,1
DRG008,Durosamab,Cardiology,2023-Q2,Hypotension,False,Mild,Physician,US,65-74,1
DRG008,Durosamab,Cardiology,2023-Q2,Dizziness,False,Serious,Physician,FR,18-44,1
DRG008,Durosamab,Cardiology,2023-Q2,Dizziness,False,Moderate,Other,DE,65-74,1
DRG008,Durosamab,Cardiology,2023-Q2,Dizziness,False,Serious,Consumer,US,45-64,1
DRG008,Durosamab,Cardiology,2023-Q2,Bradycardia,False,Mild,Consumer,CA,65-74,1
DRG008,Durosamab,Cardiology,2023-Q2,Bradycardia,False,Critical,Physician,US,65-74,1
DRG008,Durosamab,Cardiology,2023-Q2,Palpitations,False,Serious,Other,US,65-74,1
DRG008,Durosamab,Cardiology,2023-Q2,Oedema,False,Critical,Pharmacist,US,45-64,1
DRG008,Durosamab,Cardiology,2023-Q2,Bradycardia,False,Mild,Pharmacist,DE,45-64,1
DRG008,Durosamab,Cardiology,2023-Q2,Dyspnea,False,Moderate,Consumer,US,45-64,1
DRG008,Durosamab,Cardiology,2023-Q2,Dizziness,False,Serious,Physician,US,45-64,1
DRG008,Durosamab,Cardiology,2023-Q2,Bradycardia,False,Mild,Consumer,US,18-44,1
DRG008,Durosamab,Cardiology,2023-Q2,Dizziness,False,Moderate,Physician,FR,45-64,1
DRG008,Durosamab,Cardiology,2023-Q2,Oedema,False,Serious,Physician,US,45-64,1
DRG008,Durosamab,Cardiology,2023-Q2,Fatigue,False,Serious,Other,CA,65-74,1
DRG008,Durosamab,Cardiology,2023-Q2,Hypotension,False,Serious,Consumer,US,18-44,1
DRG008,Durosamab,Cardiology,2023-Q2,Oedema,False,Mild,Physician,FR,65-74,1
DRG008,Durosamab,Cardiology,2023-Q2,Fatigue,False,Moderate,Other,US,65-74,1
DRG008,Durosamab,Cardiology,2023-Q2,Dizziness,False,Critical,Physician,US,65-74,1
DRG008,Durosamab,Cardiology,2023-Q3,Dizziness,False,Mild,Physician,JP,45-64,2
DRG008,Durosamab,Cardiology,2023-Q3,Bradycardia,False,Moderate,Consumer,US,75+,2
DRG008,Durosamab,Cardiology,2023-Q3,Palpitations,False,Mild,Consumer,US,75+,2
DRG008,Durosamab,Cardiology,2023-Q3,Palpitations,False,Mild,Physician,US,45-64,1
DRG008,Durosamab,Cardiology,2023-Q3,Hypotension,False,Moderate,Pharmacist,GB,45-64,1
DRG008,Durosamab,Cardiology,2023-Q3,Dyspnea,False,Mild,Other,US,45-64,1
DRG008,Durosamab,Cardiology,2023-Q3,Palpitations,False,Mild,Consumer,DE,65-74,1
DRG008,Durosamab,Cardiology,2023-Q3,Oedema,False,Moderate,Other,US,45-64,1
DRG008,Durosamab,Cardiology,2023-Q3,Palpitations,False,Moderate,Consumer,US,18-44,1
DRG008,Durosamab,Cardiology,2023-Q3,Dyspnea,False,Mild,Physician,US,65-74,1
DRG008,Durosamab,Cardiology,2023-Q3,Fatigue,False,Moderate,Consumer,US,75+,1
DRG008,Durosamab,Cardiology,2023-Q3,Dizziness,False,Serious,Pharmacist,US,65-74,1
DRG008,Durosamab,Cardiology,2023-Q3,Dyspnea,False,Critical,Physician,US,45-64,1
DRG008,Durosamab,Cardiology,2023-Q3,Palpitations,False,Mild,Physician,FR,65-74,1
DRG008,Durosamab,Cardiology,2023-Q3,Oedema,False,Moderate,Consumer,US,65-74,1
DRG008,Durosamab,Cardiology,2023-Q3,Dizziness,False,Moderate,Physician,FR,45-64,1
DRG008,Durosamab,Cardiology,2023-Q3,Fatigue,False,Moderate,Physician,US,45-64,1
DRG008,Durosamab,Cardiology,2023-Q3,Fatigue,False,Mild,Physician,US,18-44,1
DRG008,Durosamab,Cardiology,2023-Q3,Dyspnea,False,Serious,Pharmacist,DE,45-64,1
DRG008,Durosamab,Cardiology,2023-Q3,Hypotension,False,Moderate,Pharmacist,US,45-64,1
DRG008,Durosamab,Cardiology,2023-Q3,Palpitations,False,Serious,Consumer,GB,65-74,1
DRG008,Durosamab,Cardiology,2023-Q3,Dyspnea,False,Serious,Physician,JP,45-64,1
DRG008,Durosamab,Cardiology,2023-Q3,Palpitations,False,Serious,Pharmacist,US,45-64,1
DRG008,Durosamab,Cardiology,2023-Q3,Bradycardia,False,Critical,Consumer,US,65-74,1
DRG008,Durosamab,Cardiology,2023-Q3,Palpitations,False,Moderate,Pharmacist,US,65-74,1
DRG008,Durosamab,Cardiology,2023-Q3,Palpitations,False,Mild,Physician,DE,65-74,1
DRG008,Durosamab,Cardiology,2023-Q3,Bradycardia,False,Mild,Physician,US,18-44,1
DRG008,Durosamab,Cardiology,2023-Q3,Palpitations,False,Serious,Pharmacist,US,18-44,1
DRG008,Durosamab,Cardiology,2023-Q3,Fatigue,False,Moderate,Consumer,US,18-44,1
DRG008,Durosamab,Cardiology,2023-Q3,Fatigue,False,Mild,Physician,FR,18-44,1
DRG008,Durosamab,Cardiology,2023-Q3,Dyspnea,False,Moderate,Other,GB,75+,1
DRG008,Durosamab,Cardiology,2023-Q3,Fatigue,False,Critical,Pharmacist,US,65-74,1
DRG008,Durosamab,Cardiology,2023-Q3,Oedema,False,Critical,Consumer,US,45-64,1
DRG008,Durosamab,Cardiology,2023-Q3,Palpitations,False,Moderate,Other,US,65-74,1
DRG008,Durosamab,Cardiology,2023-Q3,Hypotension,False,Mild,Consumer,JP,65-74,1
DRG008,Durosamab,Cardiology,2023-Q3,Palpitations,False,Moderate,Other,DE,18-44,1
DRG008,Durosamab,Cardiology,2023-Q3,Hypotension,False,Serious,Physician,DE,45-64,1
DRG008,Durosamab,Cardiology,2023-Q3,Hypotension,False,Moderate,Pharmacist,US,75+,1
DRG008,Durosamab,Cardiology,2023-Q3,Oedema,False,Serious,Physician,FR,75+,1
DRG008,Durosamab,Cardiology,2023-Q3,Bradycardia,False,Mild,Consumer,DE,65-74,1
DRG008,Durosamab,Cardiology,2023-Q3,Palpitations,False,Serious,Physician,DE,45-64,1
DRG008,Durosamab,Cardiology,2023-Q3,Hypotension,False,Critical,Physician,US,65-74,1
DRG008,Durosamab,Cardiology,2023-Q3,Bradycardia,False,Mild,Pharmacist,US,45-64,1
DRG008,Durosamab,Cardiology,2023-Q3,Hypotension,False,Mild,Consumer,DE,65-74,1
DRG008,Durosamab,Cardiology,2023-Q3,Palpitations,False,Moderate,Physician,GB,18-44,1
DRG008,Durosamab,Cardiology,2023-Q3,Fatigue,False,Serious,Physician,CA,45-64,1
DRG008,Durosamab,Cardiology,2023-Q3,Hypotension,False,Serious,Physician,GB,65-74,1
DRG008,Durosamab,Cardiology,2023-Q3,Hypotension,False,Mild,Consumer,GB,18-44,1
DRG008,Durosamab,Cardiology,2023-Q3,Dyspnea,False,Moderate,Physician,JP,45-64,1
DRG008,Durosamab,Cardiology,2023-Q3,Hypotension,False,Mild,Physician,US,65-74,1
DRG008,Durosamab,Cardiology,2023-Q3,Hypotension,False,Mild,Pharmacist,US,45-64,1
DRG008,Durosamab,Cardiology,2023-Q3,Oedema,False,Moderate,Physician,DE,75+,1
DRG008,Durosamab,Cardiology,2023-Q3,Bradycardia,False,Moderate,Consumer,US,65-74,1
DRG008,Durosamab,Cardiology,2023-Q3,Oedema,False,Mild,Physician,US,65-74,1
DRG008,Durosamab,Cardiology,2023-Q3,Dizziness,False,Serious,Physician,GB,45-64,1
DRG008,Durosamab,Cardiology,2023-Q3,Fatigue,False,Mild,Consumer,JP,75+,1
DRG008,Durosamab,Cardiology,2023-Q3,Dyspnea,False,Moderate,Pharmacist,US,65-74,1
DRG008,Durosamab,Cardiology,2023-Q3,Fatigue,False,Critical,Physician,FR,65-74,1
DRG008,Durosamab,Cardiology,2023-Q3,Bradycardia,False,Moderate,Consumer,US,18-44,1
DRG008,Durosamab,Cardiology,2023-Q3,Hypotension,False,Mild,Pharmacist,US,65-74,1
DRG008,Durosamab,Cardiology,2023-Q3,Oedema,False,Moderate,Physician,US,18-44,1
DRG008,Durosamab,Cardiology,2023-Q3,Oedema,False,Mild,Physician,JP,45-64,1
DRG008,Durosamab,Cardiology,2023-Q3,Bradycardia,False,Serious,Pharmacist,GB,65-74,1
DRG008,Durosamab,Cardiology,2023-Q3,Hypotension,False,Moderate,Consumer,US,75+,1
DRG008,Durosamab,Cardiology,2023-Q3,Bradycardia,False,Moderate,Pharmacist,US,65-74,1
DRG008,Durosamab,Cardiology,2023-Q3,Hypotension,False,Serious,Physician,US,45-64,1
DRG008,Durosamab,Cardiology,2023-Q3,Dizziness,False,Moderate,Physician,CA,45-64,1
DRG008,Durosamab,Cardiology,2023-Q3,Dizziness,False,Serious,Consumer,US,18-44,1
DRG008,Durosamab,Cardiology,2023-Q3,Dyspnea,False,Moderate,Consumer,US,75+,1
DRG008,Durosamab,Cardiology,2023-Q3,Fatigue,False,Mild,Physician,FR,45-64,1
DRG008,Durosamab,Cardiology,2023-Q3,Fatigue,False,Mild,Pharmacist,JP,75+,1
DRG008,Durosamab,Cardiology,2023-Q3,Oedema,False,Moderate,Consumer,DE,45-64,1
DRG008,Durosamab,Cardiology,2023-Q3,Palpitations,False,Moderate,Consumer,FR,18-44,1
DRG008,Durosamab,Cardiology,2023-Q3,Fatigue,False,Critical,Physician,US,65-74,1
DRG008,Durosamab,Cardiology,2023-Q3,Dizziness,False,Critical,Physician,US,45-64,1
DRG008,Durosamab,Cardiology,2023-Q3,Dizziness,False,Critical,Pharmacist,CA,45-64,1
DRG008,Durosamab,Cardiology,2023-Q3,Oedema,False,Mild,Other,US,45-64,1
DRG008,Durosamab,Cardiology,2023-Q3,Bradycardia,False,Moderate,Pharmacist,GB,65-74,1
DRG008,Durosamab,Cardiology,2023-Q3,Fatigue,False,Moderate,Consumer,US,45-64,1
DRG008,Durosamab,Cardiology,2023-Q3,Dizziness,False,Moderate,Physician,US,65-74,1
DRG008,Durosamab,Cardiology,2023-Q3,Dizziness,False,Serious,Other,GB,45-64,1
DRG008,Durosamab,Cardiology,2023-Q3,Bradycardia,False,Mild,Other,JP,45-64,1
DRG008,Durosamab,Cardiology,2023-Q3,Hypotension,False,Moderate,Physician,GB,45-64,1
DRG008,Durosamab,Cardiology,2023-Q3,Dizziness,False,Serious,Other,US,65-74,1
DRG008,Durosamab,Cardiology,2023-Q3,Oedema,False,Serious,Physician,US,45-64,1
DRG008,Durosamab,Cardiology,2023-Q3,Dizziness,False,Serious,Physician,US,45-64,1
DRG008,Durosamab,Cardiology,2023-Q3,Palpitations,False,Serious,Consumer,FR,75+,1
DRG008,Durosamab,Cardiology,2023-Q3,Palpitations,False,Mild,Pharmacist,US,65-74,1
DRG008,Durosamab,Cardiology,2023-Q3,Dyspnea,False,Moderate,Physician,US,75+,1
DRG008,Durosamab,Cardiology,2023-Q3,Dizziness,False,Serious,Physician,US,65-74,1
DRG008,Durosamab,Cardiology,2023-Q3,Palpitations,False,Mild,Pharmacist,US,45-64,1
DRG008,Durosamab,Cardiology,2023-Q3,Dyspnea,False,Mild,Physician,FR,18-44,1
DRG008,Durosamab,Cardiology,2023-Q3,Dyspnea,False,Moderate,Consumer,US,65-74,1
DRG008,Durosamab,Cardiology,2023-Q3,Hypotension,False,Moderate,Consumer,CA,18-44,1
DRG008,Durosamab,Cardiology,2023-Q3,Bradycardia,False,Critical,Physician,US,45-64,1
DRG008,Durosamab,Cardiology,2023-Q3,Oedema,False,Mild,Consumer,US,75+,1
DRG008,Durosamab,Cardiology,2023-Q3,Fatigue,False,Mild,Other,CA,65-74,1
DRG008,Durosamab,Cardiology,2023-Q3,Hypotension,False,Critical,Pharmacist,US,75+,1
DRG008,Durosamab,Cardiology,2023-Q3,Dizziness,False,Moderate,Consumer,US,45-64,1
DRG008,Durosamab,Cardiology,2023-Q3,Dyspnea,False,Critical,Consumer,CA,45-64,1
DRG008,Durosamab,Cardiology,2023-Q3,Bradycardia,False,Moderate,Pharmacist,US,45-64,1
DRG008,Durosamab,Cardiology,2023-Q3,Bradycardia,False,Serious,Consumer,FR,45-64,1
DRG008,Durosamab,Cardiology,2023-Q3,Dizziness,False,Moderate,Consumer,US,65-74,1
DRG008,Durosamab,Cardiology,2023-Q3,Fatigue,False,Mild,Consumer,FR,18-44,1
DRG008,Durosamab,Cardiology,2023-Q3,Dizziness,False,Mild,Consumer,JP,75+,1
DRG008,Durosamab,Cardiology,2023-Q3,Palpitations,False,Moderate,Physician,DE,18-44,1
DRG008,Durosamab,Cardiology,2023-Q3,Dizziness,False,Serious,Other,CA,45-64,1
DRG008,Durosamab,Cardiology,2023-Q3,Palpitations,False,Critical,Physician,US,45-64,1
DRG008,Durosamab,Cardiology,2023-Q3,Hypotension,False,Mild,Physician,GB,75+,1
DRG008,Durosamab,Cardiology,2023-Q3,Dizziness,False,Serious,Physician,CA,65-74,1
DRG008,Durosamab,Cardiology,2023-Q3,Oedema,False,Moderate,Consumer,US,18-44,1
DRG008,Durosamab,Cardiology,2023-Q4,Dizziness,False,Mild,Physician,US,45-64,3
DRG008,Durosamab,Cardiology,2023-Q4,Dyspnea,False,Mild,Physician,US,45-64,2
DRG008,Durosamab,Cardiology,2023-Q4,Oedema,False,Mild,Consumer,DE,65-74,2
DRG008,Durosamab,Cardiology,2023-Q4,Dyspnea,False,Moderate,Physician,US,45-64,2
DRG008,Durosamab,Cardiology,2023-Q4,Dyspnea,False,Moderate,Pharmacist,US,65-74,2
DRG008,Durosamab,Cardiology,2023-Q4,Fatigue,False,Mild,Physician,US,45-64,2
DRG008,Durosamab,Cardiology,2023-Q4,Oedema,False,Moderate,Consumer,US,45-64,2
DRG008,Durosamab,Cardiology,2023-Q4,Fatigue,False,Mild,Physician,DE,45-64,2
DRG008,Durosamab,Cardiology,2023-Q4,Palpitations,False,Mild,Consumer,US,75+,1
DRG008,Durosamab,Cardiology,2023-Q4,Bradycardia,False,Moderate,Consumer,CA,45-64,1
DRG008,Durosamab,Cardiology,2023-Q4,Hypotension,False,Moderate,Consumer,CA,18-44,1
DRG008,Durosamab,Cardiology,2023-Q4,Bradycardia,False,Mild,Physician,CA,45-64,1
DRG008,Durosamab,Cardiology,2023-Q4,Dizziness,False,Mild,Physician,CA,45-64,1
DRG008,Durosamab,Cardiology,2023-Q4,Dizziness,False,Mild,Physician,JP,45-64,1
DRG008,Durosamab,Cardiology,2023-Q4,Palpitations,False,Mild,Consumer,CA,45-64,1
DRG008,Durosamab,Cardiology,2023-Q4,Oedema,False,Mild,Physician,GB,75+,1
DRG008,Durosamab,Cardiology,2023-Q4,Fatigue,False,Serious,Consumer,US,45-64,1
DRG008,Durosamab,Cardiology,2023-Q4,Palpitations,False,Critical,Physician,JP,18-44,1
DRG008,Durosamab,Cardiology,2023-Q4,Fatigue,False,Moderate,Pharmacist,FR,45-64,1
DRG008,Durosamab,Cardiology,2023-Q4,Fatigue,False,Moderate,Pharmacist,US,45-64,1
DRG008,Durosamab,Cardiology,2023-Q4,Hypotension,False,Moderate,Physician,US,45-64,1
DRG008,Durosamab,Cardiology,2023-Q4,Palpitations,False,Serious,Pharmacist,FR,45-64,1
DRG008,Durosamab,Cardiology,2023-Q4,Bradycardia,False,Serious,Consumer,US,45-64,1
DRG008,Durosamab,Cardiology,2023-Q4,Fatigue,False,Mild,Pharmacist,US,18-44,1
DRG008,Durosamab,Cardiology,2023-Q4,Oedema,False,Moderate,Physician,US,45-64,1
DRG008,Durosamab,Cardiology,2023-Q4,Fatigue,False,Mild,Consumer,CA,65-74,1
DRG008,Durosamab,Cardiology,2023-Q4,Bradycardia,False,Mild,Consumer,US,45-64,1
DRG008,Durosamab,Cardiology,2023-Q4,Dizziness,False,Moderate,Pharmacist,US,45-64,1
DRG008,Durosamab,Cardiology,2023-Q4,Bradycardia,False,Moderate,Physician,JP,75+,1
DRG008,Durosamab,Cardiology,2023-Q4,Oedema,False,Serious,Physician,FR,45-64,1
DRG008,Durosamab,Cardiology,2023-Q4,Bradycardia,False,Mild,Physician,CA,65-74,1
DRG008,Durosamab,Cardiology,2023-Q4,Oedema,False,Serious,Other,CA,45-64,1
DRG008,Durosamab,Cardiology,2023-Q4,Hypotension,False,Serious,Pharmacist,GB,65-74,1
DRG008,Durosamab,Cardiology,2023-Q4,Dyspnea,False,Mild,Physician,US,75+,1
DRG008,Durosamab,Cardiology,2023-Q4,Oedema,False,Serious,Physician,GB,65-74,1
DRG008,Durosamab,Cardiology,2023-Q4,Hypotension,False,Critical,Physician,GB,18-44,1
DRG008,Durosamab,Cardiology,2023-Q4,Dyspnea,False,Moderate,Other,US,45-64,1
DRG008,Durosamab,Cardiology,2023-Q4,Dyspnea,False,Mild,Pharmacist,US,45-64,1
DRG008,Durosamab,Cardiology,2023-Q4,Dyspnea,False,Moderate,Consumer,US,65-74,1
DRG008,Durosamab,Cardiology,2023-Q4,Oedema,False,Moderate,Pharmacist,DE,18-44,1
DRG008,Durosamab,Cardiology,2023-Q4,Palpitations,False,Critical,Physician,US,65-74,1
DRG008,Durosamab,Cardiology,2023-Q4,Palpitations,False,Moderate,Physician,US,45-64,1
DRG008,Durosamab,Cardiology,2023-Q4,Dizziness,False,Mild,Consumer,US,18-44,1
DRG008,Durosamab,Cardiology,2023-Q4,Hypotension,False,Moderate,Physician,CA,75+,1
DRG008,Durosamab,Cardiology,2023-Q4,Hypotension,False,Moderate,Physician,US,65-74,1
DRG008,Durosamab,Cardiology,2023-Q4,Dyspnea,False,Moderate,Physician,US,65-74,1
DRG008,Durosamab,Cardiology,2023-Q4,Dizziness,False,Moderate,Other,CA,45-64,1
DRG008,Durosamab,Cardiology,2023-Q4,Bradycardia,False,Mild,Physician,US,65-74,1
DRG008,Durosamab,Cardiology,2023-Q4,Bradycardia,False,Mild,Physician,US,18-44,1
DRG008,Durosamab,Cardiology,2023-Q4,Oedema,False,Moderate,Physician,GB,45-64,1
DRG008,Durosamab,Cardiology,2023-Q4,Fatigue,False,Mild,Physician,FR,45-64,1
DRG008,Durosamab,Cardiology,2023-Q4,Dyspnea,False,Serious,Physician,US,45-64,1
DRG008,Durosamab,Cardiology,2023-Q4,Fatigue,False,Critical,Physician,CA,45-64,1
DRG008,Durosamab,Cardiology,2023-Q4,Bradycardia,False,Critical,Physician,DE,75+,1
DRG008,Durosamab,Cardiology,2023-Q4,Fatigue,False,Moderate,Consumer,US,75+,1
DRG008,Durosamab,Cardiology,2023-Q4,Palpitations,False,Moderate,Consumer,US,18-44,1
DRG008,Durosamab,Cardiology,2023-Q4,Dizziness,False,Mild,Consumer,US,75+,1
DRG008,Durosamab,Cardiology,2023-Q4,Oedema,False,Critical,Pharmacist,US,45-64,1
DRG008,Durosamab,Cardiology,2023-Q4,Hypotension,False,Mild,Pharmacist,US,45-64,1
DRG008,Durosamab,Cardiology,2023-Q4,Bradycardia,False,Moderate,Physician,US,65-74,1
DRG008,Durosamab,Cardiology,2023-Q4,Dyspnea,False,Critical,Pharmacist,US,65-74,1
DRG008,Durosamab,Cardiology,2023-Q4,Oedema,False,Moderate,Consumer,FR,65-74,1
DRG008,Durosamab,Cardiology,2023-Q4,Hypotension,False,Mild,Consumer,FR,75+,1
DRG008,Durosamab,Cardiology,2023-Q4,Hypotension,False,Mild,Consumer,CA,65-74,1
DRG008,Durosamab,Cardiology,2023-Q4,Palpitations,False,Moderate,Physician,US,75+,1
DRG008,Durosamab,Cardiology,2023-Q4,Fatigue,False,Mild,Physician,CA,45-64,1
DRG008,Durosamab,Cardiology,2023-Q4,Dyspnea,False,Critical,Consumer,US,45-64,1
DRG008,Durosamab,Cardiology,2023-Q4,Dizziness,False,Moderate,Consumer,US,45-64,1
DRG008,Durosamab,Cardiology,2023-Q4,Dyspnea,False,Mild,Physician,US,65-74,1
DRG008,Durosamab,Cardiology,2023-Q4,Palpitations,False,Critical,Other,US,45-64,1
DRG008,Durosamab,Cardiology,2023-Q4,Hypotension,False,Mild,Physician,JP,45-64,1
DRG008,Durosamab,Cardiology,2023-Q4,Bradycardia,False,Critical,Physician,GB,18-44,1
DRG008,Durosamab,Cardiology,2023-Q4,Palpitations,False,Moderate,Consumer,US,65-74,1
DRG008,Durosamab,Cardiology,2023-Q4,Dyspnea,False,Serious,Other,DE,45-64,1
DRG008,Durosamab,Cardiology,2023-Q4,Hypotension,False,Critical,Pharmacist,DE,65-74,1
DRG008,Durosamab,Cardiology,2023-Q4,Oedema,False,Moderate,Pharmacist,US,75+,1
DRG008,Durosamab,Cardiology,2023-Q4,Palpitations,False,Serious,Pharmacist,FR,65-74,1
DRG008,Durosamab,Cardiology,2023-Q4,Fatigue,False,Mild,Physician,CA,18-44,1
DRG008,Durosamab,Cardiology,2023-Q4,Dizziness,False,Mild,Physician,US,75+,1
DRG008,Durosamab,Cardiology,2023-Q4,Bradycardia,False,Serious,Other,CA,75+,1
DRG008,Durosamab,Cardiology,2023-Q4,Hypotension,False,Moderate,Pharmacist,US,75+,1
DRG008,Durosamab,Cardiology,2023-Q4,Fatigue,False,Moderate,Physician,GB,75+,1
DRG008,Durosamab,Cardiology,2023-Q4,Palpitations,False,Critical,Physician,US,18-44,1
DRG008,Durosamab,Cardiology,2023-Q4,Dizziness,False,Moderate,Pharmacist,GB,45-64,1
DRG008,Durosamab,Cardiology,2023-Q4,Bradycardia,False,Mild,Consumer,US,65-74,1
DRG008,Durosamab,Cardiology,2023-Q4,Fatigue,False,Mild,Consumer,US,45-64,1
DRG008,Durosamab,Cardiology,2023-Q4,Bradycardia,False,Serious,Physician,US,45-64,1
DRG008,Durosamab,Cardiology,2023-Q4,Dyspnea,False,Mild,Physician,FR,18-44,1
DRG008,Durosamab,Cardiology,2023-Q4,Dizziness,False,Serious,Physician,CA,75+,1
DRG008,Durosamab,Cardiology,2023-Q4,Hypotension,False,Mild,Consumer,US,45-64,1
DRG008,Durosamab,Cardiology,2023-Q4,Oedema,False,Mild,Consumer,GB,45-64,1
DRG008,Durosamab,Cardiology,2023-Q4,Oedema,False,Serious,Pharmacist,DE,18-44,1
DRG008,Durosamab,Cardiology,2023-Q4,Dizziness,False,Serious,Physician,US,65-74,1
DRG008,Durosamab,Cardiology,2023-Q4,Dizziness,False,Mild,Physician,GB,18-44,1
DRG008,Durosamab,Cardiology,2023-Q4,Palpitations,False,Mild,Pharmacist,US,45-64,1
DRG008,Durosamab,Cardiology,2023-Q4,Oedema,False,Moderate,Physician,DE,45-64,1
DRG008,Durosamab,Cardiology,2023-Q4,Palpitations,False,Mild,Pharmacist,US,18-44,1
DRG008,Durosamab,Cardiology,2023-Q4,Oedema,False,Mild,Consumer,US,18-44,1
DRG008,Durosamab,Cardiology,2023-Q4,Bradycardia,False,Moderate,Physician,FR,65-74,1
DRG008,Durosamab,Cardiology,2023-Q4,Oedema,False,Mild,Physician,US,65-74,1
DRG008,Durosamab,Cardiology,2023-Q4,Palpitations,False,Mild,Physician,US,65-74,1
DRG008,Durosamab,Cardiology,2023-Q4,Palpitations,False,Moderate,Pharmacist,US,45-64,1
DRG008,Durosamab,Cardiology,2023-Q4,Oedema,False,Moderate,Consumer,JP,75+,1
DRG008,Durosamab,Cardiology,2023-Q4,Dizziness,False,Critical,Physician,US,45-64,1
DRG008,Durosamab,Cardiology,2023-Q4,Fatigue,False,Serious,Pharmacist,US,18-44,1
DRG008,Durosamab,Cardiology,2023-Q4,Palpitations,False,Serious,Other,US,18-44,1
DRG008,Durosamab,Cardiology,2023-Q4,Dizziness,False,Mild,Consumer,JP,45-64,1
DRG008,Durosamab,Cardiology,2023-Q4,Palpitations,False,Serious,Pharmacist,US,18-44,1
DRG008,Durosamab,Cardiology,2023-Q4,Fatigue,False,Moderate,Physician,GB,65-74,1
DRG008,Durosamab,Cardiology,2023-Q4,Fatigue,False,Moderate,Pharmacist,US,75+,1
DRG008,Durosamab,Cardiology,2023-Q4,Oedema,False,Moderate,Physician,US,65-74,1
DRG008,Durosamab,Cardiology,2023-Q4,Dyspnea,False,Mild,Consumer,US,18-44,1
DRG008,Durosamab,Cardiology,2023-Q4,Hypotension,False,Moderate,Consumer,US,65-74,1
DRG008,Durosamab,Cardiology,2023-Q4,Oedema,False,Moderate,Consumer,US,65-74,1
DRG008,Durosamab,Cardiology,2023-Q4,Dizziness,False,Critical,Physician,CA,65-74,1
DRG008,Durosamab,Cardiology,2023-Q4,Dyspnea,False,Mild,Other,US,45-64,1
DRG008,Durosamab,Cardiology,2024-Q1,Palpitations,False,Mild,Physician,US,65-74,2
DRG008,Durosamab,Cardiology,2024-Q1,Oedema,False,Mild,Consumer,US,65-74,2
DRG008,Durosamab,Cardiology,2024-Q1,Fatigue,False,Mild,Other,US,65-74,2
DRG008,Durosamab,Cardiology,2024-Q1,Bradycardia,False,Moderate,Pharmacist,JP,65-74,2
DRG008,Durosamab,Cardiology,2024-Q1,Dizziness,False,Serious,Consumer,US,45-64,2
DRG008,Durosamab,Cardiology,2024-Q1,Hypotension,False,Moderate,Consumer,US,75+,2
DRG008,Durosamab,Cardiology,2024-Q1,Palpitations,False,Mild,Physician,US,45-64,2
DRG008,Durosamab,Cardiology,2024-Q1,Oedema,False,Serious,Consumer,US,45-64,2
DRG008,Durosamab,Cardiology,2024-Q1,Oedema,False,Moderate,Consumer,US,45-64,2
DRG008,Durosamab,Cardiology,2024-Q1,Palpitations,False,Moderate,Physician,US,18-44,2
DRG008,Durosamab,Cardiology,2024-Q1,Dizziness,False,Mild,Physician,US,65-74,2
DRG008,Durosamab,Cardiology,2024-Q1,Dizziness,False,Mild,Physician,US,45-64,2
DRG008,Durosamab,Cardiology,2024-Q1,Bradycardia,False,Moderate,Physician,FR,45-64,2
DRG008,Durosamab,Cardiology,2024-Q1,Oedema,False,Mild,Physician,US,45-64,2
DRG008,Durosamab,Cardiology,2024-Q1,Hypotension,False,Serious,Physician,CA,18-44,1
DRG008,Durosamab,Cardiology,2024-Q1,Palpitations,False,Mild,Other,US,45-64,1
DRG008,Durosamab,Cardiology,2024-Q1,Oedema,False,Serious,Physician,DE,45-64,1
DRG008,Durosamab,Cardiology,2024-Q1,Fatigue,False,Mild,Consumer,US,18-44,1
DRG008,Durosamab,Cardiology,2024-Q1,Dyspnea,False,Critical,Consumer,US,75+,1
DRG008,Durosamab,Cardiology,2024-Q1,Bradycardia,False,Moderate,Consumer,US,18-44,1
DRG008,Durosamab,Cardiology,2024-Q1,Palpitations,False,Mild,Pharmacist,US,45-64,1
DRG008,Durosamab,Cardiology,2024-Q1,Hypotension,False,Mild,Physician,DE,65-74,1
DRG008,Durosamab,Cardiology,2024-Q1,Fatigue,False,Critical,Consumer,US,18-44,1
DRG008,Durosamab,Cardiology,2024-Q1,Fatigue,False,Mild,Physician,US,18-44,1
DRG008,Durosamab,Cardiology,2024-Q1,Palpitations,False,Mild,Physician,DE,45-64,1
DRG008,Durosamab,Cardiology,2024-Q1,Hypotension,False,Moderate,Pharmacist,JP,65-74,1
DRG008,Durosamab,Cardiology,2024-Q1,Oedema,False,Mild,Physician,US,75+,1
DRG008,Durosamab,Cardiology,2024-Q1,Bradycardia,False,Moderate,Consumer,US,65-74,1
DRG008,Durosamab,Cardiology,2024-Q1,Dyspnea,False,Mild,Physician,FR,45-64,1
DRG008,Durosamab,Cardiology,2024-Q1,Bradycardia,False,Moderate,Pharmacist,US,18-44,1
DRG008,Durosamab,Cardiology,2024-Q1,Hypotension,False,Mild,Consumer,US,65-74,1
DRG008,Durosamab,Cardiology,2024-Q1,Bradycardia,False,Moderate,Other,US,45-64,1
DRG008,Durosamab,Cardiology,2024-Q1,Palpitations,False,Mild,Consumer,CA,65-74,1
DRG008,Durosamab,Cardiology,2024-Q1,Dizziness,False,Serious,Other,US,45-64,1
DRG008,Durosamab,Cardiology,2024-Q1,Palpitations,False,Serious,Physician,FR,45-64,1
DRG008,Durosamab,Cardiology,2024-Q1,Dyspnea,False,Mild,Other,US,18-44,1
DRG008,Durosamab,Cardiology,2024-Q1,Dizziness,False,Moderate,Other,US,65-74,1
DRG008,Durosamab,Cardiology,2024-Q1,Hypotension,False,Moderate,Consumer,JP,65-74,1
DRG008,Durosamab,Cardiology,2024-Q1,Fatigue,False,Mild,Consumer,CA,18-44,1
DRG008,Durosamab,Cardiology,2024-Q1,Fatigue,False,Serious,Consumer,JP,45-64,1
DRG008,Durosamab,Cardiology,2024-Q1,Dyspnea,False,Critical,Physician,CA,18-44,1
DRG008,Durosamab,Cardiology,2024-Q1,Palpitations,False,Moderate,Physician,JP,65-74,1
DRG008,Durosamab,Cardiology,2024-Q1,Dizziness,False,Critical,Pharmacist,FR,75+,1
DRG008,Durosamab,Cardiology,2024-Q1,Hypotension,False,Moderate,Other,CA,45-64,1
DRG008,Durosamab,Cardiology,2024-Q1,Oedema,False,Critical,Pharmacist,US,18-44,1
DRG008,Durosamab,Cardiology,2024-Q1,Dyspnea,False,Mild,Pharmacist,CA,65-74,1
DRG008,Durosamab,Cardiology,2024-Q1,Bradycardia,False,Moderate,Physician,US,45-64,1
DRG008,Durosamab,Cardiology,2024-Q1,Dizziness,False,Mild,Pharmacist,US,45-64,1
DRG008,Durosamab,Cardiology,2024-Q1,Bradycardia,False,Serious,Consumer,US,65-74,1
DRG008,Durosamab,Cardiology,2024-Q1,Dizziness,False,Moderate,Physician,US,65-74,1
DRG008,Durosamab,Cardiology,2024-Q1,Dyspnea,False,Mild,Consumer,US,65-74,1
DRG008,Durosamab,Cardiology,2024-Q1,Palpitations,False,Serious,Pharmacist,GB,65-74,1
DRG008,Durosamab,Cardiology,2024-Q1,Bradycardia,False,Moderate,Physician,FR,75+,1
DRG008,Durosamab,Cardiology,2024-Q1,Hypotension,False,Critical,Pharmacist,US,45-64,1
DRG008,Durosamab,Cardiology,2024-Q1,Oedema,False,Serious,Pharmacist,FR,65-74,1
DRG008,Durosamab,Cardiology,2024-Q1,Hypotension,False,Serious,Consumer,GB,75+,1
DRG008,Durosamab,Cardiology,2024-Q1,Dizziness,False,Mild,Consumer,US,45-64,1
DRG008,Durosamab,Cardiology,2024-Q1,Oedema,False,Moderate,Pharmacist,US,65-74,1
DRG008,Durosamab,Cardiology,2024-Q1,Palpitations,False,Critical,Physician,US,18-44,1
DRG008,Durosamab,Cardiology,2024-Q1,Dizziness,False,Moderate,Physician,CA,18-44,1
DRG008,Durosamab,Cardiology,2024-Q1,Dizziness,False,Mild,Consumer,GB,65-74,1
DRG008,Durosamab,Cardiology,2024-Q1,Fatigue,False,Mild,Physician,US,65-74,1
DRG008,Durosamab,Cardiology,2024-Q1,Fatigue,False,Mild,Consumer,FR,45-64,1
DRG008,Durosamab,Cardiology,2024-Q1,Oedema,False,Serious,Pharmacist,JP,65-74,1
DRG008,Durosamab,Cardiology,2024-Q1,Dyspnea,False,Mild,Pharmacist,US,65-74,1
DRG008,Durosamab,Cardiology,2024-Q1,Bradycardia,False,Mild,Physician,DE,65-74,1
DRG008,Durosamab,Cardiology,2024-Q1,Oedema,False,Serious,Pharmacist,JP,45-64,1
DRG008,Durosamab,Cardiology,2024-Q1,Fatigue,False,Critical,Consumer,JP,45-64,1
DRG008,Durosamab,Cardiology,2024-Q1,Bradycardia,False,Mild,Pharmacist,US,45-64,1
DRG008,Durosamab,Cardiology,2024-Q1,Dyspnea,False,Mild,Physician,GB,75+,1
DRG008,Durosamab,Cardiology,2024-Q1,Oedema,False,Mild,Other,US,45-64,1
DRG008,Durosamab,Cardiology,2024-Q1,Hypotension,False,Moderate,Physician,FR,75+,1
DRG008,Durosamab,Cardiology,2024-Q1,Dyspnea,False,Mild,Consumer,FR,65-74,1
DRG008,Durosamab,Cardiology,2024-Q1,Dizziness,False,Mild,Physician,FR,65-74,1
DRG008,Durosamab,Cardiology,2024-Q1,Hypotension,False,Moderate,Other,US,75+,1
DRG008,Durosamab,Cardiology,2024-Q1,Fatigue,False,Moderate,Pharmacist,DE,65-74,1
DRG008,Durosamab,Cardiology,2024-Q1,Dizziness,False,Critical,Pharmacist,JP,45-64,1
DRG008,Durosamab,Cardiology,2024-Q1,Dyspnea,False,Moderate,Consumer,US,65-74,1
DRG008,Durosamab,Cardiology,2024-Q1,Oedema,False,Moderate,Pharmacist,US,45-64,1
DRG008,Durosamab,Cardiology,2024-Q1,Bradycardia,False,Critical,Physician,JP,65-74,1
DRG008,Durosamab,Cardiology,2024-Q1,Oedema,False,Mild,Physician,FR,65-74,1
DRG008,Durosamab,Cardiology,2024-Q1,Bradycardia,False,Moderate,Pharmacist,US,65-74,1
DRG008,Durosamab,Cardiology,2024-Q1,Dyspnea,False,Moderate,Pharmacist,US,75+,1
DRG008,Durosamab,Cardiology,2024-Q1,Palpitations,False,Serious,Pharmacist,DE,45-64,1
DRG008,Durosamab,Cardiology,2024-Q1,Palpitations,False,Moderate,Other,US,65-74,1
DRG008,Durosamab,Cardiology,2024-Q1,Fatigue,False,Moderate,Pharmacist,CA,75+,1
DRG008,Durosamab,Cardiology,2024-Q1,Hypotension,False,Serious,Physician,FR,75+,1
DRG008,Durosamab,Cardiology,2024-Q1,Bradycardia,False,Moderate,Physician,US,65-74,1
DRG008,Durosamab,Cardiology,2024-Q1,Oedema,False,Serious,Physician,US,45-64,1
DRG008,Durosamab,Cardiology,2024-Q1,Dizziness,False,Mild,Consumer,DE,45-64,1
DRG008,Durosamab,Cardiology,2024-Q1,Fatigue,False,Mild,Consumer,DE,45-64,1
DRG008,Durosamab,Cardiology,2024-Q1,Hypotension,False,Mild,Other,US,65-74,1
DRG008,Durosamab,Cardiology,2024-Q1,Fatigue,False,Critical,Pharmacist,US,18-44,1
DRG008,Durosamab,Cardiology,2024-Q1,Oedema,False,Mild,Pharmacist,DE,65-74,1
DRG008,Durosamab,Cardiology,2024-Q1,Dyspnea,False,Critical,Physician,JP,18-44,1
DRG008,Durosamab,Cardiology,2024-Q1,Palpitations,False,Mild,Physician,US,18-44,1
DRG008,Durosamab,Cardiology,2024-Q1,Dyspnea,False,Serious,Pharmacist,DE,65-74,1
DRG008,Durosamab,Cardiology,2024-Q1,Oedema,False,Moderate,Consumer,US,18-44,1
DRG008,Durosamab,Cardiology,2024-Q1,Fatigue,False,Mild,Pharmacist,US,45-64,1
DRG008,Durosamab,Cardiology,2024-Q1,Oedema,False,Serious,Consumer,GB,65-74,1
DRG008,Durosamab,Cardiology,2024-Q1,Bradycardia,False,Moderate,Consumer,US,45-64,1
DRG008,Durosamab,Cardiology,2024-Q1,Dyspnea,False,Moderate,Consumer,US,45-64,1
DRG008,Durosamab,Cardiology,2024-Q1,Dyspnea,False,Serious,Physician,DE,45-64,1
DRG008,Durosamab,Cardiology,2024-Q1,Bradycardia,False,Serious,Pharmacist,US,45-64,1
DRG008,Durosamab,Cardiology,2024-Q1,Oedema,False,Moderate,Physician,CA,65-74,1
DRG008,Durosamab,Cardiology,2024-Q1,Palpitations,False,Mild,Other,CA,45-64,1
DRG008,Durosamab,Cardiology,2024-Q1,Bradycardia,False,Moderate,Physician,CA,75+,1
DRG008,Durosamab,Cardiology,2024-Q1,Fatigue,False,Moderate,Pharmacist,US,45-64,1
DRG008,Durosamab,Cardiology,2024-Q1,Palpitations,False,Moderate,Pharmacist,US,45-64,1
DRG008,Durosamab,Cardiology,2024-Q1,Fatigue,False,Moderate,Physician,DE,45-64,1
DRG008,Durosamab,Cardiology,2024-Q1,Hypotension,False,Moderate,Consumer,FR,75+,1
DRG008,Durosamab,Cardiology,2024-Q1,Bradycardia,False,Mild,Pharmacist,DE,18-44,1
DRG008,Durosamab,Cardiology,2024-Q1,Palpitations,False,Mild,Physician,JP,65-74,1
DRG008,Durosamab,Cardiology,2024-Q1,Fatigue,False,Critical,Pharmacist,US,45-64,1
DRG008,Durosamab,Cardiology,2024-Q1,Fatigue,False,Moderate,Consumer,US,18-44,1
DRG008,Durosamab,Cardiology,2024-Q1,Dyspnea,False,Mild,Physician,US,45-64,1
DRG008,Durosamab,Cardiology,2024-Q1,Fatigue,False,Moderate,Consumer,GB,45-64,1
DRG008,Durosamab,Cardiology,2024-Q1,Oedema,False,Serious,Consumer,US,65-74,1
DRG008,Durosamab,Cardiology,2024-Q1,Fatigue,False,Mild,Other,CA,45-64,1
DRG008,Durosamab,Cardiology,2024-Q1,Bradycardia,False,Critical,Other,US,45-64,1
DRG008,Durosamab,Cardiology,2024-Q1,Bradycardia,False,Critical,Physician,US,45-64,1
DRG008,Durosamab,Cardiology,2024-Q1,Dizziness,False,Critical,Other,US,65-74,1
DRG008,Durosamab,Cardiology,2024-Q1,Dyspnea,False,Moderate,Physician,US,75+,1
DRG008,Durosamab,Cardiology,2024-Q1,Dyspnea,False,Serious,Physician,DE,65-74,1
DRG008,Durosamab,Cardiology,2024-Q1,Dyspnea,False,Serious,Physician,US,45-64,1
DRG009,Symtravax,Infectious,2023-Q2,Vomiting,False,Mild,Physician,JP,45-64,3
DRG009,Symtravax,Infectious,2023-Q2,Diarrhea,False,Critical,Consumer,US,65-74,3
DRG009,Symtravax,Infectious,2023-Q2,Fever,False,Mild,Consumer,US,45-64,3
DRG009,Symtravax,Infectious,2023-Q2,Diarrhea,False,Mild,Physician,US,45-64,3
DRG009,Symtravax,Infectious,2023-Q2,Headache,False,Moderate,Physician,US,45-64,2
DRG009,Symtravax,Infectious,2023-Q2,Headache,False,Mild,Physician,US,18-44,2
DRG009,Symtravax,Infectious,2023-Q2,Rash,False,Moderate,Pharmacist,US,45-64,2
DRG009,Symtravax,Infectious,2023-Q2,Vomiting,False,Mild,Consumer,US,45-64,2
DRG009,Symtravax,Infectious,2023-Q2,Headache,False,Mild,Other,US,45-64,2
DRG009,Symtravax,Infectious,2023-Q2,Rash,False,Mild,Physician,US,65-74,2
DRG009,Symtravax,Infectious,2023-Q2,Fever,False,Mild,Consumer,US,18-44,2
DRG009,Symtravax,Infectious,2023-Q2,Fever,False,Moderate,Physician,US,45-64,2
DRG009,Symtravax,Infectious,2023-Q2,Diarrhea,False,Moderate,Physician,GB,18-44,2
DRG009,Symtravax,Infectious,2023-Q2,Headache,False,Mild,Physician,US,65-74,2
DRG009,Symtravax,Infectious,2023-Q2,Fatigue,False,Mild,Consumer,US,45-64,2
DRG009,Symtravax,Infectious,2023-Q2,Fever,False,Mild,Physician,US,45-64,2
DRG009,Symtravax,Infectious,2023-Q2,Headache,False,Moderate,Physician,US,65-74,2
DRG009,Symtravax,Infectious,2023-Q2,Fatigue,False,Mild,Physician,US,45-64,2
DRG009,Symtravax,Infectious,2023-Q2,Headache,False,Moderate,Physician,GB,65-74,2
DRG009,Symtravax,Infectious,2023-Q2,Fatigue,False,Mild,Other,US,65-74,2
DRG009,Symtravax,Infectious,2023-Q2,Fever,False,Mild,Consumer,US,65-74,2
DRG009,Symtravax,Infectious,2023-Q2,Headache,False,Mild,Consumer,US,45-64,2
DRG009,Symtravax,Infectious,2023-Q2,Headache,False,Moderate,Consumer,US,65-74,2
DRG009,Symtravax,Infectious,2023-Q2,Rash,False,Mild,Physician,US,75+,2
DRG009,Symtravax,Infectious,2023-Q2,Nausea,False,Moderate,Physician,GB,45-64,2
DRG009,Symtravax,Infectious,2023-Q2,Fever,False,Mild,Pharmacist,US,65-74,2
DRG009,Symtravax,Infectious,2023-Q2,Headache,False,Serious,Consumer,US,45-64,2
DRG009,Symtravax,Infectious,2023-Q2,Rash,False,Moderate,Consumer,US,45-64,2
DRG009,Symtravax,Infectious,2023-Q2,Fever,False,Mild,Pharmacist,FR,45-64,2
DRG009,Symtravax,Infectious,2023-Q2,Nausea,False,Mild,Consumer,US,65-74,2
DRG009,Symtravax,Infectious,2023-Q2,Diarrhea,False,Mild,Consumer,US,45-64,2
DRG009,Symtravax,Infectious,2023-Q2,Nausea,False,Moderate,Physician,US,65-74,2
DRG009,Symtravax,Infectious,2023-Q2,Vomiting,False,Moderate,Consumer,US,75+,1
DRG009,Symtravax,Infectious,2023-Q2,Headache,False,Mild,Consumer,GB,45-64,1
DRG009,Symtravax,Infectious,2023-Q2,Rash,False,Mild,Pharmacist,US,65-74,1
DRG009,Symtravax,Infectious,2023-Q2,Fever,False,Mild,Pharmacist,US,45-64,1
DRG009,Symtravax,Infectious,2023-Q2,Headache,False,Serious,Physician,DE,65-74,1
DRG009,Symtravax,Infectious,2023-Q2,Fatigue,False,Mild,Pharmacist,US,45-64,1
DRG009,Symtravax,Infectious,2023-Q2,Fatigue,False,Moderate,Physician,CA,45-64,1
DRG009,Symtravax,Infectious,2023-Q2,Nausea,False,Serious,Other,DE,18-44,1
DRG009,Symtravax,Infectious,2023-Q2,Headache,False,Serious,Physician,FR,75+,1
DRG009,Symtravax,Infectious,2023-Q2,Vomiting,False,Mild,Physician,US,45-64,1
DRG009,Symtravax,Infectious,2023-Q2,Vomiting,False,Mild,Other,US,65-74,1
DRG009,Symtravax,Infectious,2023-Q2,Headache,False,Critical,Consumer,JP,45-64,1
DRG009,Symtravax,Infectious,2023-Q2,Rash,False,Serious,Consumer,US,45-64,1
DRG009,Symtravax,Infectious,2023-Q2,Vomiting,False,Critical,Physician,GB,65-74,1
DRG009,Symtravax,Infectious,2023-Q2,Fever,False,Moderate,Pharmacist,FR,45-64,1
DRG009,Symtravax,Infectious,2023-Q2,Fatigue,False,Moderate,Consumer,JP,45-64,1
DRG009,Symtravax,Infectious,2023-Q2,Headache,False,Serious,Consumer,DE,45-64,1
DRG009,Symtravax,Infectious,2023-Q2,Nausea,False,Moderate,Physician,US,18-44,1
DRG009,Symtravax,Infectious,2023-Q2,Vomiting,False,Critical,Physician,US,45-64,1
DRG009,Symtravax,Infectious,2023-Q2,Fever,False,Serious,Physician,US,18-44,1
DRG009,Symtravax,Infectious,2023-Q2,Fever,False,Moderate,Consumer,US,18-44,1
DRG009,Symtravax,Infectious,2023-Q2,Diarrhea,False,Mild,Consumer,JP,65-74,1
DRG009,Symtravax,Infectious,2023-Q2,Fever,False,Mild,Consumer,FR,65-74,1
DRG009,Symtravax,Infectious,2023-Q2,Fever,False,Mild,Pharmacist,GB,18-44,1
DRG009,Symtravax,Infectious,2023-Q2,Diarrhea,False,Mild,Physician,GB,65-74,1
DRG009,Symtravax,Infectious,2023-Q2,Fatigue,False,Mild,Pharmacist,US,75+,1
DRG009,Symtravax,Infectious,2023-Q2,Fever,False,Moderate,Pharmacist,US,65-74,1
DRG009,Symtravax,Infectious,2023-Q2,Vomiting,False,Mild,Physician,GB,45-64,1
DRG009,Symtravax,Infectious,2023-Q2,Vomiting,False,Mild,Consumer,US,65-74,1
DRG009,Symtravax,Infectious,2023-Q2,Fever,False,Moderate,Pharmacist,US,45-64,1
DRG009,Symtravax,Infectious,2023-Q2,Nausea,False,Mild,Consumer,US,45-64,1
DRG009,Symtravax,Infectious,2023-Q2,Headache,False,Mild,Consumer,US,75+,1
DRG009,Symtravax,Infectious,2023-Q2,Nausea,False,Critical,Consumer,US,75+,1
DRG009,Symtravax,Infectious,2023-Q2,Diarrhea,False,Mild,Physician,CA,45-64,1
DRG009,Symtravax,Infectious,2023-Q2,Diarrhea,False,Moderate,Physician,US,65-74,1
DRG009,Symtravax,Infectious,2023-Q2,Vomiting,False,Moderate,Physician,US,65-74,1
DRG009,Symtravax,Infectious,2023-Q2,Headache,False,Moderate,Pharmacist,US,65-74,1
DRG009,Symtravax,Infectious,2023-Q2,Fatigue,False,Moderate,Consumer,US,65-74,1
DRG009,Symtravax,Infectious,2023-Q2,Vomiting,False,Critical,Consumer,US,65-74,1
DRG009,Symtravax,Infectious,2023-Q2,Diarrhea,False,Moderate,Other,GB,65-74,1
DRG009,Symtravax,Infectious,2023-Q2,Vomiting,False,Serious,Pharmacist,DE,45-64,1
DRG009,Symtravax,Infectious,2023-Q2,Fever,False,Critical,Physician,US,65-74,1
DRG009,Symtravax,Infectious,2023-Q2,Rash,False,Serious,Pharmacist,US,65-74,1
DRG009,Symtravax,Infectious,2023-Q2,Rash,False,Critical,Physician,US,18-44,1
DRG009,Symtravax,Infectious,2023-Q2,Headache,False,Moderate,Pharmacist,JP,18-44,1
DRG009,Symtravax,Infectious,2023-Q2,Fatigue,False,Serious,Pharmacist,FR,75+,1
DRG009,Symtravax,Infectious,2023-Q2,Rash,False,Critical,Pharmacist,US,65-74,1
DRG009,Symtravax,Infectious,2023-Q2,Fatigue,False,Serious,Other,US,45-64,1
DRG009,Symtravax,Infectious,2023-Q2,Fatigue,False,Critical,Consumer,DE,45-64,1
DRG009,Symtravax,Infectious,2023-Q2,Fever,False,Mild,Consumer,GB,45-64,1
DRG009,Symtravax,Infectious,2023-Q2,Fever,False,Moderate,Physician,FR,45-64,1
DRG009,Symtravax,Infectious,2023-Q2,Headache,False,Critical,Physician,US,18-44,1
DRG009,Symtravax,Infectious,2023-Q2,Headache,False,Moderate,Pharmacist,JP,45-64,1
DRG009,Symtravax,Infectious,2023-Q2,Diarrhea,False,Mild,Physician,US,65-74,1
DRG009,Symtravax,Infectious,2023-Q2,Headache,False,Serious,Consumer,US,18-44,1
DRG009,Symtravax,Infectious,2023-Q2,Rash,False,Mild,Physician,US,18-44,1
DRG009,Symtravax,Infectious,2023-Q2,Rash,False,Mild,Physician,US,45-64,1
DRG009,Symtravax,Infectious,2023-Q2,Headache,False,Moderate,Pharmacist,CA,45-64,1
DRG009,Symtravax,Infectious,2023-Q2,Vomiting,False,Critical,Physician,CA,75+,1
DRG009,Symtravax,Infectious,2023-Q2,Diarrhea,False,Serious,Other,US,45-64,1
DRG009,Symtravax,Infectious,2023-Q2,Diarrhea,False,Mild,Pharmacist,CA,65-74,1
DRG009,Symtravax,Infectious,2023-Q2,Nausea,False,Moderate,Other,US,65-74,1
DRG009,Symtravax,Infectious,2023-Q2,Diarrhea,False,Mild,Physician,US,75+,1
DRG009,Symtravax,Infectious,2023-Q2,Rash,False,Moderate,Consumer,US,65-74,1
DRG009,Symtravax,Infectious,2023-Q2,Fever,False,Mild,Consumer,GB,65-74,1
DRG009,Symtravax,Infectious,2023-Q2,Diarrhea,False,Serious,Consumer,US,65-74,1
DRG009,Symtravax,Infectious,2023-Q2,Fatigue,False,Mild,Pharmacist,FR,45-64,1
DRG009,Symtravax,Infectious,2023-Q2,Diarrhea,False,Mild,Other,JP,18-44,1
DRG009,Symtravax,Infectious,2023-Q2,Fatigue,False,Mild,Consumer,DE,45-64,1
DRG009,Symtravax,Infectious,2023-Q2,Rash,False,Mild,Pharmacist,DE,75+,1
DRG009,Symtravax,Infectious,2023-Q2,Diarrhea,False,Mild,Physician,FR,18-44,1
DRG009,Symtravax,Infectious,2023-Q2,Headache,False,Serious,Physician,US,45-64,1
DRG009,Symtravax,Infectious,2023-Q2,Headache,False,Mild,Other,JP,65-74,1
DRG009,Symtravax,Infectious,2023-Q2,Rash,False,Mild,Consumer,GB,45-64,1
DRG009,Symtravax,Infectious,2023-Q2,Vomiting,False,Moderate,Physician,US,45-64,1
DRG009,Symtravax,Infectious,2023-Q2,Diarrhea,False,Moderate,Physician,JP,45-64,1
DRG009,Symtravax,Infectious,2023-Q2,Fatigue,False,Moderate,Consumer,DE,75+,1
DRG009,Symtravax,Infectious,2023-Q2,Fever,False,Serious,Consumer,US,45-64,1
DRG009,Symtravax,Infectious,2023-Q2,Fever,False,Mild,Physician,US,65-74,1
DRG009,Symtravax,Infectious,2023-Q2,Fever,False,Mild,Physician,JP,65-74,1
DRG009,Symtravax,Infectious,2023-Q2,Rash,False,Mild,Other,US,65-74,1
DRG009,Symtravax,Infectious,2023-Q2,Rash,False,Mild,Consumer,US,45-64,1
DRG009,Symtravax,Infectious,2023-Q2,Fatigue,False,Serious,Consumer,DE,65-74,1
DRG009,Symtravax,Infectious,2023-Q2,Fever,False,Mild,Consumer,DE,65-74,1
DRG009,Symtravax,Infectious,2023-Q2,Fever,False,Critical,Physician,US,18-44,1
DRG009,Symtravax,Infectious,2023-Q2,Vomiting,False,Serious,Physician,US,75+,1
DRG009,Symtravax,Infectious,2023-Q2,Fever,False,Critical,Physician,US,75+,1
DRG009,Symtravax,Infectious,2023-Q2,Fever,False,Serious,Other,US,45-64,1
DRG009,Symtravax,Infectious,2023-Q2,Fatigue,False,Serious,Consumer,FR,65-74,1
DRG009,Symtravax,Infectious,2023-Q2,Nausea,False,Serious,Consumer,US,75+,1
DRG009,Symtravax,Infectious,2023-Q2,Diarrhea,False,Mild,Pharmacist,DE,65-74,1
DRG009,Symtravax,Infectious,2023-Q2,Headache,False,Moderate,Pharmacist,CA,75+,1
DRG009,Symtravax,Infectious,2023-Q2,Vomiting,False,Serious,Consumer,JP,65-74,1
DRG009,Symtravax,Infectious,2023-Q2,Fever,False,Serious,Consumer,CA,18-44,1
DRG009,Symtravax,Infectious,2023-Q2,Fever,False,Mild,Consumer,DE,75+,1
DRG009,Symtravax,Infectious,2023-Q2,Fatigue,False,Moderate,Other,FR,45-64,1
DRG009,Symtravax,Infectious,2023-Q2,Rash,False,Moderate,Pharmacist,FR,18-44,1
DRG009,Symtravax,Infectious,2023-Q2,Fever,False,Serious,Physician,JP,18-44,1
DRG009,Symtravax,Infectious,2023-Q2,Fever,False,Critical,Consumer,US,65-74,1
DRG009,Symtravax,Infectious,2023-Q2,Nausea,False,Moderate,Consumer,GB,45-64,1
DRG009,Symtravax,Infectious,2023-Q2,Vomiting,False,Critical,Consumer,CA,75+,1
DRG009,Symtravax,Infectious,2023-Q2,Rash,False,Serious,Physician,FR,45-64,1
DRG009,Symtravax,Infectious,2023-Q2,Headache,False,Mild,Pharmacist,CA,18-44,1
DRG009,Symtravax,Infectious,2023-Q2,Fever,False,Moderate,Consumer,JP,65-74,1
DRG009,Symtravax,Infectious,2023-Q2,Fever,False,Serious,Consumer,US,18-44,1
DRG009,Symtravax,Infectious,2023-Q2,Diarrhea,False,Moderate,Consumer,CA,18-44,1
DRG009,Symtravax,Infectious,2023-Q2,Fever,False,Mild,Physician,GB,65-74,1
DRG009,Symtravax,Infectious,2023-Q2,Diarrhea,False,Moderate,Physician,US,45-64,1
DRG009,Symtravax,Infectious,2023-Q2,Nausea,False,Mild,Pharmacist,FR,45-64,1
DRG009,Symtravax,Infectious,2023-Q2,Rash,False,Critical,Consumer,FR,45-64,1
DRG009,Symtravax,Infectious,2023-Q2,Rash,False,Mild,Consumer,DE,65-74,1
DRG009,Symtravax,Infectious,2023-Q2,Vomiting,False,Critical,Pharmacist,US,45-64,1
DRG009,Symtravax,Infectious,2023-Q2,Fatigue,False,Mild,Physician,GB,45-64,1
DRG009,Symtravax,Infectious,2023-Q2,Fever,False,Mild,Consumer,CA,65-74,1
DRG009,Symtravax,Infectious,2023-Q2,Vomiting,False,Moderate,Consumer,GB,45-64,1
DRG009,Symtravax,Infectious,2023-Q2,Fatigue,False,Mild,Consumer,GB,45-64,1
DRG009,Symtravax,Infectious,2023-Q2,Fatigue,False,Mild,Physician,JP,18-44,1
DRG009,Symtravax,Infectious,2023-Q2,Diarrhea,False,Mild,Pharmacist,DE,45-64,1
DRG009,Symtravax,Infectious,2023-Q2,Diarrhea,False,Mild,Other,FR,75+,1
DRG009,Symtravax,Infectious,2023-Q2,Fatigue,False,Mild,Pharmacist,FR,75+,1
DRG009,Symtravax,Infectious,2023-Q2,Fatigue,False,Serious,Physician,DE,45-64,1
DRG009,Symtravax,Infectious,2023-Q2,Fatigue,False,Serious,Physician,US,45-64,1
DRG009,Symtravax,Infectious,2023-Q2,Fever,False,Mild,Physician,GB,18-44,1
DRG009,Symtravax,Infectious,2023-Q2,Nausea,False,Mild,Physician,US,45-64,1
DRG009,Symtravax,Infectious,2023-Q2,Nausea,False,Mild,Physician,US,18-44,1
DRG009,Symtravax,Infectious,2023-Q2,Headache,False,Serious,Consumer,US,65-74,1
DRG009,Symtravax,Infectious,2023-Q2,Diarrhea,False,Mild,Other,US,45-64,1
DRG009,Symtravax,Infectious,2023-Q2,Fever,False,Serious,Physician,GB,65-74,1
DRG009,Symtravax,Infectious,2023-Q2,Headache,False,Moderate,Physician,US,75+,1
DRG009,Symtravax,Infectious,2023-Q2,Fatigue,False,Mild,Consumer,US,65-74,1
DRG009,Symtravax,Infectious,2023-Q2,Diarrhea,False,Serious,Pharmacist,US,75+,1
DRG009,Symtravax,Infectious,2023-Q2,Rash,False,Mild,Physician,FR,18-44,1
DRG009,Symtravax,Infectious,2023-Q2,Headache,False,Moderate,Physician,FR,75+,1
DRG009,Symtravax,Infectious,2023-Q2,Nausea,False,Moderate,Pharmacist,US,65-74,1
DRG009,Symtravax,Infectious,2023-Q2,Nausea,False,Mild,Physician,US,65-74,1
DRG009,Symtravax,Infectious,2023-Q2,Fever,False,Mild,Consumer,CA,45-64,1
DRG009,Symtravax,Infectious,2023-Q2,Rash,False,Critical,Physician,JP,45-64,1
DRG009,Symtravax,Infectious,2023-Q2,Fatigue,False,Mild,Physician,US,18-44,1
DRG009,Symtravax,Infectious,2023-Q2,Headache,False,Mild,Pharmacist,FR,45-64,1
DRG009,Symtravax,Infectious,2023-Q2,Headache,False,Critical,Consumer,US,45-64,1
DRG009,Symtravax,Infectious,2023-Q2,Headache,False,Serious,Other,US,75+,1
DRG009,Symtravax,Infectious,2023-Q2,Headache,False,Moderate,Other,US,45-64,1
DRG009,Symtravax,Infectious,2023-Q2,Headache,False,Mild,Consumer,US,65-74,1
DRG009,Symtravax,Infectious,2023-Q2,Headache,False,Mild,Other,DE,18-44,1
DRG009,Symtravax,Infectious,2023-Q2,Vomiting,False,Mild,Consumer,DE,75+,1
DRG009,Symtravax,Infectious,2023-Q2,Nausea,False,Mild,Physician,CA,75+,1
DRG009,Symtravax,Infectious,2023-Q2,Diarrhea,False,Mild,Consumer,DE,45-64,1
DRG009,Symtravax,Infectious,2023-Q2,Headache,False,Mild,Physician,US,45-64,1
DRG009,Symtravax,Infectious,2023-Q2,Fatigue,False,Moderate,Consumer,CA,75+,1
DRG009,Symtravax,Infectious,2023-Q2,Vomiting,False,Moderate,Physician,DE,65-74,1
DRG009,Symtravax,Infectious,2023-Q2,Diarrhea,False,Critical,Pharmacist,US,18-44,1
DRG009,Symtravax,Infectious,2023-Q2,Diarrhea,False,Mild,Consumer,CA,45-64,1
DRG009,Symtravax,Infectious,2023-Q2,Rash,False,Moderate,Consumer,JP,18-44,1
DRG009,Symtravax,Infectious,2023-Q2,Fever,False,Moderate,Other,US,45-64,1
DRG009,Symtravax,Infectious,2023-Q2,Headache,False,Moderate,Consumer,US,45-64,1
DRG009,Symtravax,Infectious,2023-Q2,Nausea,False,Mild,Consumer,CA,45-64,1
DRG009,Symtravax,Infectious,2023-Q2,Diarrhea,False,Moderate,Consumer,CA,45-64,1
DRG009,Symtravax,Infectious,2023-Q2,Fatigue,False,Serious,Pharmacist,CA,18-44,1
DRG009,Symtravax,Infectious,2023-Q2,Nausea,False,Mild,Other,JP,75+,1
DRG009,Symtravax,Infectious,2023-Q2,Fatigue,False,Mild,Physician,US,65-74,1
DRG009,Symtravax,Infectious,2023-Q2,Rash,False,Mild,Physician,FR,65-74,1
DRG009,Symtravax,Infectious,2023-Q2,Vomiting,False,Serious,Pharmacist,GB,45-64,1
DRG009,Symtravax,Infectious,2023-Q2,Headache,False,Moderate,Physician,GB,45-64,1
DRG009,Symtravax,Infectious,2023-Q2,Fatigue,False,Serious,Physician,GB,75+,1
DRG009,Symtravax,Infectious,2023-Q2,Diarrhea,False,Moderate,Other,US,45-64,1
DRG009,Symtravax,Infectious,2023-Q2,Headache,False,Moderate,Other,GB,75+,1
DRG009,Symtravax,Infectious,2023-Q2,Vomiting,False,Serious,Physician,US,45-64,1
DRG009,Symtravax,Infectious,2023-Q2,Fever,False,Moderate,Pharmacist,US,18-44,1
DRG009,Symtravax,Infectious,2023-Q2,Nausea,False,Critical,Physician,JP,75+,1
DRG009,Symtravax,Infectious,2023-Q2,Diarrhea,False,Mild,Physician,GB,45-64,1
DRG009,Symtravax,Infectious,2023-Q2,Nausea,False,Mild,Physician,GB,18-44,1
DRG009,Symtravax,Infectious,2023-Q2,Diarrhea,False,Mild,Consumer,JP,18-44,1
DRG009,Symtravax,Infectious,2023-Q2,Fatigue,False,Moderate,Consumer,US,45-64,1
DRG009,Symtravax,Infectious,2023-Q2,Headache,False,Mild,Physician,JP,18-44,1
DRG009,Symtravax,Infectious,2023-Q3,Headache,False,Mild,Consumer,US,65-74,4
DRG009,Symtravax,Infectious,2023-Q3,Rash,False,Mild,Consumer,US,45-64,4
DRG009,Symtravax,Infectious,2023-Q3,Vomiting,False,Moderate,Other,CA,45-64,3
DRG009,Symtravax,Infectious,2023-Q3,Nausea,False,Mild,Consumer,US,75+,3
DRG009,Symtravax,Infectious,2023-Q3,Headache,False,Moderate,Physician,US,45-64,2
DRG009,Symtravax,Infectious,2023-Q3,Fatigue,False,Mild,Consumer,US,45-64,2
DRG009,Symtravax,Infectious,2023-Q3,Vomiting,False,Mild,Physician,US,75+,2
DRG009,Symtravax,Infectious,2023-Q3,Vomiting,False,Mild,Consumer,US,45-64,2
DRG009,Symtravax,Infectious,2023-Q3,Fatigue,False,Mild,Physician,US,45-64,2
DRG009,Symtravax,Infectious,2023-Q3,Vomiting,False,Mild,Consumer,US,65-74,2
DRG009,Symtravax,Infectious,2023-Q3,Fever,False,Moderate,Physician,US,45-64,2
DRG009,Symtravax,Infectious,2023-Q3,Headache,False,Serious,Physician,US,45-64,2
DRG009,Symtravax,Infectious,2023-Q3,Fever,False,Mild,Physician,US,45-64,2
DRG009,Symtravax,Infectious,2023-Q3,Diarrhea,False,Moderate,Physician,US,75+,2
DRG009,Symtravax,Infectious,2023-Q3,Vomiting,False,Mild,Consumer,DE,45-64,2
DRG009,Symtravax,Infectious,2023-Q3,Rash,False,Mild,Consumer,US,65-74,2
DRG009,Symtravax,Infectious,2023-Q3,Fever,False,Mild,Physician,US,65-74,2
DRG009,Symtravax,Infectious,2023-Q3,Fever,False,Mild,Pharmacist,US,18-44,2
DRG009,Symtravax,Infectious,2023-Q3,Headache,False,Mild,Physician,US,45-64,2
DRG009,Symtravax,Infectious,2023-Q3,Diarrhea,False,Mild,Physician,US,75+,2
DRG009,Symtravax,Infectious,2023-Q3,Vomiting,False,Moderate,Physician,US,65-74,2
DRG009,Symtravax,Infectious,2023-Q3,Diarrhea,False,Moderate,Consumer,US,45-64,2
DRG009,Symtravax,Infectious,2023-Q3,Rash,False,Mild,Pharmacist,US,65-74,2
DRG009,Symtravax,Infectious,2023-Q3,Fatigue,False,Mild,Pharmacist,US,45-64,2
DRG009,Symtravax,Infectious,2023-Q3,Diarrhea,False,Mild,Physician,US,45-64,2
DRG009,Symtravax,Infectious,2023-Q3,Rash,False,Moderate,Consumer,US,45-64,2
DRG009,Symtravax,Infectious,2023-Q3,Fatigue,False,Mild,Consumer,US,65-74,2
DRG009,Symtravax,Infectious,2023-Q3,Diarrhea,False,Mild,Consumer,JP,45-64,2
DRG009,Symtravax,Infectious,2023-Q3,Nausea,False,Serious,Physician,US,65-74,2
DRG009,Symtravax,Infectious,2023-Q3,Headache,False,Serious,Pharmacist,DE,45-64,1
DRG009,Symtravax,Infectious,2023-Q3,Diarrhea,False,Mild,Consumer,DE,45-64,1
DRG009,Symtravax,Infectious,2023-Q3,Headache,False,Mild,Physician,US,18-44,1
DRG009,Symtravax,Infectious,2023-Q3,Rash,False,Critical,Pharmacist,GB,45-64,1
DRG009,Symtravax,Infectious,2023-Q3,Rash,False,Mild,Physician,US,75+,1
DRG009,Symtravax,Infectious,2023-Q3,Fatigue,False,Serious,Physician,US,75+,1
DRG009,Symtravax,Infectious,2023-Q3,Fever,False,Moderate,Other,US,45-64,1
DRG009,Symtravax,Infectious,2023-Q3,Vomiting,False,Mild,Physician,US,45-64,1
DRG009,Symtravax,Infectious,2023-Q3,Vomiting,False,Mild,Pharmacist,CA,45-64,1
DRG009,Symtravax,Infectious,2023-Q3,Nausea,False,Moderate,Physician,GB,45-64,1
DRG009,Symtravax,Infectious,2023-Q3,Headache,False,Moderate,Consumer,US,45-64,1
DRG009,Symtravax,Infectious,2023-Q3,Rash,False,Moderate,Consumer,DE,75+,1
DRG009,Symtravax,Infectious,2023-Q3,Fever,False,Serious,Physician,DE,18-44,1
DRG009,Symtravax,Infectious,2023-Q3,Headache,False,Mild,Pharmacist,US,65-74,1
DRG009,Symtravax,Infectious,2023-Q3,Nausea,False,Mild,Other,JP,45-64,1
DRG009,Symtravax,Infectious,2023-Q3,Rash,False,Mild,Physician,US,65-74,1
DRG009,Symtravax,Infectious,2023-Q3,Vomiting,False,Serious,Physician,US,18-44,1
DRG009,Symtravax,Infectious,2023-Q3,Headache,False,Mild,Other,DE,75+,1
DRG009,Symtravax,Infectious,2023-Q3,Vomiting,False,Critical,Consumer,FR,18-44,1
DRG009,Symtravax,Infectious,2023-Q3,Nausea,False,Serious,Other,GB,45-64,1
DRG009,Symtravax,Infectious,2023-Q3,Rash,False,Mild,Consumer,FR,45-64,1
DRG009,Symtravax,Infectious,2023-Q3,Diarrhea,False,Moderate,Pharmacist,US,45-64,1
DRG009,Symtravax,Infectious,2023-Q3,Diarrhea,False,Mild,Physician,JP,65-74,1
DRG009,Symtravax,Infectious,2023-Q3,Fever,False,Mild,Physician,CA,65-74,1
DRG009,Symtravax,Infectious,2023-Q3,Fatigue,False,Moderate,Physician,US,18-44,1
DRG009,Symtravax,Infectious,2023-Q3,Vomiting,False,Mild,Consumer,JP,75+,1
DRG009,Symtravax,Infectious,2023-Q3,Fatigue,False,Mild,Physician,FR,65-74,1
DRG009,Symtravax,Infectious,2023-Q3,Fatigue,False,Mild,Physician,US,18-44,1
DRG009,Symtravax,Infectious,2023-Q3,Nausea,False,Mild,Pharmacist,US,65-74,1
DRG009,Symtravax,Infectious,2023-Q3,Fever,False,Moderate,Physician,JP,65-74,1
DRG009,Symtravax,Infectious,2023-Q3,Rash,False,Moderate,Other,CA,65-74,1
DRG009,Symtravax,Infectious,2023-Q3,Rash,False,Moderate,Pharmacist,US,65-74,1
DRG009,Symtravax,Infectious,2023-Q3,Rash,False,Mild,Consumer,FR,65-74,1
DRG009,Symtravax,Infectious,2023-Q3,Diarrhea,False,Moderate,Consumer,JP,18-44,1
DRG009,Symtravax,Infectious,2023-Q3,Diarrhea,False,Mild,Consumer,GB,18-44,1
DRG009,Symtravax,Infectious,2023-Q3,Fatigue,False,Mild,Pharmacist,CA,65-74,1
DRG009,Symtravax,Infectious,2023-Q3,Vomiting,False,Mild,Other,US,45-64,1
DRG009,Symtravax,Infectious,2023-Q3,Fatigue,False,Mild,Physician,CA,45-64,1
DRG009,Symtravax,Infectious,2023-Q3,Rash,False,Moderate,Physician,US,65-74,1
DRG009,Symtravax,Infectious,2023-Q3,Diarrhea,False,Mild,Consumer,FR,18-44,1
DRG009,Symtravax,Infectious,2023-Q3,Fatigue,False,Mild,Physician,DE,18-44,1
DRG009,Symtravax,Infectious,2023-Q3,Fatigue,False,Serious,Physician,CA,45-64,1
DRG009,Symtravax,Infectious,2023-Q3,Fever,False,Moderate,Pharmacist,US,65-74,1
DRG009,Symtravax,Infectious,2023-Q3,Diarrhea,False,Mild,Consumer,CA,18-44,1
DRG009,Symtravax,Infectious,2023-Q3,Rash,False,Mild,Physician,FR,65-74,1
DRG009,Symtravax,Infectious,2023-Q3,Headache,False,Mild,Consumer,US,18-44,1
DRG009,Symtravax,Infectious,2023-Q3,Vomiting,False,Mild,Pharmacist,US,75+,1
DRG009,Symtravax,Infectious,2023-Q3,Fever,False,Serious,Consumer,US,65-74,1
DRG009,Symtravax,Infectious,2023-Q3,Fever,False,Critical,Consumer,DE,45-64,1
DRG009,Symtravax,Infectious,2023-Q3,Fatigue,False,Moderate,Pharmacist,GB,18-44,1
DRG009,Symtravax,Infectious,2023-Q3,Nausea,False,Moderate,Other,US,65-74,1
DRG009,Symtravax,Infectious,2023-Q3,Diarrhea,False,Moderate,Physician,FR,45-64,1
DRG009,Symtravax,Infectious,2023-Q3,Rash,False,Moderate,Pharmacist,US,45-64,1
DRG009,Symtravax,Infectious,2023-Q3,Headache,False,Critical,Physician,US,75+,1
DRG009,Symtravax,Infectious,2023-Q3,Fever,False,Serious,Pharmacist,US,18-44,1
DRG009,Symtravax,Infectious,2023-Q3,Vomiting,False,Mild,Physician,DE,65-74,1
DRG009,Symtravax,Infectious,2023-Q3,Diarrhea,False,Moderate,Consumer,CA,45-64,1
DRG009,Symtravax,Infectious,2023-Q3,Vomiting,False,Moderate,Physician,US,45-64,1
DRG009,Symtravax,Infectious,2023-Q3,Headache,False,Mild,Physician,DE,45-64,1
DRG009,Symtravax,Infectious,2023-Q3,Vomiting,False,Mild,Consumer,US,75+,1
DRG009,Symtravax,Infectious,2023-Q3,Fever,False,Mild,Pharmacist,US,45-64,1
DRG009,Symtravax,Infectious,2023-Q3,Diarrhea,False,Critical,Consumer,US,45-64,1
DRG009,Symtravax,Infectious,2023-Q3,Fatigue,False,Mild,Pharmacist,GB,18-44,1
DRG009,Symtravax,Infectious,2023-Q3,Fever,False,Moderate,Pharmacist,GB,65-74,1
DRG009,Symtravax,Infectious,2023-Q3,Diarrhea,False,Serious,Physician,DE,18-44,1
DRG009,Symtravax,Infectious,2023-Q3,Rash,False,Moderate,Pharmacist,GB,75+,1
DRG009,Symtravax,Infectious,2023-Q3,Headache,False,Mild,Consumer,JP,65-74,1
DRG009,Symtravax,Infectious,2023-Q3,Vomiting,False,Mild,Consumer,CA,45-64,1
DRG009,Symtravax,Infectious,2023-Q3,Fatigue,False,Moderate,Physician,GB,65-74,1
DRG009,Symtravax,Infectious,2023-Q3,Rash,False,Mild,Pharmacist,US,45-64,1
DRG009,Symtravax,Infectious,2023-Q3,Headache,False,Mild,Consumer,US,75+,1
DRG009,Symtravax,Infectious,2023-Q3,Fatigue,False,Mild,Physician,CA,75+,1
DRG009,Symtravax,Infectious,2023-Q3,Rash,False,Critical,Consumer,CA,18-44,1
DRG009,Symtravax,Infectious,2023-Q3,Fatigue,False,Moderate,Physician,FR,65-74,1
DRG009,Symtravax,Infectious,2023-Q3,Nausea,False,Critical,Consumer,GB,65-74,1
DRG009,Symtravax,Infectious,2023-Q3,Fatigue,False,Critical,Consumer,FR,75+,1
DRG009,Symtravax,Infectious,2023-Q3,Headache,False,Critical,Physician,US,45-64,1
DRG009,Symtravax,Infectious,2023-Q3,Fatigue,False,Critical,Other,FR,45-64,1
DRG009,Symtravax,Infectious,2023-Q3,Headache,False,Mild,Pharmacist,DE,45-64,1
DRG009,Symtravax,Infectious,2023-Q3,Nausea,False,Mild,Physician,DE,45-64,1
DRG009,Symtravax,Infectious,2023-Q3,Nausea,False,Mild,Pharmacist,CA,45-64,1
DRG009,Symtravax,Infectious,2023-Q3,Diarrhea,False,Moderate,Other,JP,18-44,1
DRG009,Symtravax,Infectious,2023-Q3,Nausea,False,Serious,Physician,JP,45-64,1
DRG009,Symtravax,Infectious,2023-Q3,Fever,False,Serious,Consumer,JP,65-74,1
DRG009,Symtravax,Infectious,2023-Q3,Headache,False,Moderate,Consumer,DE,18-44,1
DRG009,Symtravax,Infectious,2023-Q3,Headache,False,Mild,Physician,US,65-74,1
DRG009,Symtravax,Infectious,2023-Q3,Vomiting,False,Mild,Physician,US,65-74,1
DRG009,Symtravax,Infectious,2023-Q3,Diarrhea,False,Critical,Physician,GB,75+,1
DRG009,Symtravax,Infectious,2023-Q3,Vomiting,False,Mild,Physician,US,18-44,1
DRG009,Symtravax,Infectious,2023-Q3,Nausea,False,Moderate,Consumer,US,45-64,1
DRG009,Symtravax,Infectious,2023-Q3,Fatigue,False,Mild,Consumer,JP,75+,1
DRG009,Symtravax,Infectious,2023-Q3,Rash,False,Mild,Pharmacist,US,75+,1
DRG009,Symtravax,Infectious,2023-Q3,Fatigue,False,Moderate,Other,FR,18-44,1
DRG009,Symtravax,Infectious,2023-Q3,Headache,False,Mild,Other,DE,45-64,1
DRG009,Symtravax,Infectious,2023-Q3,Fever,False,Critical,Physician,US,45-64,1
DRG009,Symtravax,Infectious,2023-Q3,Fever,False,Mild,Physician,US,18-44,1
DRG009,Symtravax,Infectious,2023-Q3,Headache,False,Critical,Consumer,CA,45-64,1
DRG009,Symtravax,Infectious,2023-Q3,Fever,False,Moderate,Other,US,65-74,1
DRG009,Symtravax,Infectious,2023-Q3,Fatigue,False,Mild,Other,US,65-74,1
DRG009,Symtravax,Infectious,2023-Q3,Nausea,False,Moderate,Consumer,GB,45-64,1
DRG009,Symtravax,Infectious,2023-Q3,Nausea,False,Mild,Consumer,CA,75+,1
DRG009,Symtravax,Infectious,2023-Q3,Rash,False,Moderate,Consumer,GB,65-74,1
DRG009,Symtravax,Infectious,2023-Q3,Vomiting,False,Mild,Consumer,DE,65-74,1
DRG009,Symtravax,Infectious,2023-Q3,Fatigue,False,Critical,Consumer,US,45-64,1
DRG009,Symtravax,Infectious,2023-Q3,Vomiting,False,Moderate,Physician,FR,18-44,1
DRG009,Symtravax,Infectious,2023-Q3,Nausea,False,Moderate,Physician,FR,65-74,1
DRG009,Symtravax,Infectious,2023-Q3,Headache,False,Moderate,Physician,US,18-44,1
DRG009,Symtravax,Infectious,2023-Q3,Rash,False,Serious,Physician,US,65-74,1
DRG009,Symtravax,Infectious,2023-Q3,Diarrhea,False,Moderate,Other,US,18-44,1
DRG009,Symtravax,Infectious,2023-Q3,Diarrhea,False,Serious,Consumer,US,45-64,1
DRG009,Symtravax,Infectious,2023-Q3,Diarrhea,False,Moderate,Physician,US,65-74,1
DRG009,Symtravax,Infectious,2023-Q3,Diarrhea,False,Mild,Consumer,US,65-74,1
DRG009,Symtravax,Infectious,2023-Q3,Fatigue,False,Serious,Other,US,45-64,1
DRG009,Symtravax,Infectious,2023-Q3,Fever,False,Mild,Consumer,GB,18-44,1
DRG009,Symtravax,Infectious,2023-Q3,Rash,False,Serious,Consumer,FR,65-74,1
DRG009,Symtravax,Infectious,2023-Q3,Diarrhea,False,Mild,Pharmacist,US,45-64,1
DRG009,Symtravax,Infectious,2023-Q3,Rash,False,Mild,Consumer,CA,75+,1
DRG009,Symtravax,Infectious,2023-Q3,Fever,False,Serious,Pharmacist,US,45-64,1
DRG009,Symtravax,Infectious,2023-Q3,Headache,False,Mild,Pharmacist,CA,65-74,1
DRG009,Symtravax,Infectious,2023-Q3,Headache,False,Mild,Physician,US,75+,1
DRG009,Symtravax,Infectious,2023-Q3,Vomiting,False,Mild,Pharmacist,GB,45-64,1
DRG009,Symtravax,Infectious,2023-Q3,Fatigue,False,Moderate,Physician,JP,75+,1
DRG009,Symtravax,Infectious,2023-Q3,Rash,False,Moderate,Consumer,US,65-74,1
DRG009,Symtravax,Infectious,2023-Q3,Fever,False,Mild,Consumer,US,65-74,1
DRG009,Symtravax,Infectious,2023-Q3,Headache,False,Serious,Consumer,GB,65-74,1
DRG009,Symtravax,Infectious,2023-Q3,Fatigue,False,Moderate,Physician,GB,18-44,1
DRG009,Symtravax,Infectious,2023-Q3,Rash,False,Mild,Consumer,US,18-44,1
DRG009,Symtravax,Infectious,2023-Q3,Rash,False,Serious,Consumer,US,45-64,1
DRG009,Symtravax,Infectious,2023-Q3,Diarrhea,False,Serious,Physician,FR,18-44,1
DRG009,Symtravax,Infectious,2023-Q3,Rash,False,Mild,Pharmacist,CA,45-64,1
DRG009,Symtravax,Infectious,2023-Q3,Diarrhea,False,Mild,Pharmacist,US,18-44,1
DRG009,Symtravax,Infectious,2023-Q3,Vomiting,False,Moderate,Physician,JP,45-64,1
DRG009,Symtravax,Infectious,2023-Q3,Fatigue,False,Mild,Physician,GB,45-64,1
DRG009,Symtravax,Infectious,2023-Q3,Rash,False,Mild,Physician,CA,45-64,1
DRG009,Symtravax,Infectious,2023-Q3,Diarrhea,False,Mild,Physician,CA,45-64,1
DRG009,Symtravax,Infectious,2023-Q3,Vomiting,False,Moderate,Other,JP,45-64,1
DRG009,Symtravax,Infectious,2023-Q3,Rash,False,Moderate,Physician,FR,65-74,1
DRG009,Symtravax,Infectious,2023-Q3,Diarrhea,False,Critical,Consumer,US,65-74,1
DRG009,Symtravax,Infectious,2023-Q3,Headache,False,Mild,Pharmacist,US,75+,1
DRG009,Symtravax,Infectious,2023-Q3,Nausea,False,Mild,Other,DE,45-64,1
DRG009,Symtravax,Infectious,2023-Q3,Fever,False,Moderate,Pharmacist,US,45-64,1
DRG009,Symtravax,Infectious,2023-Q3,Fatigue,False,Moderate,Physician,US,45-64,1
DRG009,Symtravax,Infectious,2023-Q3,Nausea,False,Moderate,Other,US,45-64,1
DRG009,Symtravax,Infectious,2023-Q3,Fatigue,False,Moderate,Physician,US,65-74,1
DRG009,Symtravax,Infectious,2023-Q3,Diarrhea,False,Mild,Physician,DE,65-74,1
DRG009,Symtravax,Infectious,2023-Q3,Nausea,False,Moderate,Consumer,GB,18-44,1
DRG009,Symtravax,Infectious,2023-Q3,Nausea,False,Mild,Physician,DE,75+,1
DRG009,Symtravax,Infectious,2023-Q3,Rash,False,Critical,Other,US,75+,1
DRG009,Symtravax,Infectious,2023-Q3,Vomiting,False,Moderate,Pharmacist,DE,45-64,1
DRG009,Symtravax,Infectious,2023-Q3,Diarrhea,False,Mild,Consumer,GB,75+,1
DRG009,Symtravax,Infectious,2023-Q3,Diarrhea,False,Critical,Physician,DE,45-64,1
DRG009,Symtravax,Infectious,2023-Q3,Diarrhea,False,Mild,Pharmacist,FR,18-44,1
DRG009,Symtravax,Infectious,2023-Q3,Rash,False,Critical,Other,US,18-44,1
DRG009,Symtravax,Infectious,2023-Q3,Rash,False,Critical,Physician,DE,45-64,1
DRG009,Symtravax,Infectious,2023-Q3,Fever,False,Moderate,Physician,US,65-74,1
DRG009,Symtravax,Infectious,2023-Q3,Vomiting,False,Mild,Physician,JP,45-64,1
DRG009,Symtravax,Infectious,2023-Q3,Nausea,False,Moderate,Consumer,DE,18-44,1
DRG009,Symtravax,Infectious,2023-Q3,Diarrhea,False,Mild,Physician,DE,45-64,1
DRG009,Symtravax,Infectious,2023-Q3,Fatigue,False,Critical,Physician,DE,45-64,1
DRG009,Symtravax,Infectious,2023-Q3,Nausea,False,Moderate,Other,US,18-44,1
DRG009,Symtravax,Infectious,2023-Q3,Fatigue,False,Moderate,Consumer,JP,45-64,1
DRG009,Symtravax,Infectious,2023-Q3,Vomiting,False,Serious,Physician,US,75+,1
DRG009,Symtravax,Infectious,2023-Q3,Nausea,False,Serious,Physician,US,45-64,1
DRG009,Symtravax,Infectious,2023-Q3,Rash,False,Mild,Other,DE,65-74,1
DRG009,Symtravax,Infectious,2023-Q3,Nausea,False,Serious,Pharmacist,US,45-64,1
DRG009,Symtravax,Infectious,2023-Q3,Headache,False,Critical,Physician,US,65-74,1
DRG009,Symtravax,Infectious,2023-Q3,Fatigue,False,Moderate,Pharmacist,US,65-74,1
DRG009,Symtravax,Infectious,2023-Q3,Fatigue,False,Serious,Consumer,JP,45-64,1
DRG009,Symtravax,Infectious,2023-Q3,Diarrhea,False,Mild,Other,US,75+,1
DRG009,Symtravax,Infectious,2023-Q3,Vomiting,False,Serious,Consumer,JP,75+,1
DRG009,Symtravax,Infectious,2023-Q3,Headache,False,Critical,Pharmacist,US,75+,1
DRG009,Symtravax,Infectious,2023-Q3,Vomiting,False,Moderate,Physician,DE,45-64,1
DRG009,Symtravax,Infectious,2023-Q3,Nausea,False,Moderate,Other,DE,45-64,1
DRG009,Symtravax,Infectious,2023-Q3,Nausea,False,Critical,Consumer,FR,18-44,1
DRG009,Symtravax,Infectious,2023-Q4,Fever,False,Mild,Physician,US,65-74,5
DRG009,Symtravax,Infectious,2023-Q4,Nausea,False,Mild,Physician,DE,65-74,3
DRG009,Symtravax,Infectious,2023-Q4,Vomiting,False,Mild,Physician,US,65-74,3
DRG009,Symtravax,Infectious,2023-Q4,Rash,False,Moderate,Pharmacist,US,45-64,3
DRG009,Symtravax,Infectious,2023-Q4,Vomiting,False,Mild,Physician,US,75+,3
DRG009,Symtravax,Infectious,2023-Q4,Fever,False,Mild,Physician,US,45-64,3
DRG009,Symtravax,Infectious,2023-Q4,Fever,False,Mild,Physician,US,18-44,2
DRG009,Symtravax,Infectious,2023-Q4,Fever,False,Mild,Consumer,JP,45-64,2
DRG009,Symtravax,Infectious,2023-Q4,Rash,False,Moderate,Physician,CA,45-64,2
DRG009,Symtravax,Infectious,2023-Q4,Vomiting,False,Critical,Pharmacist,US,18-44,2
DRG009,Symtravax,Infectious,2023-Q4,Fatigue,False,Moderate,Pharmacist,US,75+,2
DRG009,Symtravax,Infectious,2023-Q4,Nausea,False,Mild,Pharmacist,US,65-74,2
DRG009,Symtravax,Infectious,2023-Q4,Diarrhea,False,Moderate,Consumer,GB,45-64,2
DRG009,Symtravax,Infectious,2023-Q4,Nausea,False,Moderate,Physician,US,65-74,2
DRG009,Symtravax,Infectious,2023-Q4,Headache,False,Moderate,Pharmacist,US,18-44,2
DRG009,Symtravax,Infectious,2023-Q4,Fever,False,Mild,Physician,US,75+,2
DRG009,Symtravax,Infectious,2023-Q4,Headache,False,Mild,Consumer,US,75+,2
DRG009,Symtravax,Infectious,2023-Q4,Headache,False,Moderate,Consumer,US,65-74,2
DRG009,Symtravax,Infectious,2023-Q4,Rash,False,Serious,Consumer,US,65-74,2
DRG009,Symtravax,Infectious,2023-Q4,Diarrhea,False,Mild,Consumer,US,45-64,2
DRG009,Symtravax,Infectious,2023-Q4,Fever,False,Critical,Pharmacist,US,65-74,2
DRG009,Symtravax,Infectious,2023-Q4,Fever,False,Mild,Consumer,US,45-64,2
DRG009,Symtravax,Infectious,2023-Q4,Vomiting,False,Serious,Physician,US,65-74,2
DRG009,Symtravax,Infectious,2023-Q4,Diarrhea,False,Moderate,Physician,US,18-44,2
DRG009,Symtravax,Infectious,2023-Q4,Headache,False,Mild,Consumer,US,45-64,2
DRG009,Symtravax,Infectious,2023-Q4,Nausea,False,Mild,Physician,US,65-74,2
DRG009,Symtravax,Infectious,2023-Q4,Rash,False,Mild,Physician,US,45-64,2
DRG009,Symtravax,Infectious,2023-Q4,Fever,False,Moderate,Consumer,US,45-64,2
DRG009,Symtravax,Infectious,2023-Q4,Fatigue,False,Mild,Pharmacist,JP,18-44,1
DRG009,Symtravax,Infectious,2023-Q4,Fever,False,Mild,Other,US,18-44,1
DRG009,Symtravax,Infectious,2023-Q4,Fatigue,False,Moderate,Physician,JP,18-44,1
DRG009,Symtravax,Infectious,2023-Q4,Diarrhea,False,Mild,Consumer,GB,45-64,1
DRG009,Symtravax,Infectious,2023-Q4,Nausea,False,Mild,Physician,FR,75+,1
DRG009,Symtravax,Infectious,2023-Q4,Fatigue,False,Serious,Other,DE,65-74,1
DRG009,Symtravax,Infectious,2023-Q4,Rash,False,Serious,Physician,US,45-64,1
DRG009,Symtravax,Infectious,2023-Q4,Nausea,False,Critical,Consumer,GB,45-64,1
DRG009,Symtravax,Infectious,2023-Q4,Vomiting,False,Mild,Physician,JP,45-64,1
DRG009,Symtravax,Infectious,2023-Q4,Headache,False,Critical,Consumer,US,18-44,1
DRG009,Symtravax,Infectious,2023-Q4,Fatigue,False,Moderate,Pharmacist,JP,45-64,1
DRG009,Symtravax,Infectious,2023-Q4,Fatigue,False,Mild,Physician,US,18-44,1
DRG009,Symtravax,Infectious,2023-Q4,Rash,False,Critical,Physician,US,65-74,1
DRG009,Symtravax,Infectious,2023-Q4,Fatigue,False,Mild,Consumer,US,45-64,1
DRG009,Symtravax,Infectious,2023-Q4,Headache,False,Mild,Consumer,GB,45-64,1
DRG009,Symtravax,Infectious,2023-Q4,Fatigue,False,Moderate,Physician,US,75+,1
DRG009,Symtravax,Infectious,2023-Q4,Nausea,False,Serious,Consumer,US,45-64,1
DRG009,Symtravax,Infectious,2023-Q4,Nausea,False,Mild,Physician,GB,45-64,1
DRG009,Symtravax,Infectious,2023-Q4,Headache,False,Mild,Other,US,18-44,1
DRG009,Symtravax,Infectious,2023-Q4,Headache,False,Mild,Consumer,US,18-44,1
DRG009,Symtravax,Infectious,2023-Q4,Diarrhea,False,Mild,Physician,US,65-74,1
DRG009,Symtravax,Infectious,2023-Q4,Vomiting,False,Mild,Other,CA,18-44,1
DRG009,Symtravax,Infectious,2023-Q4,Nausea,False,Critical,Pharmacist,CA,75+,1
DRG009,Symtravax,Infectious,2023-Q4,Rash,False,Mild,Consumer,US,18-44,1
DRG009,Symtravax,Infectious,2023-Q4,Fatigue,False,Critical,Other,US,18-44,1
DRG009,Symtravax,Infectious,2023-Q4,Vomiting,False,Moderate,Physician,FR,65-74,1
DRG009,Symtravax,Infectious,2023-Q4,Vomiting,False,Mild,Physician,FR,65-74,1
DRG009,Symtravax,Infectious,2023-Q4,Vomiting,False,Serious,Physician,DE,65-74,1
DRG009,Symtravax,Infectious,2023-Q4,Headache,False,Moderate,Physician,DE,45-64,1
DRG009,Symtravax,Infectious,2023-Q4,Vomiting,False,Critical,Physician,CA,65-74,1
DRG009,Symtravax,Infectious,2023-Q4,Vomiting,False,Critical,Other,DE,18-44,1
DRG009,Symtravax,Infectious,2023-Q4,Headache,False,Mild,Physician,FR,45-64,1
DRG009,Symtravax,Infectious,2023-Q4,Rash,False,Moderate,Pharmacist,GB,18-44,1
DRG009,Symtravax,Infectious,2023-Q4,Nausea,False,Moderate,Consumer,US,75+,1
DRG009,Symtravax,Infectious,2023-Q4,Fatigue,False,Critical,Pharmacist,DE,45-64,1
DRG009,Symtravax,Infectious,2023-Q4,Vomiting,False,Mild,Consumer,US,75+,1
DRG009,Symtravax,Infectious,2023-Q4,Nausea,False,Mild,Physician,JP,65-74,1
DRG009,Symtravax,Infectious,2023-Q4,Nausea,False,Serious,Physician,US,65-74,1
DRG009,Symtravax,Infectious,2023-Q4,Nausea,False,Moderate,Physician,US,18-44,1
DRG009,Symtravax,Infectious,2023-Q4,Nausea,False,Mild,Physician,US,45-64,1
DRG009,Symtravax,Infectious,2023-Q4,Diarrhea,False,Moderate,Physician,CA,65-74,1
DRG009,Symtravax,Infectious,2023-Q4,Headache,False,Mild,Pharmacist,US,65-74,1
DRG009,Symtravax,Infectious,2023-Q4,Rash,False,Critical,Other,CA,65-74,1
DRG009,Symtravax,Infectious,2023-Q4,Fatigue,False,Mild,Pharmacist,JP,75+,1
DRG009,Symtravax,Infectious,2023-Q4,Headache,False,Moderate,Physician,DE,65-74,1
DRG009,Symtravax,Infectious,2023-Q4,Headache,False,Mild,Physician,US,45-64,1
DRG009,Symtravax,Infectious,2023-Q4,Fever,False,Mild,Physician,GB,18-44,1
DRG009,Symtravax,Infectious,2023-Q4,Fever,False,Critical,Physician,US,45-64,1
DRG009,Symtravax,Infectious,2023-Q4,Fatigue,False,Mild,Consumer,DE,65-74,1
DRG009,Symtravax,Infectious,2023-Q4,Fever,False,Moderate,Pharmacist,US,65-74,1
DRG009,Symtravax,Infectious,2023-Q4,Vomiting,False,Moderate,Other,FR,45-64,1
DRG009,Symtravax,Infectious,2023-Q4,Rash,False,Mild,Physician,DE,45-64,1
DRG009,Symtravax,Infectious,2023-Q4,Diarrhea,False,Mild,Physician,US,18-44,1
DRG009,Symtravax,Infectious,2023-Q4,Nausea,False,Moderate,Other,DE,45-64,1
DRG009,Symtravax,Infectious,2023-Q4,Vomiting,False,Moderate,Physician,US,45-64,1
DRG009,Symtravax,Infectious,2023-Q4,Vomiting,False,Mild,Consumer,GB,65-74,1
DRG009,Symtravax,Infectious,2023-Q4,Vomiting,False,Moderate,Pharmacist,US,65-74,1
DRG009,Symtravax,Infectious,2023-Q4,Nausea,False,Moderate,Other,DE,65-74,1
DRG009,Symtravax,Infectious,2023-Q4,Headache,False,Moderate,Pharmacist,DE,65-74,1
DRG009,Symtravax,Infectious,2023-Q4,Headache,False,Moderate,Other,US,45-64,1
DRG009,Symtravax,Infectious,2023-Q4,Fatigue,False,Critical,Physician,US,45-64,1
DRG009,Symtravax,Infectious,2023-Q4,Headache,False,Serious,Physician,US,45-64,1
DRG009,Symtravax,Infectious,2023-Q4,Fatigue,False,Moderate,Other,FR,18-44,1
DRG009,Symtravax,Infectious,2023-Q4,Vomiting,False,Moderate,Consumer,DE,75+,1
DRG009,Symtravax,Infectious,2023-Q4,Nausea,False,Mild,Pharmacist,GB,65-74,1
DRG009,Symtravax,Infectious,2023-Q4,Nausea,False,Mild,Physician,CA,18-44,1
DRG009,Symtravax,Infectious,2023-Q4,Rash,False,Mild,Consumer,US,45-64,1
DRG009,Symtravax,Infectious,2023-Q4,Headache,False,Critical,Physician,US,65-74,1
DRG009,Symtravax,Infectious,2023-Q4,Fever,False,Mild,Physician,DE,75+,1
DRG009,Symtravax,Infectious,2023-Q4,Nausea,False,Critical,Physician,US,18-44,1
DRG009,Symtravax,Infectious,2023-Q4,Fever,False,Mild,Pharmacist,CA,65-74,1
DRG009,Symtravax,Infectious,2023-Q4,Rash,False,Moderate,Consumer,CA,18-44,1
DRG009,Symtravax,Infectious,2023-Q4,Fever,False,Moderate,Physician,CA,65-74,1
DRG009,Symtravax,Infectious,2023-Q4,Diarrhea,False,Moderate,Consumer,DE,45-64,1
DRG009,Symtravax,Infectious,2023-Q4,Nausea,False,Mild,Physician,US,75+,1
DRG009,Symtravax,Infectious,2023-Q4,Vomiting,False,Moderate,Consumer,US,65-74,1
DRG009,Symtravax,Infectious,2023-Q4,Fatigue,False,Moderate,Physician,CA,45-64,1
DRG009,Symtravax,Infectious,2023-Q4,Rash,False,Moderate,Consumer,US,18-44,1
DRG009,Symtravax,Infectious,2023-Q4,Nausea,False,Critical,Pharmacist,JP,45-64,1
DRG009,Symtravax,Infectious,2023-Q4,Nausea,False,Moderate,Pharmacist,US,65-74,1
DRG009,Symtravax,Infectious,2023-Q4,Vomiting,False,Mild,Consumer,FR,45-64,1
DRG009,Symtravax,Infectious,2023-Q4,Diarrhea,False,Mild,Other,US,65-74,1
DRG009,Symtravax,Infectious,2023-Q4,Diarrhea,False,Mild,Pharmacist,US,65-74,1
DRG009,Symtravax,Infectious,2023-Q4,Rash,False,Serious,Physician,US,65-74,1
DRG009,Symtravax,Infectious,2023-Q4,Diarrhea,False,Moderate,Consumer,FR,65-74,1
DRG009,Symtravax,Infectious,2023-Q4,Fever,False,Serious,Pharmacist,US,65-74,1
DRG009,Symtravax,Infectious,2023-Q4,Vomiting,False,Mild,Consumer,US,45-64,1
DRG009,Symtravax,Infectious,2023-Q4,Rash,False,Mild,Physician,US,65-74,1
DRG009,Symtravax,Infectious,2023-Q4,Rash,False,Critical,Other,DE,45-64,1
DRG009,Symtravax,Infectious,2023-Q4,Fever,False,Serious,Consumer,CA,45-64,1
DRG009,Symtravax,Infectious,2023-Q4,Fever,False,Mild,Other,US,65-74,1
DRG009,Symtravax,Infectious,2023-Q4,Nausea,False,Mild,Other,CA,45-64,1
DRG009,Symtravax,Infectious,2023-Q4,Fever,False,Mild,Other,JP,65-74,1
DRG009,Symtravax,Infectious,2023-Q4,Fatigue,False,Mild,Consumer,US,65-74,1
DRG009,Symtravax,Infectious,2023-Q4,Nausea,False,Moderate,Physician,JP,45-64,1
DRG009,Symtravax,Infectious,2023-Q4,Rash,False,Moderate,Consumer,JP,45-64,1
DRG009,Symtravax,Infectious,2023-Q4,Fatigue,False,Mild,Consumer,FR,75+,1
DRG009,Symtravax,Infectious,2023-Q4,Diarrhea,False,Critical,Other,US,65-74,1
DRG009,Symtravax,Infectious,2023-Q4,Fever,False,Moderate,Physician,DE,65-74,1
DRG009,Symtravax,Infectious,2023-Q4,Headache,False,Mild,Physician,JP,18-44,1
DRG009,Symtravax,Infectious,2023-Q4,Vomiting,False,Moderate,Physician,US,75+,1
DRG009,Symtravax,Infectious,2023-Q4,Nausea,False,Moderate,Physician,GB,18-44,1
DRG009,Symtravax,Infectious,2023-Q4,Diarrhea,False,Moderate,Pharmacist,US,65-74,1
DRG009,Symtravax,Infectious,2023-Q4,Fatigue,False,Mild,Pharmacist,FR,18-44,1
DRG009,Symtravax,Infectious,2023-Q4,Fever,False,Serious,Consumer,US,75+,1
DRG009,Symtravax,Infectious,2023-Q4,Fatigue,False,Moderate,Physician,US,45-64,1
DRG009,Symtravax,Infectious,2023-Q4,Vomiting,False,Mild,Other,JP,65-74,1
DRG009,Symtravax,Infectious,2023-Q4,Fatigue,False,Moderate,Pharmacist,DE,75+,1
DRG009,Symtravax,Infectious,2023-Q4,Fatigue,False,Serious,Consumer,JP,65-74,1
DRG009,Symtravax,Infectious,2023-Q4,Fatigue,False,Serious,Consumer,US,65-74,1
DRG009,Symtravax,Infectious,2023-Q4,Headache,False,Moderate,Consumer,DE,65-74,1
DRG009,Symtravax,Infectious,2023-Q4,Headache,False,Moderate,Other,DE,45-64,1
DRG009,Symtravax,Infectious,2023-Q4,Fever,False,Moderate,Consumer,DE,65-74,1
DRG009,Symtravax,Infectious,2023-Q4,Rash,False,Moderate,Pharmacist,US,65-74,1
DRG009,Symtravax,Infectious,2023-Q4,Headache,False,Critical,Consumer,DE,45-64,1
DRG009,Symtravax,Infectious,2023-Q4,Fatigue,False,Mild,Consumer,US,18-44,1
DRG009,Symtravax,Infectious,2023-Q4,Fever,False,Moderate,Physician,US,18-44,1
DRG009,Symtravax,Infectious,2023-Q4,Vomiting,False,Mild,Physician,CA,75+,1
DRG009,Symtravax,Infectious,2023-Q4,Nausea,False,Moderate,Physician,CA,65-74,1
DRG009,Symtravax,Infectious,2023-Q4,Fever,False,Critical,Other,FR,45-64,1
DRG009,Symtravax,Infectious,2023-Q4,Rash,False,Mild,Physician,JP,45-64,1
DRG009,Symtravax,Infectious,2023-Q4,Diarrhea,False,Mild,Physician,GB,75+,1
DRG009,Symtravax,Infectious,2023-Q4,Diarrhea,False,Mild,Consumer,DE,65-74,1
DRG009,Symtravax,Infectious,2023-Q4,Nausea,False,Mild,Consumer,DE,65-74,1
DRG009,Symtravax,Infectious,2023-Q4,Headache,False,Serious,Pharmacist,US,45-64,1
DRG009,Symtravax,Infectious,2023-Q4,Diarrhea,False,Serious,Physician,CA,75+,1
DRG009,Symtravax,Infectious,2023-Q4,Nausea,False,Mild,Physician,US,18-44,1
DRG009,Symtravax,Infectious,2023-Q4,Fever,False,Serious,Consumer,US,45-64,1
DRG009,Symtravax,Infectious,2023-Q4,Fever,False,Moderate,Other,JP,45-64,1
DRG009,Symtravax,Infectious,2023-Q4,Vomiting,False,Mild,Physician,US,45-64,1
DRG009,Symtravax,Infectious,2023-Q4,Fatigue,False,Mild,Consumer,JP,75+,1
DRG009,Symtravax,Infectious,2023-Q4,Diarrhea,False,Serious,Physician,DE,45-64,1
DRG009,Symtravax,Infectious,2023-Q4,Fever,False,Mild,Other,US,75+,1
DRG009,Symtravax,Infectious,2023-Q4,Fatigue,False,Serious,Consumer,CA,65-74,1
DRG009,Symtravax,Infectious,2023-Q4,Rash,False,Critical,Pharmacist,US,75+,1
DRG009,Symtravax,Infectious,2023-Q4,Fever,False,Moderate,Physician,DE,75+,1
DRG009,Symtravax,Infectious,2023-Q4,Fever,False,Moderate,Physician,US,75+,1
DRG009,Symtravax,Infectious,2023-Q4,Headache,False,Mild,Other,CA,45-64,1
DRG009,Symtravax,Infectious,2023-Q4,Nausea,False,Mild,Physician,JP,75+,1
DRG009,Symtravax,Infectious,2023-Q4,Fatigue,False,Serious,Consumer,US,45-64,1
DRG009,Symtravax,Infectious,2023-Q4,Fever,False,Mild,Consumer,CA,75+,1
DRG009,Symtravax,Infectious,2023-Q4,Fatigue,False,Critical,Pharmacist,US,45-64,1
DRG009,Symtravax,Infectious,2023-Q4,Headache,False,Moderate,Pharmacist,GB,65-74,1
DRG009,Symtravax,Infectious,2023-Q4,Nausea,False,Mild,Physician,JP,18-44,1
DRG009,Symtravax,Infectious,2023-Q4,Fever,False,Moderate,Pharmacist,CA,18-44,1
DRG009,Symtravax,Infectious,2023-Q4,Fever,False,Serious,Physician,FR,65-74,1
DRG009,Symtravax,Infectious,2023-Q4,Fever,False,Moderate,Physician,US,45-64,1
DRG009,Symtravax,Infectious,2023-Q4,Diarrhea,False,Mild,Pharmacist,GB,45-64,1
DRG009,Symtravax,Infectious,2023-Q4,Fatigue,False,Moderate,Other,US,75+,1
DRG009,Symtravax,Infectious,2023-Q4,Fatigue,False,Serious,Physician,US,75+,1
DRG009,Symtravax,Infectious,2023-Q4,Rash,False,Serious,Other,US,18-44,1
DRG009,Symtravax,Infectious,2023-Q4,Fever,False,Mild,Physician,FR,45-64,1
DRG009,Symtravax,Infectious,2023-Q4,Fatigue,False,Moderate,Consumer,JP,65-74,1
DRG009,Symtravax,Infectious,2023-Q4,Nausea,False,Moderate,Physician,FR,45-64,1
DRG009,Symtravax,Infectious,2023-Q4,Headache,False,Mild,Other,US,65-74,1
DRG009,Symtravax,Infectious,2023-Q4,Fatigue,False,Critical,Pharmacist,US,65-74,1
DRG009,Symtravax,Infectious,2023-Q4,Vomiting,False,Moderate,Physician,CA,45-64,1
DRG009,Symtravax,Infectious,2023-Q4,Fatigue,False,Mild,Pharmacist,US,75+,1
DRG009,Symtravax,Infectious,2023-Q4,Headache,False,Moderate,Physician,US,65-74,1
DRG009,Symtravax,Infectious,2023-Q4,Nausea,False,Mild,Consumer,US,45-64,1
DRG009,Symtravax,Infectious,2023-Q4,Diarrhea,False,Mild,Pharmacist,US,18-44,1
DRG009,Symtravax,Infectious,2023-Q4,Fatigue,False,Moderate,Physician,GB,65-74,1
DRG009,Symtravax,Infectious,2023-Q4,Vomiting,False,Mild,Other,GB,75+,1
DRG009,Symtravax,Infectious,2023-Q4,Rash,False,Moderate,Consumer,JP,65-74,1
DRG009,Symtravax,Infectious,2023-Q4,Rash,False,Mild,Other,JP,65-74,1
DRG009,Symtravax,Infectious,2023-Q4,Rash,False,Moderate,Physician,GB,65-74,1
DRG009,Symtravax,Infectious,2023-Q4,Headache,False,Serious,Physician,US,18-44,1
DRG009,Symtravax,Infectious,2023-Q4,Headache,False,Mild,Consumer,US,65-74,1
DRG009,Symtravax,Infectious,2023-Q4,Rash,False,Mild,Consumer,US,65-74,1
DRG009,Symtravax,Infectious,2023-Q4,Vomiting,False,Moderate,Physician,FR,75+,1
DRG009,Symtravax,Infectious,2023-Q4,Vomiting,False,Moderate,Consumer,FR,75+,1
DRG009,Symtravax,Infectious,2023-Q4,Nausea,False,Mild,Physician,FR,45-64,1
DRG009,Symtravax,Infectious,2023-Q4,Nausea,False,Mild,Pharmacist,DE,45-64,1
DRG009,Symtravax,Infectious,2023-Q4,Diarrhea,False,Mild,Consumer,US,65-74,1
DRG009,Symtravax,Infectious,2023-Q4,Fever,False,Mild,Pharmacist,US,65-74,1
DRG009,Symtravax,Infectious,2023-Q4,Nausea,False,Moderate,Consumer,US,45-64,1
DRG009,Symtravax,Infectious,2023-Q4,Fatigue,False,Serious,Physician,US,65-74,1
DRG009,Symtravax,Infectious,2023-Q4,Rash,False,Moderate,Physician,US,45-64,1
DRG009,Symtravax,Infectious,2023-Q4,Vomiting,False,Serious,Other,GB,75+,1
DRG009,Symtravax,Infectious,2023-Q4,Nausea,False,Critical,Consumer,CA,18-44,1
DRG009,Symtravax,Infectious,2024-Q1,Fatigue,False,Mild,Physician,US,45-64,5
DRG009,Symtravax,Infectious,2024-Q1,Nausea,False,Mild,Physician,US,65-74,3
DRG009,Symtravax,Infectious,2024-Q1,Diarrhea,False,Mild,Consumer,US,65-74,2
DRG009,Symtravax,Infectious,2024-Q1,Rash,False,Moderate,Consumer,US,18-44,2
DRG009,Symtravax,Infectious,2024-Q1,Diarrhea,False,Moderate,Consumer,US,45-64,2
DRG009,Symtravax,Infectious,2024-Q1,Fatigue,False,Mild,Physician,FR,65-74,2
DRG009,Symtravax,Infectious,2024-Q1,Fever,False,Mild,Consumer,US,18-44,2
DRG009,Symtravax,Infectious,2024-Q1,Vomiting,False,Mild,Consumer,US,45-64,2
DRG009,Symtravax,Infectious,2024-Q1,Vomiting,False,Mild,Physician,US,65-74,2
DRG009,Symtravax,Infectious,2024-Q1,Headache,False,Mild,Consumer,US,45-64,2
DRG009,Symtravax,Infectious,2024-Q1,Fever,False,Moderate,Physician,US,45-64,2
DRG009,Symtravax,Infectious,2024-Q1,Nausea,False,Mild,Pharmacist,US,45-64,2
DRG009,Symtravax,Infectious,2024-Q1,Fatigue,False,Moderate,Pharmacist,US,65-74,2
DRG009,Symtravax,Infectious,2024-Q1,Vomiting,False,Serious,Physician,US,65-74,2
DRG009,Symtravax,Infectious,2024-Q1,Fever,False,Mild,Other,CA,45-64,2
DRG009,Symtravax,Infectious,2024-Q1,Fatigue,False,Serious,Physician,US,45-64,2
DRG009,Symtravax,Infectious,2024-Q1,Diarrhea,False,Mild,Other,DE,75+,2
DRG009,Symtravax,Infectious,2024-Q1,Nausea,False,Moderate,Consumer,US,65-74,2
DRG009,Symtravax,Infectious,2024-Q1,Diarrhea,False,Moderate,Other,US,45-64,2
DRG009,Symtravax,Infectious,2024-Q1,Rash,False,Serious,Physician,US,18-44,2
DRG009,Symtravax,Infectious,2024-Q1,Diarrhea,False,Moderate,Physician,US,45-64,2
DRG009,Symtravax,Infectious,2024-Q1,Rash,False,Moderate,Physician,US,65-74,2
DRG009,Symtravax,Infectious,2024-Q1,Headache,False,Mild,Physician,FR,45-64,2
DRG009,Symtravax,Infectious,2024-Q1,Fatigue,False,Moderate,Pharmacist,US,45-64,2
DRG009,Symtravax,Infectious,2024-Q1,Vomiting,False,Moderate,Consumer,US,75+,2
DRG009,Symtravax,Infectious,2024-Q1,Diarrhea,False,Moderate,Consumer,JP,75+,1
DRG009,Symtravax,Infectious,2024-Q1,Fever,False,Mild,Consumer,US,75+,1
DRG009,Symtravax,Infectious,2024-Q1,Fatigue,False,Critical,Other,JP,65-74,1
DRG009,Symtravax,Infectious,2024-Q1,Headache,False,Moderate,Physician,CA,65-74,1
DRG009,Symtravax,Infectious,2024-Q1,Diarrhea,False,Mild,Physician,US,45-64,1
DRG009,Symtravax,Infectious,2024-Q1,Vomiting,False,Critical,Pharmacist,US,45-64,1
DRG009,Symtravax,Infectious,2024-Q1,Vomiting,False,Mild,Physician,GB,65-74,1
DRG009,Symtravax,Infectious,2024-Q1,Diarrhea,False,Moderate,Other,US,65-74,1
DRG009,Symtravax,Infectious,2024-Q1,Vomiting,False,Mild,Pharmacist,US,45-64,1
DRG009,Symtravax,Infectious,2024-Q1,Diarrhea,False,Critical,Physician,US,65-74,1
DRG009,Symtravax,Infectious,2024-Q1,Nausea,False,Mild,Consumer,CA,45-64,1
DRG009,Symtravax,Infectious,2024-Q1,Rash,False,Mild,Physician,US,45-64,1
DRG009,Symtravax,Infectious,2024-Q1,Diarrhea,False,Moderate,Pharmacist,FR,45-64,1
DRG009,Symtravax,Infectious,2024-Q1,Vomiting,False,Mild,Pharmacist,FR,75+,1
DRG009,Symtravax,Infectious,2024-Q1,Diarrhea,False,Mild,Pharmacist,FR,75+,1
DRG009,Symtravax,Infectious,2024-Q1,Vomiting,False,Mild,Pharmacist,US,18-44,1
DRG009,Symtravax,Infectious,2024-Q1,Fever,False,Moderate,Other,DE,75+,1
DRG009,Symtravax,Infectious,2024-Q1,Rash,False,Moderate,Consumer,US,65-74,1
DRG009,Symtravax,Infectious,2024-Q1,Rash,False,Moderate,Physician,JP,65-74,1
DRG009,Symtravax,Infectious,2024-Q1,Rash,False,Moderate,Physician,DE,45-64,1
DRG009,Symtravax,Infectious,2024-Q1,Fever,False,Moderate,Physician,CA,18-44,1
DRG009,Symtravax,Infectious,2024-Q1,Nausea,False,Critical,Consumer,US,45-64,1
DRG009,Symtravax,Infectious,2024-Q1,Rash,False,Moderate,Pharmacist,US,45-64,1
DRG009,Symtravax,Infectious,2024-Q1,Fever,False,Mild,Physician,US,18-44,1
DRG009,Symtravax,Infectious,2024-Q1,Headache,False,Mild,Consumer,US,65-74,1
DRG009,Symtravax,Infectious,2024-Q1,Fever,False,Critical,Pharmacist,FR,45-64,1
DRG009,Symtravax,Infectious,2024-Q1,Vomiting,False,Serious,Pharmacist,US,65-74,1
DRG009,Symtravax,Infectious,2024-Q1,Vomiting,False,Moderate,Physician,DE,65-74,1
DRG009,Symtravax,Infectious,2024-Q1,Fever,False,Moderate,Other,GB,45-64,1
DRG009,Symtravax,Infectious,2024-Q1,Headache,False,Mild,Other,CA,18-44,1
DRG009,Symtravax,Infectious,2024-Q1,Fever,False,Serious,Physician,US,65-74,1
DRG009,Symtravax,Infectious,2024-Q1,Fatigue,False,Mild,Physician,DE,75+,1
DRG009,Symtravax,Infectious,2024-Q1,Nausea,False,Mild,Consumer,US,45-64,1
DRG009,Symtravax,Infectious,2024-Q1,Nausea,False,Moderate,Pharmacist,CA,65-74,1
DRG009,Symtravax,Infectious,2024-Q1,Fever,False,Critical,Other,CA,75+,1
DRG009,Symtravax,Infectious,2024-Q1,Diarrhea,False,Mild,Other,US,18-44,1
DRG009,Symtravax,Infectious,2024-Q1,Nausea,False,Moderate,Other,US,65-74,1
DRG009,Symtravax,Infectious,2024-Q1,Fatigue,False,Moderate,Pharmacist,US,75+,1
DRG009,Symtravax,Infectious,2024-Q1,Headache,False,Critical,Pharmacist,FR,45-64,1
DRG009,Symtravax,Infectious,2024-Q1,Rash,False,Mild,Other,GB,45-64,1
DRG009,Symtravax,Infectious,2024-Q1,Headache,False,Serious,Other,JP,45-64,1
DRG009,Symtravax,Infectious,2024-Q1,Fever,False,Mild,Other,DE,75+,1
DRG009,Symtravax,Infectious,2024-Q1,Headache,False,Serious,Other,FR,45-64,1
DRG009,Symtravax,Infectious,2024-Q1,Rash,False,Mild,Physician,US,75+,1
DRG009,Symtravax,Infectious,2024-Q1,Fatigue,False,Mild,Other,US,45-64,1
DRG009,Symtravax,Infectious,2024-Q1,Vomiting,False,Moderate,Other,US,45-64,1
DRG009,Symtravax,Infectious,2024-Q1,Rash,False,Moderate,Physician,US,75+,1
DRG009,Symtravax,Infectious,2024-Q1,Diarrhea,False,Serious,Consumer,US,45-64,1
DRG009,Symtravax,Infectious,2024-Q1,Fatigue,False,Mild,Pharmacist,JP,45-64,1
DRG009,Symtravax,Infectious,2024-Q1,Diarrhea,False,Moderate,Consumer,US,75+,1
DRG009,Symtravax,Infectious,2024-Q1,Headache,False,Mild,Pharmacist,CA,45-64,1
DRG009,Symtravax,Infectious,2024-Q1,Fatigue,False,Mild,Consumer,US,75+,1
DRG009,Symtravax,Infectious,2024-Q1,Headache,False,Serious,Physician,DE,45-64,1
DRG009,Symtravax,Infectious,2024-Q1,Fever,False,Mild,Consumer,GB,65-74,1
DRG009,Symtravax,Infectious,2024-Q1,Vomiting,False,Mild,Consumer,US,18-44,1
DRG009,Symtravax,Infectious,2024-Q1,Diarrhea,False,Mild,Pharmacist,US,45-64,1
DRG009,Symtravax,Infectious,2024-Q1,Nausea,False,Mild,Other,US,45-64,1
DRG009,Symtravax,Infectious,2024-Q1,Headache,False,Moderate,Consumer,US,45-64,1
DRG009,Symtravax,Infectious,2024-Q1,Headache,False,Mild,Physician,US,45-64,1
DRG009,Symtravax,Infectious,2024-Q1,Diarrhea,False,Mild,Other,US,75+,1
DRG009,Symtravax,Infectious,2024-Q1,Diarrhea,False,Serious,Physician,US,65-74,1
DRG009,Symtravax,Infectious,2024-Q1,Nausea,False,Mild,Other,GB,45-64,1
DRG009,Symtravax,Infectious,2024-Q1,Nausea,False,Mild,Pharmacist,US,18-44,1
DRG009,Symtravax,Infectious,2024-Q1,Rash,False,Mild,Physician,GB,75+,1
DRG009,Symtravax,Infectious,2024-Q1,Vomiting,False,Critical,Physician,US,65-74,1
DRG009,Symtravax,Infectious,2024-Q1,Headache,False,Serious,Pharmacist,JP,18-44,1
DRG009,Symtravax,Infectious,2024-Q1,Nausea,False,Critical,Physician,CA,65-74,1
DRG009,Symtravax,Infectious,2024-Q1,Fever,False,Mild,Physician,US,65-74,1
DRG009,Symtravax,Infectious,2024-Q1,Rash,False,Moderate,Consumer,DE,75+,1
DRG009,Symtravax,Infectious,2024-Q1,Vomiting,False,Mild,Physician,US,75+,1
DRG009,Symtravax,Infectious,2024-Q1,Nausea,False,Serious,Physician,DE,45-64,1
DRG009,Symtravax,Infectious,2024-Q1,Vomiting,False,Moderate,Consumer,FR,18-44,1
DRG009,Symtravax,Infectious,2024-Q1,Headache,False,Mild,Consumer,CA,45-64,1
DRG009,Symtravax,Infectious,2024-Q1,Vomiting,False,Moderate,Pharmacist,US,75+,1
DRG009,Symtravax,Infectious,2024-Q1,Fatigue,False,Critical,Other,US,65-74,1
DRG009,Symtravax,Infectious,2024-Q1,Diarrhea,False,Serious,Pharmacist,US,18-44,1
DRG009,Symtravax,Infectious,2024-Q1,Nausea,False,Moderate,Pharmacist,JP,45-64,1
DRG009,Symtravax,Infectious,2024-Q1,Diarrhea,False,Moderate,Physician,US,18-44,1
DRG009,Symtravax,Infectious,2024-Q1,Headache,False,Moderate,Physician,DE,45-64,1
DRG009,Symtravax,Infectious,2024-Q1,Fever,False,Mild,Physician,JP,65-74,1
DRG009,Symtravax,Infectious,2024-Q1,Nausea,False,Mild,Consumer,US,65-74,1
DRG009,Symtravax,Infectious,2024-Q1,Fatigue,False,Critical,Consumer,FR,75+,1
DRG009,Symtravax,Infectious,2024-Q1,Fever,False,Moderate,Other,US,65-74,1
DRG009,Symtravax,Infectious,2024-Q1,Fever,False,Mild,Pharmacist,US,18-44,1
DRG009,Symtravax,Infectious,2024-Q1,Diarrhea,False,Critical,Consumer,JP,45-64,1
DRG009,Symtravax,Infectious,2024-Q1,Nausea,False,Mild,Physician,CA,18-44,1
DRG009,Symtravax,Infectious,2024-Q1,Diarrhea,False,Mild,Physician,DE,45-64,1
DRG009,Symtravax,Infectious,2024-Q1,Fever,False,Serious,Physician,CA,65-74,1
DRG009,Symtravax,Infectious,2024-Q1,Nausea,False,Moderate,Physician,GB,18-44,1
DRG009,Symtravax,Infectious,2024-Q1,Nausea,False,Mild,Physician,US,45-64,1
DRG009,Symtravax,Infectious,2024-Q1,Diarrhea,False,Mild,Consumer,CA,65-74,1
DRG009,Symtravax,Infectious,2024-Q1,Diarrhea,False,Moderate,Pharmacist,CA,18-44,1
DRG009,Symtravax,Infectious,2024-Q1,Vomiting,False,Mild,Physician,US,18-44,1
DRG009,Symtravax,Infectious,2024-Q1,Fatigue,False,Mild,Consumer,DE,45-64,1
DRG009,Symtravax,Infectious,2024-Q1,Fever,False,Moderate,Physician,CA,45-64,1
DRG009,Symtravax,Infectious,2024-Q1,Fever,False,Mild,Consumer,FR,45-64,1
DRG009,Symtravax,Infectious,2024-Q1,Headache,False,Mild,Pharmacist,US,65-74,1
DRG009,Symtravax,Infectious,2024-Q1,Nausea,False,Mild,Other,JP,45-64,1
DRG009,Symtravax,Infectious,2024-Q1,Fatigue,False,Moderate,Consumer,CA,75+,1
DRG009,Symtravax,Infectious,2024-Q1,Diarrhea,False,Moderate,Consumer,DE,65-74,1
DRG009,Symtravax,Infectious,2024-Q1,Fever,False,Moderate,Pharmacist,US,65-74,1
DRG009,Symtravax,Infectious,2024-Q1,Rash,False,Serious,Physician,JP,45-64,1
DRG009,Symtravax,Infectious,2024-Q1,Vomiting,False,Moderate,Consumer,DE,45-64,1
DRG009,Symtravax,Infectious,2024-Q1,Fatigue,False,Critical,Consumer,DE,65-74,1
DRG009,Symtravax,Infectious,2024-Q1,Diarrhea,False,Mild,Physician,US,18-44,1
DRG009,Symtravax,Infectious,2024-Q1,Fever,False,Moderate,Consumer,US,45-64,1
DRG009,Symtravax,Infectious,2024-Q1,Fatigue,False,Critical,Consumer,US,18-44,1
DRG009,Symtravax,Infectious,2024-Q1,Fatigue,False,Mild,Consumer,CA,65-74,1
DRG009,Symtravax,Infectious,2024-Q1,Vomiting,False,Critical,Physician,CA,18-44,1
DRG009,Symtravax,Infectious,2024-Q1,Diarrhea,False,Mild,Consumer,US,45-64,1
DRG009,Symtravax,Infectious,2024-Q1,Fatigue,False,Mild,Other,CA,65-74,1
DRG009,Symtravax,Infectious,2024-Q1,Nausea,False,Mild,Physician,FR,45-64,1
DRG009,Symtravax,Infectious,2024-Q1,Nausea,False,Moderate,Consumer,GB,18-44,1
DRG009,Symtravax,Infectious,2024-Q1,Fever,False,Mild,Physician,CA,45-64,1
DRG009,Symtravax,Infectious,2024-Q1,Diarrhea,False,Mild,Physician,GB,65-74,1
DRG009,Symtravax,Infectious,2024-Q1,Nausea,False,Moderate,Pharmacist,GB,65-74,1
DRG009,Symtravax,Infectious,2024-Q1,Fever,False,Serious,Consumer,FR,18-44,1
DRG009,Symtravax,Infectious,2024-Q1,Vomiting,False,Moderate,Pharmacist,US,45-64,1
DRG009,Symtravax,Infectious,2024-Q1,Nausea,False,Moderate,Physician,DE,75+,1
DRG009,Symtravax,Infectious,2024-Q1,Headache,False,Mild,Consumer,JP,45-64,1
DRG009,Symtravax,Infectious,2024-Q1,Rash,False,Critical,Physician,US,18-44,1
DRG009,Symtravax,Infectious,2024-Q1,Headache,False,Mild,Pharmacist,US,45-64,1
DRG009,Symtravax,Infectious,2024-Q1,Fatigue,False,Serious,Pharmacist,US,45-64,1
DRG009,Symtravax,Infectious,2024-Q1,Rash,False,Mild,Other,FR,75+,1
DRG009,Symtravax,Infectious,2024-Q1,Headache,False,Moderate,Physician,JP,65-74,1
DRG009,Symtravax,Infectious,2024-Q1,Rash,False,Moderate,Consumer,GB,45-64,1
DRG009,Symtravax,Infectious,2024-Q1,Fatigue,False,Critical,Physician,GB,45-64,1
DRG009,Symtravax,Infectious,2024-Q1,Rash,False,Serious,Pharmacist,US,65-74,1
DRG009,Symtravax,Infectious,2024-Q1,Rash,False,Critical,Physician,GB,18-44,1
DRG009,Symtravax,Infectious,2024-Q1,Fever,False,Mild,Physician,US,45-64,1
DRG009,Symtravax,Infectious,2024-Q1,Headache,False,Moderate,Pharmacist,DE,75+,1
DRG009,Symtravax,Infectious,2024-Q1,Nausea,False,Mild,Physician,JP,45-64,1
DRG009,Symtravax,Infectious,2024-Q1,Vomiting,False,Moderate,Pharmacist,JP,75+,1
DRG009,Symtravax,Infectious,2024-Q1,Headache,False,Serious,Physician,US,65-74,1
DRG009,Symtravax,Infectious,2024-Q1,Rash,False,Critical,Consumer,US,65-74,1
DRG009,Symtravax,Infectious,2024-Q1,Vomiting,False,Mild,Physician,DE,45-64,1
DRG009,Symtravax,Infectious,2024-Q1,Fatigue,False,Critical,Pharmacist,JP,65-74,1
DRG009,Symtravax,Infectious,2024-Q1,Fever,False,Moderate,Pharmacist,US,18-44,1
DRG009,Symtravax,Infectious,2024-Q1,Rash,False,Moderate,Physician,DE,65-74,1
DRG009,Symtravax,Infectious,2024-Q1,Vomiting,False,Moderate,Physician,JP,18-44,1
DRG009,Symtravax,Infectious,2024-Q1,Vomiting,False,Moderate,Physician,JP,75+,1
DRG009,Symtravax,Infectious,2024-Q1,Diarrhea,False,Critical,Pharmacist,US,65-74,1
DRG009,Symtravax,Infectious,2024-Q1,Fever,False,Moderate,Consumer,DE,45-64,1
DRG009,Symtravax,Infectious,2024-Q1,Fatigue,False,Mild,Pharmacist,US,75+,1
DRG009,Symtravax,Infectious,2024-Q1,Vomiting,False,Critical,Other,GB,45-64,1
DRG009,Symtravax,Infectious,2024-Q1,Vomiting,False,Moderate,Physician,CA,45-64,1
DRG009,Symtravax,Infectious,2024-Q1,Rash,False,Serious,Consumer,US,45-64,1
DRG009,Symtravax,Infectious,2024-Q1,Fever,False,Moderate,Physician,DE,18-44,1
DRG009,Symtravax,Infectious,2024-Q1,Diarrhea,False,Mild,Consumer,DE,75+,1
DRG009,Symtravax,Infectious,2024-Q1,Headache,False,Moderate,Pharmacist,US,45-64,1
DRG009,Symtravax,Infectious,2024-Q1,Fever,False,Mild,Consumer,FR,18-44,1
DRG009,Symtravax,Infectious,2024-Q1,Diarrhea,False,Serious,Physician,GB,45-64,1
DRG009,Symtravax,Infectious,2024-Q1,Fever,False,Critical,Physician,US,45-64,1
DRG009,Symtravax,Infectious,2024-Q1,Rash,False,Mild,Pharmacist,US,65-74,1
DRG009,Symtravax,Infectious,2024-Q1,Rash,False,Mild,Other,FR,65-74,1
DRG009,Symtravax,Infectious,2024-Q1,Vomiting,False,Mild,Pharmacist,DE,45-64,1
DRG009,Symtravax,Infectious,2024-Q1,Diarrhea,False,Serious,Consumer,GB,45-64,1
DRG009,Symtravax,Infectious,2024-Q1,Fever,False,Mild,Consumer,US,45-64,1
DRG009,Symtravax,Infectious,2024-Q1,Vomiting,False,Moderate,Physician,DE,18-44,1
DRG009,Symtravax,Infectious,2024-Q1,Headache,False,Serious,Consumer,JP,45-64,1
DRG009,Symtravax,Infectious,2024-Q1,Rash,False,Moderate,Other,US,45-64,1
DRG009,Symtravax,Infectious,2024-Q1,Diarrhea,False,Mild,Physician,CA,45-64,1
DRG009,Symtravax,Infectious,2024-Q1,Fever,False,Moderate,Pharmacist,JP,75+,1
DRG009,Symtravax,Infectious,2024-Q1,Headache,False,Critical,Other,US,18-44,1
DRG009,Symtravax,Infectious,2024-Q1,Rash,False,Serious,Physician,US,45-64,1
DRG009,Symtravax,Infectious,2024-Q1,Diarrhea,False,Mild,Pharmacist,US,18-44,1
DRG009,Symtravax,Infectious,2024-Q1,Fatigue,False,Critical,Physician,US,65-74,1
DRG009,Symtravax,Infectious,2024-Q1,Headache,False,Serious,Consumer,US,75+,1
DRG009,Symtravax,Infectious,2024-Q1,Vomiting,False,Critical,Consumer,JP,45-64,1
DRG009,Symtravax,Infectious,2024-Q1,Fatigue,False,Mild,Other,CA,45-64,1
DRG009,Symtravax,Infectious,2024-Q1,Headache,False,Critical,Physician,US,45-64,1
DRG009,Symtravax,Infectious,2024-Q1,Vomiting,False,Moderate,Physician,US,45-64,1
DRG009,Symtravax,Infectious,2024-Q1,Headache,False,Mild,Consumer,JP,18-44,1
DRG009,Symtravax,Infectious,2024-Q1,Rash,False,Moderate,Pharmacist,DE,75+,1
DRG009,Symtravax,Infectious,2024-Q1,Diarrhea,False,Mild,Consumer,CA,18-44,1
DRG009,Symtravax,Infectious,2024-Q1,Vomiting,False,Mild,Other,CA,45-64,1
DRG009,Symtravax,Infectious,2024-Q1,Nausea,False,Mild,Other,US,65-74,1
DRG009,Symtravax,Infectious,2024-Q1,Fever,False,Critical,Consumer,US,65-74,1
DRG009,Symtravax,Infectious,2024-Q1,Diarrhea,False,Moderate,Physician,GB,45-64,1
DRG009,Symtravax,Infectious,2024-Q1,Vomiting,False,Moderate,Pharmacist,US,65-74,1
DRG010,Falotrimab,Infectious,2023-Q2,Rash,False,Mild,Consumer,US,65-74,3
DRG010,Falotrimab,Infectious,2023-Q2,Fatigue,False,Mild,Consumer,US,65-74,3
DRG010,Falotrimab,Infectious,2023-Q2,Diarrhea,False,Mild,Physician,CA,45-64,3
DRG010,Falotrimab,Infectious,2023-Q2,Diarrhea,False,Mild,Physician,US,65-74,2
DRG010,Falotrimab,Infectious,2023-Q2,Fever,False,Moderate,Pharmacist,US,45-64,2
DRG010,Falotrimab,Infectious,2023-Q2,Fever,False,Moderate,Physician,DE,45-64,2
DRG010,Falotrimab,Infectious,2023-Q2,Fever,False,Mild,Physician,US,65-74,2
DRG010,Falotrimab,Infectious,2023-Q2,Vomiting,False,Mild,Physician,US,18-44,2
DRG010,Falotrimab,Infectious,2023-Q2,Diarrhea,False,Moderate,Consumer,US,45-64,2
DRG010,Falotrimab,Infectious,2023-Q2,Diarrhea,False,Mild,Other,US,45-64,2
DRG010,Falotrimab,Infectious,2023-Q2,Headache,False,Critical,Physician,US,65-74,2
DRG010,Falotrimab,Infectious,2023-Q2,Headache,False,Mild,Consumer,US,18-44,2
DRG010,Falotrimab,Infectious,2023-Q2,Rash,False,Moderate,Physician,GB,65-74,2
DRG010,Falotrimab,Infectious,2023-Q2,Diarrhea,False,Serious,Physician,US,45-64,2
DRG010,Falotrimab,Infectious,2023-Q2,Diarrhea,False,Mild,Physician,US,75+,2
DRG010,Falotrimab,Infectious,2023-Q2,Headache,False,Mild,Pharmacist,US,45-64,2
DRG010,Falotrimab,Infectious,2023-Q2,Headache,False,Serious,Physician,US,45-64,2
DRG010,Falotrimab,Infectious,2023-Q2,Fever,False,Mild,Consumer,US,45-64,2
DRG010,Falotrimab,Infectious,2023-Q2,Diarrhea,False,Moderate,Physician,US,45-64,2
DRG010,Falotrimab,Infectious,2023-Q2,Vomiting,False,Mild,Consumer,US,65-74,2
DRG010,Falotrimab,Infectious,2023-Q2,Rash,False,Mild,Pharmacist,US,18-44,2
DRG010,Falotrimab,Infectious,2023-Q2,Vomiting,False,Moderate,Physician,US,18-44,2
DRG010,Falotrimab,Infectious,2023-Q2,Nausea,False,Mild,Physician,GB,65-74,2
DRG010,Falotrimab,Infectious,2023-Q2,Headache,False,Mild,Consumer,US,45-64,2
DRG010,Falotrimab,Infectious,2023-Q2,Fever,False,Moderate,Physician,US,65-74,2
DRG010,Falotrimab,Infectious,2023-Q2,Headache,False,Serious,Physician,US,75+,1
DRG010,Falotrimab,Infectious,2023-Q2,Vomiting,False,Mild,Physician,US,75+,1
DRG010,Falotrimab,Infectious,2023-Q2,Fever,False,Critical,Physician,CA,18-44,1
DRG010,Falotrimab,Infectious,2023-Q2,Vomiting,False,Moderate,Pharmacist,US,45-64,1
DRG010,Falotrimab,Infectious,2023-Q2,Vomiting,False,Mild,Other,FR,45-64,1
DRG010,Falotrimab,Infectious,2023-Q2,Rash,False,Critical,Consumer,GB,45-64,1
DRG010,Falotrimab,Infectious,2023-Q2,Rash,False,Serious,Consumer,US,45-64,1
DRG010,Falotrimab,Infectious,2023-Q2,Vomiting,False,Critical,Pharmacist,US,45-64,1
DRG010,Falotrimab,Infectious,2023-Q2,Fever,False,Critical,Other,US,45-64,1
DRG010,Falotrimab,Infectious,2023-Q2,Diarrhea,False,Mild,Physician,US,18-44,1
DRG010,Falotrimab,Infectious,2023-Q2,Diarrhea,False,Mild,Consumer,GB,65-74,1
DRG010,Falotrimab,Infectious,2023-Q2,Headache,False,Critical,Consumer,US,65-74,1
DRG010,Falotrimab,Infectious,2023-Q2,Fever,False,Mild,Physician,US,18-44,1
DRG010,Falotrimab,Infectious,2023-Q2,Vomiting,False,Moderate,Consumer,US,65-74,1
DRG010,Falotrimab,Infectious,2023-Q2,Vomiting,False,Mild,Pharmacist,DE,45-64,1
DRG010,Falotrimab,Infectious,2023-Q2,Diarrhea,False,Mild,Physician,JP,65-74,1
DRG010,Falotrimab,Infectious,2023-Q2,Fatigue,False,Mild,Physician,DE,45-64,1
DRG010,Falotrimab,Infectious,2023-Q2,Diarrhea,False,Moderate,Pharmacist,DE,18-44,1
DRG010,Falotrimab,Infectious,2023-Q2,Fatigue,False,Moderate,Other,JP,65-74,1
DRG010,Falotrimab,Infectious,2023-Q2,Nausea,False,Mild,Physician,CA,65-74,1
DRG010,Falotrimab,Infectious,2023-Q2,Rash,False,Moderate,Physician,FR,45-64,1
DRG010,Falotrimab,Infectious,2023-Q2,Rash,False,Mild,Consumer,FR,65-74,1
DRG010,Falotrimab,Infectious,2023-Q2,Vomiting,False,Mild,Physician,DE,65-74,1
DRG010,Falotrimab,Infectious,2023-Q2,Fatigue,False,Moderate,Physician,JP,45-64,1
DRG010,Falotrimab,Infectious,2023-Q2,Rash,False,Mild,Pharmacist,DE,45-64,1
DRG010,Falotrimab,Infectious,2023-Q2,Diarrhea,False,Mild,Pharmacist,DE,65-74,1
DRG010,Falotrimab,Infectious,2023-Q2,Vomiting,False,Mild,Physician,GB,45-64,1
DRG010,Falotrimab,Infectious,2023-Q2,Rash,False,Mild,Other,US,45-64,1
DRG010,Falotrimab,Infectious,2023-Q2,Fatigue,False,Serious,Consumer,US,45-64,1
DRG010,Falotrimab,Infectious,2023-Q2,Diarrhea,False,Moderate,Consumer,US,65-74,1
DRG010,Falotrimab,Infectious,2023-Q2,Fatigue,False,Critical,Physician,US,65-74,1
DRG010,Falotrimab,Infectious,2023-Q2,Fever,False,Mild,Consumer,GB,45-64,1
DRG010,Falotrimab,Infectious,2023-Q2,Fatigue,False,Moderate,Other,US,18-44,1
DRG010,Falotrimab,Infectious,2023-Q2,Fever,False,Serious,Consumer,US,65-74,1
DRG010,Falotrimab,Infectious,2023-Q2,Vomiting,False,Mild,Physician,US,65-74,1
DRG010,Falotrimab,Infectious,2023-Q2,Fatigue,False,Moderate,Physician,DE,65-74,1
DRG010,Falotrimab,Infectious,2023-Q2,Headache,False,Serious,Physician,JP,18-44,1
DRG010,Falotrimab,Infectious,2023-Q2,Rash,False,Serious,Other,US,65-74,1
DRG010,Falotrimab,Infectious,2023-Q2,Diarrhea,False,Moderate,Physician,GB,65-74,1
DRG010,Falotrimab,Infectious,2023-Q2,Rash,False,Moderate,Consumer,GB,75+,1
DRG010,Falotrimab,Infectious,2023-Q2,Headache,False,Moderate,Pharmacist,FR,18-44,1
DRG010,Falotrimab,Infectious,2023-Q2,Headache,False,Mild,Physician,US,18-44,1
DRG010,Falotrimab,Infectious,2023-Q2,Vomiting,False,Critical,Consumer,US,75+,1
DRG010,Falotrimab,Infectious,2023-Q2,Headache,False,Mild,Pharmacist,US,65-74,1
DRG010,Falotrimab,Infectious,2023-Q2,Fever,False,Moderate,Other,US,65-74,1
DRG010,Falotrimab,Infectious,2023-Q2,Nausea,False,Mild,Physician,US,45-64,1
DRG010,Falotrimab,Infectious,2023-Q2,Rash,False,Moderate,Other,GB,75+,1
DRG010,Falotrimab,Infectious,2023-Q2,Diarrhea,False,Mild,Physician,GB,18-44,1
DRG010,Falotrimab,Infectious,2023-Q2,Fatigue,False,Mild,Physician,DE,75+,1
DRG010,Falotrimab,Infectious,2023-Q2,Headache,False,Moderate,Physician,US,45-64,1
DRG010,Falotrimab,Infectious,2023-Q2,Diarrhea,False,Moderate,Physician,US,18-44,1
DRG010,Falotrimab,Infectious,2023-Q2,Fever,False,Moderate,Physician,JP,18-44,1
DRG010,Falotrimab,Infectious,2023-Q2,Fever,False,Serious,Physician,GB,65-74,1
DRG010,Falotrimab,Infectious,2023-Q2,Fatigue,False,Moderate,Consumer,JP,75+,1
DRG010,Falotrimab,Infectious,2023-Q2,Nausea,False,Mild,Pharmacist,DE,45-64,1
DRG010,Falotrimab,Infectious,2023-Q2,Fever,False,Moderate,Consumer,DE,75+,1
DRG010,Falotrimab,Infectious,2023-Q2,Rash,False,Serious,Other,US,45-64,1
DRG010,Falotrimab,Infectious,2023-Q2,Diarrhea,False,Moderate,Pharmacist,US,75+,1
DRG010,Falotrimab,Infectious,2023-Q2,Nausea,False,Mild,Consumer,CA,65-74,1
DRG010,Falotrimab,Infectious,2023-Q2,Rash,False,Moderate,Physician,DE,65-74,1
DRG010,Falotrimab,Infectious,2023-Q2,Fatigue,False,Moderate,Physician,DE,18-44,1
DRG010,Falotrimab,Infectious,2023-Q2,Fever,False,Moderate,Other,US,75+,1
DRG010,Falotrimab,Infectious,2023-Q2,Vomiting,False,Serious,Physician,GB,75+,1
DRG010,Falotrimab,Infectious,2023-Q2,Headache,False,Mild,Consumer,DE,75+,1
DRG010,Falotrimab,Infectious,2023-Q2,Vomiting,False,Moderate,Physician,DE,65-74,1
DRG010,Falotrimab,Infectious,2023-Q2,Fever,False,Mild,Consumer,JP,45-64,1
DRG010,Falotrimab,Infectious,2023-Q2,Rash,False,Moderate,Physician,FR,75+,1
DRG010,Falotrimab,Infectious,2023-Q2,Rash,False,Moderate,Pharmacist,US,75+,1
DRG010,Falotrimab,Infectious,2023-Q2,Headache,False,Serious,Physician,GB,75+,1
DRG010,Falotrimab,Infectious,2023-Q2,Headache,False,Mild,Pharmacist,FR,65-74,1
DRG010,Falotrimab,Infectious,2023-Q2,Diarrhea,False,Serious,Consumer,US,18-44,1
DRG010,Falotrimab,Infectious,2023-Q2,Diarrhea,False,Mild,Pharmacist,US,45-64,1
DRG010,Falotrimab,Infectious,2023-Q2,Nausea,False,Mild,Consumer,US,65-74,1
DRG010,Falotrimab,Infectious,2023-Q2,Fever,False,Moderate,Physician,US,45-64,1
DRG010,Falotrimab,Infectious,2023-Q2,Diarrhea,False,Critical,Pharmacist,CA,65-74,1
DRG010,Falotrimab,Infectious,2023-Q2,Nausea,False,Moderate,Other,GB,75+,1
DRG010,Falotrimab,Infectious,2023-Q2,Fever,False,Critical,Consumer,DE,65-74,1
DRG010,Falotrimab,Infectious,2023-Q2,Fever,False,Mild,Pharmacist,US,65-74,1
DRG010,Falotrimab,Infectious,2023-Q2,Rash,False,Mild,Other,US,18-44,1
DRG010,Falotrimab,Infectious,2023-Q2,Nausea,False,Serious,Physician,US,18-44,1
DRG010,Falotrimab,Infectious,2023-Q2,Rash,False,Moderate,Physician,CA,65-74,1
DRG010,Falotrimab,Infectious,2023-Q2,Fatigue,False,Mild,Physician,US,65-74,1
DRG010,Falotrimab,Infectious,2023-Q2,Nausea,False,Mild,Consumer,GB,65-74,1
DRG010,Falotrimab,Infectious,2023-Q2,Rash,False,Mild,Physician,US,18-44,1
DRG010,Falotrimab,Infectious,2023-Q2,Vomiting,False,Moderate,Other,US,18-44,1
DRG010,Falotrimab,Infectious,2023-Q2,Diarrhea,False,Mild,Consumer,FR,18-44,1
DRG010,Falotrimab,Infectious,2023-Q2,Vomiting,False,Moderate,Physician,FR,45-64,1
DRG010,Falotrimab,Infectious,2023-Q2,Fatigue,False,Mild,Physician,US,75+,1
DRG010,Falotrimab,Infectious,2023-Q2,Rash,False,Serious,Other,CA,75+,1
DRG010,Falotrimab,Infectious,2023-Q2,Vomiting,False,Mild,Pharmacist,US,45-64,1
DRG010,Falotrimab,Infectious,2023-Q2,Rash,False,Mild,Physician,US,45-64,1
DRG010,Falotrimab,Infectious,2023-Q2,Rash,False,Moderate,Consumer,FR,45-64,1
DRG010,Falotrimab,Infectious,2023-Q2,Nausea,False,Moderate,Physician,US,18-44,1
DRG010,Falotrimab,Infectious,2023-Q2,Fever,False,Moderate,Physician,FR,65-74,1
DRG010,Falotrimab,Infectious,2023-Q2,Headache,False,Moderate,Consumer,FR,65-74,1
DRG010,Falotrimab,Infectious,2023-Q2,Fever,False,Moderate,Pharmacist,JP,45-64,1
DRG010,Falotrimab,Infectious,2023-Q2,Fever,False,Moderate,Physician,US,18-44,1
DRG010,Falotrimab,Infectious,2023-Q2,Vomiting,False,Mild,Pharmacist,US,18-44,1
DRG010,Falotrimab,Infectious,2023-Q2,Headache,False,Mild,Pharmacist,DE,45-64,1
DRG010,Falotrimab,Infectious,2023-Q2,Fever,False,Mild,Physician,US,45-64,1
DRG010,Falotrimab,Infectious,2023-Q2,Vomiting,False,Serious,Physician,GB,18-44,1
DRG010,Falotrimab,Infectious,2023-Q2,Vomiting,False,Moderate,Physician,CA,75+,1
DRG010,Falotrimab,Infectious,2023-Q2,Fatigue,False,Mild,Pharmacist,GB,65-74,1
DRG010,Falotrimab,Infectious,2023-Q2,Vomiting,False,Moderate,Pharmacist,CA,45-64,1
DRG010,Falotrimab,Infectious,2023-Q2,Nausea,False,Serious,Physician,CA,45-64,1
DRG010,Falotrimab,Infectious,2023-Q2,Rash,False,Mild,Physician,DE,65-74,1
DRG010,Falotrimab,Infectious,2023-Q2,Diarrhea,False,Serious,Consumer,US,65-74,1
DRG010,Falotrimab,Infectious,2023-Q2,Vomiting,False,Critical,Physician,FR,18-44,1
DRG010,Falotrimab,Infectious,2023-Q2,Fever,False,Mild,Consumer,DE,45-64,1
DRG010,Falotrimab,Infectious,2023-Q2,Nausea,False,Critical,Other,US,65-74,1
DRG010,Falotrimab,Infectious,2023-Q2,Vomiting,False,Serious,Consumer,US,75+,1
DRG010,Falotrimab,Infectious,2023-Q2,Vomiting,False,Serious,Consumer,DE,65-74,1
DRG010,Falotrimab,Infectious,2023-Q2,Fatigue,False,Moderate,Consumer,DE,18-44,1
DRG010,Falotrimab,Infectious,2023-Q2,Vomiting,False,Mild,Other,US,65-74,1
DRG010,Falotrimab,Infectious,2023-Q2,Vomiting,False,Moderate,Physician,US,65-74,1
DRG010,Falotrimab,Infectious,2023-Q2,Fatigue,False,Moderate,Consumer,US,45-64,1
DRG010,Falotrimab,Infectious,2023-Q2,Nausea,False,Mild,Physician,FR,45-64,1
DRG010,Falotrimab,Infectious,2023-Q2,Vomiting,False,Critical,Physician,US,45-64,1
DRG010,Falotrimab,Infectious,2023-Q2,Nausea,False,Serious,Physician,US,75+,1
DRG010,Falotrimab,Infectious,2023-Q2,Headache,False,Mild,Physician,JP,45-64,1
DRG010,Falotrimab,Infectious,2023-Q2,Vomiting,False,Serious,Physician,FR,75+,1
DRG010,Falotrimab,Infectious,2023-Q2,Rash,False,Mild,Physician,US,65-74,1
DRG010,Falotrimab,Infectious,2023-Q2,Vomiting,False,Mild,Physician,FR,45-64,1
DRG010,Falotrimab,Infectious,2023-Q2,Headache,False,Moderate,Consumer,CA,45-64,1
DRG010,Falotrimab,Infectious,2023-Q2,Vomiting,False,Mild,Other,US,18-44,1
DRG010,Falotrimab,Infectious,2023-Q2,Headache,False,Moderate,Pharmacist,US,65-74,1
DRG010,Falotrimab,Infectious,2023-Q2,Diarrhea,False,Mild,Pharmacist,US,75+,1
DRG010,Falotrimab,Infectious,2023-Q2,Headache,False,Mild,Other,US,65-74,1
DRG010,Falotrimab,Infectious,2023-Q2,Fatigue,False,Mild,Consumer,JP,45-64,1
DRG010,Falotrimab,Infectious,2023-Q2,Headache,False,Moderate,Pharmacist,FR,65-74,1
DRG010,Falotrimab,Infectious,2023-Q2,Diarrhea,False,Serious,Pharmacist,US,18-44,1
DRG010,Falotrimab,Infectious,2023-Q2,Nausea,False,Serious,Pharmacist,DE,18-44,1
DRG010,Falotrimab,Infectious,2023-Q2,Fatigue,False,Serious,Physician,JP,18-44,1
DRG010,Falotrimab,Infectious,2023-Q2,Headache,False,Critical,Physician,US,45-64,1
DRG010,Falotrimab,Infectious,2023-Q2,Diarrhea,False,Mild,Physician,FR,65-74,1
DRG010,Falotrimab,Infectious,2023-Q2,Headache,False,Mild,Physician,DE,45-64,1
DRG010,Falotrimab,Infectious,2023-Q2,Rash,False,Moderate,Physician,GB,18-44,1
DRG010,Falotrimab,Infectious,2023-Q2,Nausea,False,Moderate,Pharmacist,US,45-64,1
DRG010,Falotrimab,Infectious,2023-Q2,Rash,False,Moderate,Other,CA,45-64,1
DRG010,Falotrimab,Infectious,2023-Q2,Headache,False,Mild,Consumer,US,65-74,1
DRG010,Falotrimab,Infectious,2023-Q2,Headache,False,Moderate,Physician,CA,45-64,1
DRG010,Falotrimab,Infectious,2023-Q2,Fever,False,Serious,Physician,US,45-64,1
DRG010,Falotrimab,Infectious,2023-Q2,Nausea,False,Mild,Physician,CA,18-44,1
DRG010,Falotrimab,Infectious,2023-Q2,Nausea,False,Mild,Pharmacist,US,65-74,1
DRG010,Falotrimab,Infectious,2023-Q2,Rash,False,Critical,Consumer,GB,65-74,1
DRG010,Falotrimab,Infectious,2023-Q2,Nausea,False,Mild,Consumer,US,45-64,1
DRG010,Falotrimab,Infectious,2023-Q2,Diarrhea,False,Mild,Consumer,DE,65-74,1
DRG010,Falotrimab,Infectious,2023-Q2,Rash,False,Serious,Consumer,US,65-74,1
DRG010,Falotrimab,Infectious,2023-Q2,Fever,False,Mild,Physician,JP,75+,1
DRG010,Falotrimab,Infectious,2023-Q2,Rash,False,Serious,Other,JP,65-74,1
DRG010,Falotrimab,Infectious,2023-Q2,Fever,False,Mild,Physician,JP,45-64,1
DRG010,Falotrimab,Infectious,2023-Q2,Rash,False,Moderate,Pharmacist,US,45-64,1
DRG010,Falotrimab,Infectious,2023-Q2,Fatigue,False,Critical,Other,US,18-44,1
DRG010,Falotrimab,Infectious,2023-Q2,Headache,False,Mild,Physician,GB,75+,1
DRG010,Falotrimab,Infectious,2023-Q2,Diarrhea,False,Mild,Other,US,75+,1
DRG010,Falotrimab,Infectious,2023-Q2,Diarrhea,False,Critical,Physician,US,65-74,1
DRG010,Falotrimab,Infectious,2023-Q2,Fever,False,Critical,Pharmacist,DE,45-64,1
DRG010,Falotrimab,Infectious,2023-Q2,Fatigue,False,Moderate,Consumer,US,75+,1
DRG010,Falotrimab,Infectious,2023-Q2,Vomiting,False,Mild,Pharmacist,US,65-74,1
DRG010,Falotrimab,Infectious,2023-Q2,Fever,False,Mild,Pharmacist,US,75+,1
DRG010,Falotrimab,Infectious,2023-Q2,Fatigue,False,Critical,Physician,FR,45-64,1
DRG010,Falotrimab,Infectious,2023-Q2,Fever,False,Mild,Pharmacist,US,45-64,1
DRG010,Falotrimab,Infectious,2023-Q2,Headache,False,Mild,Consumer,JP,65-74,1
DRG010,Falotrimab,Infectious,2023-Q2,Vomiting,False,Mild,Physician,US,45-64,1
DRG010,Falotrimab,Infectious,2023-Q2,Rash,False,Critical,Other,DE,65-74,1
DRG010,Falotrimab,Infectious,2023-Q2,Rash,False,Moderate,Physician,US,65-74,1
DRG010,Falotrimab,Infectious,2023-Q2,Headache,False,Serious,Physician,GB,45-64,1
DRG010,Falotrimab,Infectious,2023-Q2,Rash,False,Moderate,Consumer,US,18-44,1
DRG010,Falotrimab,Infectious,2023-Q2,Vomiting,False,Mild,Pharmacist,GB,65-74,1
DRG010,Falotrimab,Infectious,2023-Q2,Headache,False,Mild,Consumer,US,75+,1
DRG010,Falotrimab,Infectious,2023-Q2,Headache,False,Mild,Other,US,45-64,1
DRG010,Falotrimab,Infectious,2023-Q2,Rash,False,Moderate,Consumer,US,65-74,1
DRG010,Falotrimab,Infectious,2023-Q2,Fatigue,False,Mild,Physician,JP,45-64,1
DRG010,Falotrimab,Infectious,2023-Q3,Headache,False,Mild,Consumer,US,45-64,4
DRG010,Falotrimab,Infectious,2023-Q3,Rash,False,Mild,Pharmacist,US,45-64,3
DRG010,Falotrimab,Infectious,2023-Q3,Nausea,False,Moderate,Physician,US,65-74,3
DRG010,Falotrimab,Infectious,2023-Q3,Fever,False,Moderate,Physician,US,65-74,3
DRG010,Falotrimab,Infectious,2023-Q3,Headache,False,Moderate,Physician,US,65-74,3
DRG010,Falotrimab,Infectious,2023-Q3,Fever,False,Mild,Physician,US,45-64,3
DRG010,Falotrimab,Infectious,2023-Q3,Headache,False,Mild,Physician,US,18-44,3
DRG010,Falotrimab,Infectious,2023-Q3,Rash,False,Mild,Physician,US,65-74,3
DRG010,Falotrimab,Infectious,2023-Q3,Vomiting,False,Critical,Physician,US,45-64,3
DRG010,Falotrimab,Infectious,2023-Q3,Diarrhea,False,Mild,Physician,US,75+,2
DRG010,Falotrimab,Infectious,2023-Q3,Rash,False,Mild,Pharmacist,US,65-74,2
DRG010,Falotrimab,Infectious,2023-Q3,Vomiting,False,Mild,Other,US,65-74,2
DRG010,Falotrimab,Infectious,2023-Q3,Vomiting,False,Mild,Physician,JP,45-64,2
DRG010,Falotrimab,Infectious,2023-Q3,Fatigue,False,Moderate,Physician,US,45-64,2
DRG010,Falotrimab,Infectious,2023-Q3,Rash,False,Mild,Consumer,US,18-44,2
DRG010,Falotrimab,Infectious,2023-Q3,Fatigue,False,Serious,Consumer,US,65-74,2
DRG010,Falotrimab,Infectious,2023-Q3,Fatigue,False,Mild,Physician,US,45-64,2
DRG010,Falotrimab,Infectious,2023-Q3,Fatigue,False,Moderate,Physician,US,65-74,2
DRG010,Falotrimab,Infectious,2023-Q3,Nausea,False,Moderate,Pharmacist,US,45-64,2
DRG010,Falotrimab,Infectious,2023-Q3,Rash,False,Moderate,Pharmacist,US,18-44,2
DRG010,Falotrimab,Infectious,2023-Q3,Nausea,False,Moderate,Physician,JP,45-64,2
DRG010,Falotrimab,Infectious,2023-Q3,Vomiting,False,Moderate,Consumer,US,65-74,2
DRG010,Falotrimab,Infectious,2023-Q3,Rash,False,Serious,Consumer,US,65-74,2
DRG010,Falotrimab,Infectious,2023-Q3,Diarrhea,False,Moderate,Physician,US,65-74,2
DRG010,Falotrimab,Infectious,2023-Q3,Fever,False,Mild,Physician,US,75+,2
DRG010,Falotrimab,Infectious,2023-Q3,Rash,False,Mild,Consumer,US,45-64,2
DRG010,Falotrimab,Infectious,2023-Q3,Vomiting,False,Mild,Physician,US,45-64,2
DRG010,Falotrimab,Infectious,2023-Q3,Fever,False,Mild,Physician,US,65-74,1
DRG010,Falotrimab,Infectious,2023-Q3,Headache,False,Serious,Physician,US,65-74,1
DRG010,Falotrimab,Infectious,2023-Q3,Headache,False,Moderate,Physician,US,18-44,1
DRG010,Falotrimab,Infectious,2023-Q3,Nausea,False,Serious,Physician,US,18-44,1
DRG010,Falotrimab,Infectious,2023-Q3,Nausea,False,Moderate,Physician,CA,45-64,1
DRG010,Falotrimab,Infectious,2023-Q3,Fever,False,Mild,Physician,GB,75+,1
DRG010,Falotrimab,Infectious,2023-Q3,Headache,False,Mild,Consumer,JP,45-64,1
DRG010,Falotrimab,Infectious,2023-Q3,Fever,False,Moderate,Other,GB,45-64,1
DRG010,Falotrimab,Infectious,2023-Q3,Diarrhea,False,Mild,Pharmacist,JP,18-44,1
DRG010,Falotrimab,Infectious,2023-Q3,Vomiting,False,Mild,Consumer,US,45-64,1
DRG010,Falotrimab,Infectious,2023-Q3,Nausea,False,Moderate,Other,US,75+,1
DRG010,Falotrimab,Infectious,2023-Q3,Diarrhea,False,Serious,Physician,FR,45-64,1
DRG010,Falotrimab,Infectious,2023-Q3,Fever,False,Mild,Consumer,JP,65-74,1
DRG010,Falotrimab,Infectious,2023-Q3,Headache,False,Mild,Consumer,CA,65-74,1
DRG010,Falotrimab,Infectious,2023-Q3,Vomiting,False,Moderate,Other,JP,65-74,1
DRG010,Falotrimab,Infectious,2023-Q3,Fatigue,False,Moderate,Other,US,75+,1
DRG010,Falotrimab,Infectious,2023-Q3,Rash,False,Moderate,Physician,CA,45-64,1
DRG010,Falotrimab,Infectious,2023-Q3,Diarrhea,False,Critical,Physician,US,45-64,1
DRG010,Falotrimab,Infectious,2023-Q3,Diarrhea,False,Moderate,Pharmacist,CA,45-64,1
DRG010,Falotrimab,Infectious,2023-Q3,Rash,False,Mild,Other,GB,18-44,1
DRG010,Falotrimab,Infectious,2023-Q3,Diarrhea,False,Moderate,Pharmacist,CA,65-74,1
DRG010,Falotrimab,Infectious,2023-Q3,Fever,False,Critical,Other,US,75+,1
DRG010,Falotrimab,Infectious,2023-Q3,Fever,False,Moderate,Physician,US,45-64,1
DRG010,Falotrimab,Infectious,2023-Q3,Diarrhea,False,Moderate,Consumer,DE,45-64,1
DRG010,Falotrimab,Infectious,2023-Q3,Diarrhea,False,Critical,Pharmacist,US,45-64,1
DRG010,Falotrimab,Infectious,2023-Q3,Diarrhea,False,Serious,Consumer,US,75+,1
DRG010,Falotrimab,Infectious,2023-Q3,Nausea,False,Mild,Physician,US,75+,1
DRG010,Falotrimab,Infectious,2023-Q3,Headache,False,Moderate,Consumer,DE,45-64,1
DRG010,Falotrimab,Infectious,2023-Q3,Nausea,False,Mild,Consumer,US,45-64,1
DRG010,Falotrimab,Infectious,2023-Q3,Vomiting,False,Serious,Pharmacist,US,18-44,1
DRG010,Falotrimab,Infectious,2023-Q3,Fever,False,Mild,Pharmacist,GB,75+,1
DRG010,Falotrimab,Infectious,2023-Q3,Rash,False,Mild,Consumer,FR,45-64,1
DRG010,Falotrimab,Infectious,2023-Q3,Fatigue,False,Mild,Physician,JP,45-64,1
DRG010,Falotrimab,Infectious,2023-Q3,Fatigue,False,Mild,Other,US,45-64,1
DRG010,Falotrimab,Infectious,2023-Q3,Fatigue,False,Mild,Consumer,US,65-74,1
DRG010,Falotrimab,Infectious,2023-Q3,Headache,False,Mild,Physician,GB,45-64,1
DRG010,Falotrimab,Infectious,2023-Q3,Vomiting,False,Mild,Consumer,CA,18-44,1
DRG010,Falotrimab,Infectious,2023-Q3,Nausea,False,Mild,Consumer,GB,45-64,1
DRG010,Falotrimab,Infectious,2023-Q3,Headache,False,Mild,Consumer,US,75+,1
DRG010,Falotrimab,Infectious,2023-Q3,Fever,False,Mild,Pharmacist,US,45-64,1
DRG010,Falotrimab,Infectious,2023-Q3,Diarrhea,False,Critical,Consumer,GB,45-64,1
DRG010,Falotrimab,Infectious,2023-Q3,Fatigue,False,Mild,Physician,FR,18-44,1
DRG010,Falotrimab,Infectious,2023-Q3,Diarrhea,False,Critical,Consumer,US,65-74,1
DRG010,Falotrimab,Infectious,2023-Q3,Fatigue,False,Serious,Physician,FR,18-44,1
DRG010,Falotrimab,Infectious,2023-Q3,Nausea,False,Critical,Physician,GB,45-64,1
DRG010,Falotrimab,Infectious,2023-Q3,Headache,False,Mild,Other,US,65-74,1
DRG010,Falotrimab,Infectious,2023-Q3,Headache,False,Serious,Pharmacist,FR,18-44,1
DRG010,Falotrimab,Infectious,2023-Q3,Headache,False,Mild,Physician,US,75+,1
DRG010,Falotrimab,Infectious,2023-Q3,Nausea,False,Serious,Physician,US,75+,1
DRG010,Falotrimab,Infectious,2023-Q3,Nausea,False,Critical,Physician,US,75+,1
DRG010,Falotrimab,Infectious,2023-Q3,Vomiting,False,Moderate,Physician,JP,45-64,1
DRG010,Falotrimab,Infectious,2023-Q3,Fatigue,False,Mild,Physician,GB,45-64,1
DRG010,Falotrimab,Infectious,2023-Q3,Rash,False,Mild,Pharmacist,US,18-44,1
DRG010,Falotrimab,Infectious,2023-Q3,Nausea,False,Mild,Other,DE,65-74,1
DRG010,Falotrimab,Infectious,2023-Q3,Rash,False,Mild,Other,CA,65-74,1
DRG010,Falotrimab,Infectious,2023-Q3,Fatigue,False,Moderate,Pharmacist,CA,18-44,1
DRG010,Falotrimab,Infectious,2023-Q3,Diarrhea,False,Moderate,Consumer,CA,18-44,1
DRG010,Falotrimab,Infectious,2023-Q3,Headache,False,Moderate,Physician,US,45-64,1
DRG010,Falotrimab,Infectious,2023-Q3,Fever,False,Mild,Physician,JP,45-64,1
DRG010,Falotrimab,Infectious,2023-Q3,Headache,False,Serious,Physician,DE,45-64,1
DRG010,Falotrimab,Infectious,2023-Q3,Nausea,False,Mild,Physician,US,65-74,1
DRG010,Falotrimab,Infectious,2023-Q3,Diarrhea,False,Moderate,Consumer,DE,65-74,1
DRG010,Falotrimab,Infectious,2023-Q3,Diarrhea,False,Moderate,Pharmacist,CA,75+,1
DRG010,Falotrimab,Infectious,2023-Q3,Fatigue,False,Mild,Consumer,FR,45-64,1
DRG010,Falotrimab,Infectious,2023-Q3,Fatigue,False,Moderate,Consumer,US,75+,1
DRG010,Falotrimab,Infectious,2023-Q3,Fatigue,False,Moderate,Other,US,45-64,1
DRG010,Falotrimab,Infectious,2023-Q3,Nausea,False,Mild,Consumer,US,65-74,1
DRG010,Falotrimab,Infectious,2023-Q3,Nausea,False,Mild,Pharmacist,US,45-64,1
DRG010,Falotrimab,Infectious,2023-Q3,Nausea,False,Critical,Pharmacist,US,18-44,1
DRG010,Falotrimab,Infectious,2023-Q3,Headache,False,Critical,Physician,DE,18-44,1
DRG010,Falotrimab,Infectious,2023-Q3,Vomiting,False,Mild,Physician,DE,75+,1
DRG010,Falotrimab,Infectious,2023-Q3,Vomiting,False,Critical,Physician,CA,65-74,1
DRG010,Falotrimab,Infectious,2023-Q3,Fatigue,False,Mild,Physician,GB,65-74,1
DRG010,Falotrimab,Infectious,2023-Q3,Headache,False,Critical,Physician,DE,45-64,1
DRG010,Falotrimab,Infectious,2023-Q3,Rash,False,Mild,Pharmacist,JP,65-74,1
DRG010,Falotrimab,Infectious,2023-Q3,Rash,False,Moderate,Pharmacist,JP,65-74,1
DRG010,Falotrimab,Infectious,2023-Q3,Vomiting,False,Moderate,Physician,US,75+,1
DRG010,Falotrimab,Infectious,2023-Q3,Headache,False,Moderate,Consumer,US,45-64,1
DRG010,Falotrimab,Infectious,2023-Q3,Fever,False,Mild,Consumer,DE,45-64,1
DRG010,Falotrimab,Infectious,2023-Q3,Headache,False,Serious,Physician,US,45-64,1
DRG010,Falotrimab,Infectious,2023-Q3,Rash,False,Moderate,Physician,DE,18-44,1
DRG010,Falotrimab,Infectious,2023-Q3,Fatigue,False,Mild,Pharmacist,GB,45-64,1
DRG010,Falotrimab,Infectious,2023-Q3,Vomiting,False,Serious,Consumer,US,18-44,1
DRG010,Falotrimab,Infectious,2023-Q3,Nausea,False,Moderate,Physician,US,75+,1
DRG010,Falotrimab,Infectious,2023-Q3,Rash,False,Moderate,Physician,US,18-44,1
DRG010,Falotrimab,Infectious,2023-Q3,Diarrhea,False,Mild,Physician,JP,65-74,1
DRG010,Falotrimab,Infectious,2023-Q3,Fatigue,False,Mild,Pharmacist,US,65-74,1
DRG010,Falotrimab,Infectious,2023-Q3,Headache,False,Critical,Pharmacist,DE,45-64,1
DRG010,Falotrimab,Infectious,2023-Q3,Fever,False,Moderate,Consumer,CA,65-74,1
DRG010,Falotrimab,Infectious,2023-Q3,Rash,False,Serious,Other,GB,45-64,1
DRG010,Falotrimab,Infectious,2023-Q3,Rash,False,Mild,Physician,US,45-64,1
DRG010,Falotrimab,Infectious,2023-Q3,Nausea,False,Mild,Consumer,US,75+,1
DRG010,Falotrimab,Infectious,2023-Q3,Vomiting,False,Critical,Consumer,US,65-74,1
DRG010,Falotrimab,Infectious,2023-Q3,Fever,False,Serious,Consumer,DE,18-44,1
DRG010,Falotrimab,Infectious,2023-Q3,Diarrhea,False,Moderate,Physician,GB,75+,1
DRG010,Falotrimab,Infectious,2023-Q3,Diarrhea,False,Mild,Pharmacist,GB,65-74,1
DRG010,Falotrimab,Infectious,2023-Q3,Vomiting,False,Moderate,Other,CA,75+,1
DRG010,Falotrimab,Infectious,2023-Q3,Headache,False,Moderate,Physician,GB,18-44,1
DRG010,Falotrimab,Infectious,2023-Q3,Vomiting,False,Mild,Consumer,DE,65-74,1
DRG010,Falotrimab,Infectious,2023-Q3,Fever,False,Serious,Consumer,GB,65-74,1
DRG010,Falotrimab,Infectious,2023-Q3,Fever,False,Mild,Consumer,US,18-44,1
DRG010,Falotrimab,Infectious,2023-Q3,Diarrhea,False,Mild,Consumer,DE,18-44,1
DRG010,Falotrimab,Infectious,2023-Q3,Diarrhea,False,Moderate,Physician,GB,65-74,1
DRG010,Falotrimab,Infectious,2023-Q3,Rash,False,Moderate,Other,DE,65-74,1
DRG010,Falotrimab,Infectious,2023-Q3,Fever,False,Mild,Physician,US,18-44,1
DRG010,Falotrimab,Infectious,2023-Q3,Fever,False,Moderate,Pharmacist,US,65-74,1
DRG010,Falotrimab,Infectious,2023-Q3,Nausea,False,Mild,Physician,GB,45-64,1
DRG010,Falotrimab,Infectious,2023-Q3,Nausea,False,Moderate,Consumer,US,45-64,1
DRG010,Falotrimab,Infectious,2023-Q3,Rash,False,Moderate,Physician,US,65-74,1
DRG010,Falotrimab,Infectious,2023-Q3,Nausea,False,Mild,Physician,US,45-64,1
DRG010,Falotrimab,Infectious,2023-Q3,Diarrhea,False,Moderate,Consumer,US,65-74,1
DRG010,Falotrimab,Infectious,2023-Q3,Diarrhea,False,Critical,Physician,FR,18-44,1
DRG010,Falotrimab,Infectious,2023-Q3,Fever,False,Moderate,Consumer,US,18-44,1
DRG010,Falotrimab,Infectious,2023-Q3,Nausea,False,Moderate,Physician,GB,75+,1
DRG010,Falotrimab,Infectious,2023-Q3,Fatigue,False,Moderate,Pharmacist,US,45-64,1
DRG010,Falotrimab,Infectious,2023-Q3,Vomiting,False,Moderate,Physician,GB,45-64,1
DRG010,Falotrimab,Infectious,2023-Q3,Diarrhea,False,Moderate,Pharmacist,US,65-74,1
DRG010,Falotrimab,Infectious,2023-Q3,Rash,False,Moderate,Physician,US,45-64,1
DRG010,Falotrimab,Infectious,2023-Q3,Diarrhea,False,Serious,Consumer,US,18-44,1
DRG010,Falotrimab,Infectious,2023-Q3,Rash,False,Mild,Physician,DE,45-64,1
DRG010,Falotrimab,Infectious,2023-Q3,Nausea,False,Mild,Physician,FR,18-44,1
DRG010,Falotrimab,Infectious,2023-Q3,Rash,False,Mild,Pharmacist,DE,75+,1
DRG010,Falotrimab,Infectious,2023-Q3,Nausea,False,Serious,Consumer,US,65-74,1
DRG010,Falotrimab,Infectious,2023-Q3,Nausea,False,Mild,Other,CA,65-74,1
DRG010,Falotrimab,Infectious,2023-Q3,Vomiting,False,Mild,Consumer,US,65-74,1
DRG010,Falotrimab,Infectious,2023-Q3,Fatigue,False,Mild,Consumer,US,45-64,1
DRG010,Falotrimab,Infectious,2023-Q3,Headache,False,Moderate,Other,JP,75+,1
DRG010,Falotrimab,Infectious,2023-Q3,Headache,False,Mild,Other,US,45-64,1
DRG010,Falotrimab,Infectious,2023-Q3,Rash,False,Mild,Other,US,45-64,1
DRG010,Falotrimab,Infectious,2023-Q3,Nausea,False,Serious,Physician,GB,18-44,1
DRG010,Falotrimab,Infectious,2023-Q3,Headache,False,Mild,Physician,JP,45-64,1
DRG010,Falotrimab,Infectious,2023-Q3,Nausea,False,Moderate,Physician,US,18-44,1
DRG010,Falotrimab,Infectious,2023-Q3,Vomiting,False,Critical,Consumer,JP,18-44,1
DRG010,Falotrimab,Infectious,2023-Q3,Headache,False,Critical,Physician,US,45-64,1
DRG010,Falotrimab,Infectious,2023-Q3,Fever,False,Moderate,Physician,US,75+,1
DRG010,Falotrimab,Infectious,2023-Q3,Fever,False,Moderate,Pharmacist,GB,75+,1
DRG010,Falotrimab,Infectious,2023-Q3,Nausea,False,Mild,Pharmacist,US,65-74,1
DRG010,Falotrimab,Infectious,2023-Q3,Vomiting,False,Serious,Consumer,GB,45-64,1
DRG010,Falotrimab,Infectious,2023-Q3,Diarrhea,False,Mild,Consumer,FR,75+,1
DRG010,Falotrimab,Infectious,2023-Q3,Nausea,False,Critical,Pharmacist,US,65-74,1
DRG010,Falotrimab,Infectious,2023-Q3,Rash,False,Moderate,Other,CA,65-74,1
DRG010,Falotrimab,Infectious,2023-Q3,Headache,False,Moderate,Physician,FR,75+,1
DRG010,Falotrimab,Infectious,2023-Q3,Nausea,False,Moderate,Physician,US,45-64,1
DRG010,Falotrimab,Infectious,2023-Q3,Headache,False,Serious,Physician,US,18-44,1
DRG010,Falotrimab,Infectious,2023-Q3,Fever,False,Mild,Pharmacist,CA,18-44,1
DRG010,Falotrimab,Infectious,2023-Q3,Fatigue,False,Mild,Physician,US,65-74,1
DRG010,Falotrimab,Infectious,2023-Q3,Diarrhea,False,Moderate,Pharmacist,FR,65-74,1
DRG010,Falotrimab,Infectious,2023-Q3,Headache,False,Moderate,Physician,GB,65-74,1
DRG010,Falotrimab,Infectious,2023-Q3,Fatigue,False,Mild,Physician,JP,75+,1
DRG010,Falotrimab,Infectious,2023-Q3,Fatigue,False,Moderate,Other,US,65-74,1
DRG010,Falotrimab,Infectious,2023-Q3,Vomiting,False,Mild,Physician,DE,65-74,1
DRG010,Falotrimab,Infectious,2023-Q3,Diarrhea,False,Moderate,Pharmacist,JP,45-64,1
DRG010,Falotrimab,Infectious,2023-Q3,Rash,False,Serious,Pharmacist,US,45-64,1
DRG010,Falotrimab,Infectious,2023-Q3,Fever,False,Mild,Other,US,65-74,1
DRG010,Falotrimab,Infectious,2023-Q3,Headache,False,Mild,Consumer,US,18-44,1
DRG010,Falotrimab,Infectious,2023-Q3,Diarrhea,False,Mild,Consumer,US,45-64,1
DRG010,Falotrimab,Infectious,2023-Q3,Fatigue,False,Mild,Consumer,JP,18-44,1
DRG010,Falotrimab,Infectious,2023-Q3,Vomiting,False,Critical,Pharmacist,US,65-74,1
DRG010,Falotrimab,Infectious,2023-Q3,Rash,False,Critical,Physician,FR,65-74,1
DRG010,Falotrimab,Infectious,2023-Q3,Fatigue,False,Mild,Consumer,US,18-44,1
DRG010,Falotrimab,Infectious,2023-Q3,Diarrhea,False,Moderate,Pharmacist,US,45-64,1
DRG010,Falotrimab,Infectious,2023-Q3,Headache,False,Mild,Physician,US,45-64,1
DRG010,Falotrimab,Infectious,2023-Q3,Fatigue,False,Mild,Physician,CA,65-74,1
DRG010,Falotrimab,Infectious,2023-Q3,Fever,False,Serious,Physician,US,65-74,1
DRG010,Falotrimab,Infectious,2023-Q3,Headache,False,Mild,Physician,US,65-74,1
DRG010,Falotrimab,Infectious,2023-Q3,Diarrhea,False,Moderate,Other,JP,45-64,1
DRG010,Falotrimab,Infectious,2023-Q3,Rash,False,Mild,Physician,FR,45-64,1
DRG010,Falotrimab,Infectious,2023-Q3,Diarrhea,False,Mild,Other,JP,65-74,1
DRG010,Falotrimab,Infectious,2023-Q3,Rash,False,Mild,Physician,JP,65-74,1
DRG010,Falotrimab,Infectious,2023-Q3,Fatigue,False,Moderate,Consumer,DE,45-64,1
DRG010,Falotrimab,Infectious,2023-Q3,Fatigue,False,Mild,Other,FR,75+,1
DRG010,Falotrimab,Infectious,2023-Q3,Headache,False,Critical,Consumer,DE,65-74,1
DRG010,Falotrimab,Infectious,2023-Q3,Nausea,False,Moderate,Physician,DE,45-64,1
DRG010,Falotrimab,Infectious,2023-Q3,Diarrhea,False,Mild,Consumer,DE,75+,1
DRG010,Falotrimab,Infectious,2023-Q3,Fever,False,Critical,Pharmacist,US,45-64,1
DRG010,Falotrimab,Infectious,2023-Q3,Fatigue,False,Moderate,Physician,JP,65-74,1
DRG010,Falotrimab,Infectious,2023-Q4,Headache,False,Moderate,Consumer,US,45-64,5
DRG010,Falotrimab,Infectious,2023-Q4,Fever,False,Moderate,Physician,US,65-74,5
DRG010,Falotrimab,Infectious,2023-Q4,Rash,False,Mild,Physician,US,45-64,4
DRG010,Falotrimab,Infectious,2023-Q4,Vomiting,False,Moderate,Physician,US,65-74,3
DRG010,Falotrimab,Infectious,2023-Q4,Fever,False,Mild,Physician,US,45-64,3
DRG010,Falotrimab,Infectious,2023-Q4,Diarrhea,False,Mild,Physician,US,65-74,3
DRG010,Falotrimab,Infectious,2023-Q4,Vomiting,False,Mild,Physician,US,65-74,3
DRG010,Falotrimab,Infectious,2023-Q4,Vomiting,False,Mild,Physician,US,45-64,3
DRG010,Falotrimab,Infectious,2023-Q4,Fatigue,False,Mild,Consumer,US,45-64,2
DRG010,Falotrimab,Infectious,2023-Q4,Fatigue,False,Mild,Other,US,45-64,2
DRG010,Falotrimab,Infectious,2023-Q4,Fever,False,Moderate,Physician,CA,45-64,2
DRG010,Falotrimab,Infectious,2023-Q4,Nausea,False,Mild,Consumer,US,45-64,2
DRG010,Falotrimab,Infectious,2023-Q4,Fatigue,False,Mild,Physician,US,65-74,2
DRG010,Falotrimab,Infectious,2023-Q4,Fever,False,Moderate,Physician,US,45-64,2
DRG010,Falotrimab,Infectious,2023-Q4,Fatigue,False,Moderate,Other,FR,65-74,2
DRG010,Falotrimab,Infectious,2023-Q4,Fatigue,False,Mild,Physician,US,45-64,2
DRG010,Falotrimab,Infectious,2023-Q4,Nausea,False,Critical,Physician,US,65-74,2
DRG010,Falotrimab,Infectious,2023-Q4,Fever,False,Mild,Consumer,CA,65-74,2
DRG010,Falotrimab,Infectious,2023-Q4,Diarrhea,False,Mild,Pharmacist,DE,65-74,2
DRG010,Falotrimab,Infectious,2023-Q4,Fatigue,False,Mild,Consumer,DE,65-74,2
DRG010,Falotrimab,Infectious,2023-Q4,Rash,False,Moderate,Physician,US,65-74,2
DRG010,Falotrimab,Infectious,2023-Q4,Nausea,False,Mild,Physician,US,45-64,2
DRG010,Falotrimab,Infectious,2023-Q4,Fever,False,Mild,Pharmacist,US,65-74,2
DRG010,Falotrimab,Infectious,2023-Q4,Fever,False,Mild,Other,US,45-64,2
DRG010,Falotrimab,Infectious,2023-Q4,Vomiting,False,Mild,Physician,FR,45-64,2
DRG010,Falotrimab,Infectious,2023-Q4,Nausea,False,Mild,Physician,DE,45-64,2
DRG010,Falotrimab,Infectious,2023-Q4,Headache,False,Moderate,Other,JP,45-64,2
DRG010,Falotrimab,Infectious,2023-Q4,Headache,False,Mild,Consumer,DE,75+,2
DRG010,Falotrimab,Infectious,2023-Q4,Fever,False,Serious,Physician,US,18-44,2
DRG010,Falotrimab,Infectious,2023-Q4,Headache,False,Mild,Physician,FR,75+,2
DRG010,Falotrimab,Infectious,2023-Q4,Vomiting,False,Mild,Consumer,US,75+,2
DRG010,Falotrimab,Infectious,2023-Q4,Fatigue,False,Serious,Physician,US,65-74,1
DRG010,Falotrimab,Infectious,2023-Q4,Diarrhea,False,Mild,Pharmacist,US,65-74,1
DRG010,Falotrimab,Infectious,2023-Q4,Nausea,False,Mild,Physician,DE,75+,1
DRG010,Falotrimab,Infectious,2023-Q4,Fever,False,Serious,Consumer,GB,18-44,1
DRG010,Falotrimab,Infectious,2023-Q4,Fatigue,False,Serious,Pharmacist,US,18-44,1
DRG010,Falotrimab,Infectious,2023-Q4,Fever,False,Critical,Pharmacist,US,45-64,1
DRG010,Falotrimab,Infectious,2023-Q4,Fatigue,False,Mild,Physician,US,18-44,1
DRG010,Falotrimab,Infectious,2023-Q4,Rash,False,Mild,Physician,DE,65-74,1
DRG010,Falotrimab,Infectious,2023-Q4,Diarrhea,False,Moderate,Consumer,JP,45-64,1
DRG010,Falotrimab,Infectious,2023-Q4,Fever,False,Mild,Other,US,65-74,1
DRG010,Falotrimab,Infectious,2023-Q4,Headache,False,Moderate,Consumer,CA,65-74,1
DRG010,Falotrimab,Infectious,2023-Q4,Rash,False,Mild,Pharmacist,US,65-74,1
DRG010,Falotrimab,Infectious,2023-Q4,Nausea,False,Moderate,Physician,FR,45-64,1
DRG010,Falotrimab,Infectious,2023-Q4,Rash,False,Moderate,Consumer,US,45-64,1
DRG010,Falotrimab,Infectious,2023-Q4,Fever,False,Mild,Consumer,US,45-64,1
DRG010,Falotrimab,Infectious,2023-Q4,Fatigue,False,Mild,Physician,GB,45-64,1
DRG010,Falotrimab,Infectious,2023-Q4,Headache,False,Serious,Pharmacist,US,18-44,1
DRG010,Falotrimab,Infectious,2023-Q4,Headache,False,Critical,Pharmacist,CA,45-64,1
DRG010,Falotrimab,Infectious,2023-Q4,Fatigue,False,Mild,Other,US,75+,1
DRG010,Falotrimab,Infectious,2023-Q4,Nausea,False,Mild,Pharmacist,FR,65-74,1
DRG010,Falotrimab,Infectious,2023-Q4,Fever,False,Mild,Physician,FR,65-74,1
DRG010,Falotrimab,Infectious,2023-Q4,Fatigue,False,Mild,Consumer,US,65-74,1
DRG010,Falotrimab,Infectious,2023-Q4,Fever,False,Serious,Pharmacist,JP,18-44,1
DRG010,Falotrimab,Infectious,2023-Q4,Rash,False,Serious,Pharmacist,JP,18-44,1
DRG010,Falotrimab,Infectious,2023-Q4,Vomiting,False,Mild,Physician,US,18-44,1
DRG010,Falotrimab,Infectious,2023-Q4,Fatigue,False,Critical,Consumer,US,45-64,1
DRG010,Falotrimab,Infectious,2023-Q4,Fever,False,Serious,Consumer,CA,45-64,1
DRG010,Falotrimab,Infectious,2023-Q4,Headache,False,Moderate,Other,US,45-64,1
DRG010,Falotrimab,Infectious,2023-Q4,Diarrhea,False,Mild,Pharmacist,US,45-64,1
DRG010,Falotrimab,Infectious,2023-Q4,Fatigue,False,Mild,Consumer,FR,45-64,1
DRG010,Falotrimab,Infectious,2023-Q4,Vomiting,False,Mild,Physician,JP,65-74,1
DRG010,Falotrimab,Infectious,2023-Q4,Fatigue,False,Critical,Physician,JP,45-64,1
DRG010,Falotrimab,Infectious,2023-Q4,Nausea,False,Mild,Pharmacist,JP,75+,1
DRG010,Falotrimab,Infectious,2023-Q4,Fatigue,False,Moderate,Pharmacist,FR,45-64,1
DRG010,Falotrimab,Infectious,2023-Q4,Vomiting,False,Mild,Physician,CA,65-74,1
DRG010,Falotrimab,Infectious,2023-Q4,Rash,False,Moderate,Physician,GB,75+,1
DRG010,Falotrimab,Infectious,2023-Q4,Diarrhea,False,Critical,Pharmacist,GB,45-64,1
DRG010,Falotrimab,Infectious,2023-Q4,Nausea,False,Moderate,Consumer,GB,18-44,1
DRG010,Falotrimab,Infectious,2023-Q4,Headache,False,Mild,Other,JP,45-64,1
DRG010,Falotrimab,Infectious,2023-Q4,Vomiting,False,Serious,Physician,DE,45-64,1
DRG010,Falotrimab,Infectious,2023-Q4,Fatigue,False,Moderate,Physician,FR,18-44,1
DRG010,Falotrimab,Infectious,2023-Q4,Headache,False,Moderate,Physician,US,75+,1
DRG010,Falotrimab,Infectious,2023-Q4,Diarrhea,False,Moderate,Pharmacist,GB,75+,1
DRG010,Falotrimab,Infectious,2023-Q4,Vomiting,False,Moderate,Consumer,CA,45-64,1
DRG010,Falotrimab,Infectious,2023-Q4,Headache,False,Mild,Physician,DE,65-74,1
DRG010,Falotrimab,Infectious,2023-Q4,Diarrhea,False,Moderate,Consumer,US,65-74,1
DRG010,Falotrimab,Infectious,2023-Q4,Diarrhea,False,Serious,Physician,US,45-64,1
DRG010,Falotrimab,Infectious,2023-Q4,Headache,False,Serious,Consumer,CA,75+,1
DRG010,Falotrimab,Infectious,2023-Q4,Rash,False,Mild,Physician,US,18-44,1
DRG010,Falotrimab,Infectious,2023-Q4,Nausea,False,Mild,Pharmacist,GB,65-74,1
DRG010,Falotrimab,Infectious,2023-Q4,Diarrhea,False,Mild,Consumer,GB,45-64,1
DRG010,Falotrimab,Infectious,2023-Q4,Vomiting,False,Moderate,Other,US,45-64,1
DRG010,Falotrimab,Infectious,2023-Q4,Rash,False,Critical,Physician,JP,75+,1
DRG010,Falotrimab,Infectious,2023-Q4,Nausea,False,Mild,Physician,CA,65-74,1
DRG010,Falotrimab,Infectious,2023-Q4,Fever,False,Critical,Pharmacist,US,75+,1
DRG010,Falotrimab,Infectious,2023-Q4,Headache,False,Moderate,Pharmacist,JP,45-64,1
DRG010,Falotrimab,Infectious,2023-Q4,Fever,False,Critical,Consumer,US,45-64,1
DRG010,Falotrimab,Infectious,2023-Q4,Fatigue,False,Mild,Physician,JP,18-44,1
DRG010,Falotrimab,Infectious,2023-Q4,Diarrhea,False,Moderate,Other,US,65-74,1
DRG010,Falotrimab,Infectious,2023-Q4,Rash,False,Moderate,Physician,GB,45-64,1
DRG010,Falotrimab,Infectious,2023-Q4,Fever,False,Mild,Consumer,GB,45-64,1
DRG010,Falotrimab,Infectious,2023-Q4,Diarrhea,False,Mild,Physician,CA,65-74,1
DRG010,Falotrimab,Infectious,2023-Q4,Fever,False,Moderate,Physician,JP,18-44,1
DRG010,Falotrimab,Infectious,2023-Q4,Diarrhea,False,Serious,Consumer,US,45-64,1
DRG010,Falotrimab,Infectious,2023-Q4,Diarrhea,False,Mild,Consumer,US,65-74,1
DRG010,Falotrimab,Infectious,2023-Q4,Fatigue,False,Critical,Physician,US,65-74,1
DRG010,Falotrimab,Infectious,2023-Q4,Diarrhea,False,Mild,Physician,CA,45-64,1
DRG010,Falotrimab,Infectious,2023-Q4,Vomiting,False,Mild,Pharmacist,CA,65-74,1
DRG010,Falotrimab,Infectious,2023-Q4,Fatigue,False,Mild,Physician,CA,65-74,1
DRG010,Falotrimab,Infectious,2023-Q4,Headache,False,Mild,Pharmacist,US,18-44,1
DRG010,Falotrimab,Infectious,2023-Q4,Fatigue,False,Mild,Pharmacist,GB,75+,1
DRG010,Falotrimab,Infectious,2023-Q4,Headache,False,Critical,Pharmacist,FR,45-64,1
DRG010,Falotrimab,Infectious,2023-Q4,Fatigue,False,Serious,Consumer,US,65-74,1
DRG010,Falotrimab,Infectious,2023-Q4,Headache,False,Mild,Pharmacist,GB,18-44,1
DRG010,Falotrimab,Infectious,2023-Q4,Fatigue,False,Moderate,Consumer,US,65-74,1
DRG010,Falotrimab,Infectious,2023-Q4,Headache,False,Moderate,Other,GB,18-44,1
DRG010,Falotrimab,Infectious,2023-Q4,Vomiting,False,Mild,Pharmacist,DE,45-64,1
DRG010,Falotrimab,Infectious,2023-Q4,Nausea,False,Serious,Physician,US,45-64,1
DRG010,Falotrimab,Infectious,2023-Q4,Fatigue,False,Moderate,Other,US,45-64,1
DRG010,Falotrimab,Infectious,2023-Q4,Vomiting,False,Moderate,Consumer,US,45-64,1
DRG010,Falotrimab,Infectious,2023-Q4,Fatigue,False,Moderate,Physician,JP,45-64,1
DRG010,Falotrimab,Infectious,2023-Q4,Diarrhea,False,Moderate,Consumer,FR,45-64,1
DRG010,Falotrimab,Infectious,2023-Q4,Fatigue,False,Serious,Pharmacist,US,45-64,1
DRG010,Falotrimab,Infectious,2023-Q4,Rash,False,Mild,Consumer,DE,65-74,1
DRG010,Falotrimab,Infectious,2023-Q4,Diarrhea,False,Moderate,Physician,US,45-64,1
DRG010,Falotrimab,Infectious,2023-Q4,Vomiting,False,Moderate,Other,US,65-74,1
DRG010,Falotrimab,Infectious,2023-Q4,Headache,False,Mild,Consumer,US,65-74,1
DRG010,Falotrimab,Infectious,2023-Q4,Fatigue,False,Moderate,Pharmacist,GB,75+,1
DRG010,Falotrimab,Infectious,2023-Q4,Diarrhea,False,Moderate,Physician,FR,45-64,1
DRG010,Falotrimab,Infectious,2023-Q4,Rash,False,Critical,Other,US,18-44,1
DRG010,Falotrimab,Infectious,2023-Q4,Nausea,False,Mild,Other,GB,75+,1
DRG010,Falotrimab,Infectious,2023-Q4,Headache,False,Moderate,Physician,DE,65-74,1
DRG010,Falotrimab,Infectious,2023-Q4,Diarrhea,False,Mild,Physician,US,45-64,1
DRG010,Falotrimab,Infectious,2023-Q4,Nausea,False,Mild,Pharmacist,US,45-64,1
DRG010,Falotrimab,Infectious,2023-Q4,Headache,False,Mild,Physician,FR,65-74,1
DRG010,Falotrimab,Infectious,2023-Q4,Fever,False,Serious,Physician,CA,65-74,1
DRG010,Falotrimab,Infectious,2023-Q4,Rash,False,Serious,Physician,JP,65-74,1
DRG010,Falotrimab,Infectious,2023-Q4,Fatigue,False,Critical,Physician,FR,45-64,1
DRG010,Falotrimab,Infectious,2023-Q4,Headache,False,Moderate,Physician,FR,65-74,1
DRG010,Falotrimab,Infectious,2023-Q4,Fatigue,False,Moderate,Consumer,DE,45-64,1
DRG010,Falotrimab,Infectious,2023-Q4,Headache,False,Moderate,Pharmacist,US,45-64,1
DRG010,Falotrimab,Infectious,2023-Q4,Fever,False,Critical,Physician,US,75+,1
DRG010,Falotrimab,Infectious,2023-Q4,Diarrhea,False,Critical,Pharmacist,JP,45-64,1
DRG010,Falotrimab,Infectious,2023-Q4,Fatigue,False,Moderate,Physician,GB,18-44,1
DRG010,Falotrimab,Infectious,2023-Q4,Diarrhea,False,Moderate,Physician,US,75+,1
DRG010,Falotrimab,Infectious,2023-Q4,Fatigue,False,Moderate,Consumer,US,45-64,1
DRG010,Falotrimab,Infectious,2023-Q4,Fever,False,Critical,Pharmacist,US,65-74,1
DRG010,Falotrimab,Infectious,2023-Q4,Fever,False,Moderate,Consumer,US,45-64,1
DRG010,Falotrimab,Infectious,2023-Q4,Diarrhea,False,Mild,Physician,FR,45-64,1
DRG010,Falotrimab,Infectious,2023-Q4,Fever,False,Moderate,Physician,DE,45-64,1
DRG010,Falotrimab,Infectious,2023-Q4,Rash,False,Moderate,Other,US,75+,1
DRG010,Falotrimab,Infectious,2023-Q4,Rash,False,Serious,Consumer,DE,75+,1
DRG010,Falotrimab,Infectious,2023-Q4,Fatigue,False,Mild,Physician,FR,45-64,1
DRG010,Falotrimab,Infectious,2023-Q4,Nausea,False,Mild,Pharmacist,US,18-44,1
DRG010,Falotrimab,Infectious,2023-Q4,Fatigue,False,Critical,Pharmacist,US,75+,1
DRG010,Falotrimab,Infectious,2023-Q4,Vomiting,False,Mild,Physician,US,75+,1
DRG010,Falotrimab,Infectious,2023-Q4,Nausea,False,Mild,Consumer,FR,18-44,1
DRG010,Falotrimab,Infectious,2023-Q4,Vomiting,False,Serious,Consumer,DE,45-64,1
DRG010,Falotrimab,Infectious,2023-Q4,Diarrhea,False,Mild,Physician,US,18-44,1
DRG010,Falotrimab,Infectious,2023-Q4,Fatigue,False,Critical,Physician,US,75+,1
DRG010,Falotrimab,Infectious,2023-Q4,Fatigue,False,Mild,Consumer,JP,65-74,1
DRG010,Falotrimab,Infectious,2023-Q4,Headache,False,Mild,Consumer,GB,18-44,1
DRG010,Falotrimab,Infectious,2023-Q4,Rash,False,Moderate,Other,JP,45-64,1
DRG010,Falotrimab,Infectious,2023-Q4,Rash,False,Moderate,Consumer,US,18-44,1
DRG010,Falotrimab,Infectious,2023-Q4,Diarrhea,False,Serious,Pharmacist,JP,18-44,1
DRG010,Falotrimab,Infectious,2023-Q4,Vomiting,False,Moderate,Other,JP,45-64,1
DRG010,Falotrimab,Infectious,2023-Q4,Headache,False,Mild,Other,DE,65-74,1
DRG010,Falotrimab,Infectious,2023-Q4,Diarrhea,False,Mild,Consumer,FR,18-44,1
DRG010,Falotrimab,Infectious,2023-Q4,Rash,False,Critical,Pharmacist,US,45-64,1
DRG010,Falotrimab,Infectious,2023-Q4,Vomiting,False,Moderate,Consumer,US,75+,1
DRG010,Falotrimab,Infectious,2023-Q4,Nausea,False,Mild,Other,JP,65-74,1
DRG010,Falotrimab,Infectious,2023-Q4,Rash,False,Serious,Physician,GB,45-64,1
DRG010,Falotrimab,Infectious,2023-Q4,Fever,False,Mild,Physician,GB,65-74,1
DRG010,Falotrimab,Infectious,2023-Q4,Diarrhea,False,Mild,Physician,FR,18-44,1
DRG010,Falotrimab,Infectious,2023-Q4,Fever,False,Mild,Physician,US,18-44,1
DRG010,Falotrimab,Infectious,2023-Q4,Rash,False,Mild,Consumer,US,18-44,1
DRG010,Falotrimab,Infectious,2023-Q4,Fever,False,Serious,Consumer,US,18-44,1
DRG010,Falotrimab,Infectious,2023-Q4,Diarrhea,False,Critical,Consumer,US,75+,1
DRG010,Falotrimab,Infectious,2023-Q4,Rash,False,Critical,Physician,DE,45-64,1
DRG010,Falotrimab,Infectious,2023-Q4,Fever,False,Moderate,Pharmacist,GB,45-64,1
DRG010,Falotrimab,Infectious,2023-Q4,Nausea,False,Moderate,Physician,US,45-64,1
DRG010,Falotrimab,Infectious,2023-Q4,Fatigue,False,Moderate,Pharmacist,CA,75+,1
DRG010,Falotrimab,Infectious,2023-Q4,Vomiting,False,Serious,Consumer,US,18-44,1
DRG010,Falotrimab,Infectious,2023-Q4,Fatigue,False,Serious,Consumer,FR,65-74,1
DRG010,Falotrimab,Infectious,2023-Q4,Headache,False,Mild,Other,US,65-74,1
DRG010,Falotrimab,Infectious,2023-Q4,Diarrhea,False,Mild,Pharmacist,CA,65-74,1
DRG010,Falotrimab,Infectious,2023-Q4,Fever,False,Moderate,Physician,US,75+,1
DRG010,Falotrimab,Infectious,2023-Q4,Fever,False,Moderate,Other,FR,45-64,1
DRG010,Falotrimab,Infectious,2023-Q4,Headache,False,Mild,Physician,FR,45-64,1
DRG010,Falotrimab,Infectious,2023-Q4,Nausea,False,Mild,Other,FR,18-44,1
DRG010,Falotrimab,Infectious,2023-Q4,Vomiting,False,Mild,Physician,CA,75+,1
DRG010,Falotrimab,Infectious,2023-Q4,Fatigue,False,Serious,Pharmacist,FR,45-64,1
DRG010,Falotrimab,Infectious,2023-Q4,Fatigue,False,Serious,Physician,US,45-64,1
DRG010,Falotrimab,Infectious,2023-Q4,Nausea,False,Moderate,Consumer,GB,45-64,1
DRG010,Falotrimab,Infectious,2023-Q4,Nausea,False,Serious,Physician,DE,65-74,1
DRG010,Falotrimab,Infectious,2023-Q4,Nausea,False,Critical,Consumer,US,65-74,1
DRG010,Falotrimab,Infectious,2023-Q4,Fatigue,False,Moderate,Physician,US,65-74,1
DRG010,Falotrimab,Infectious,2023-Q4,Headache,False,Moderate,Consumer,GB,45-64,1
DRG010,Falotrimab,Infectious,2023-Q4,Rash,False,Mild,Physician,US,65-74,1
DRG010,Falotrimab,Infectious,2023-Q4,Fever,False,Serious,Consumer,FR,65-74,1
DRG010,Falotrimab,Infectious,2023-Q4,Nausea,False,Serious,Consumer,CA,18-44,1
DRG010,Falotrimab,Infectious,2023-Q4,Headache,False,Mild,Physician,GB,45-64,1
DRG010,Falotrimab,Infectious,2023-Q4,Diarrhea,False,Moderate,Consumer,GB,65-74,1
DRG010,Falotrimab,Infectious,2023-Q4,Nausea,False,Serious,Physician,GB,45-64,1
DRG010,Falotrimab,Infectious,2023-Q4,Headache,False,Mild,Physician,US,45-64,1
DRG010,Falotrimab,Infectious,2023-Q4,Diarrhea,False,Moderate,Physician,CA,18-44,1
DRG010,Falotrimab,Infectious,2023-Q4,Nausea,False,Serious,Pharmacist,US,65-74,1
DRG010,Falotrimab,Infectious,2023-Q4,Nausea,False,Mild,Physician,FR,18-44,1
DRG010,Falotrimab,Infectious,2023-Q4,Headache,False,Moderate,Consumer,JP,65-74,1
DRG010,Falotrimab,Infectious,2023-Q4,Fatigue,False,Mild,Consumer,CA,18-44,1
DRG010,Falotrimab,Infectious,2023-Q4,Diarrhea,False,Serious,Physician,US,65-74,1
DRG010,Falotrimab,Infectious,2023-Q4,Headache,False,Serious,Other,US,45-64,1
DRG010,Falotrimab,Infectious,2023-Q4,Fatigue,False,Mild,Physician,US,75+,1
DRG010,Falotrimab,Infectious,2023-Q4,Diarrhea,False,Moderate,Physician,US,18-44,1
DRG010,Falotrimab,Infectious,2023-Q4,Fatigue,False,Moderate,Pharmacist,CA,65-74,1
DRG010,Falotrimab,Infectious,2023-Q4,Headache,False,Mild,Pharmacist,US,65-74,1
DRG010,Falotrimab,Infectious,2023-Q4,Diarrhea,False,Moderate,Consumer,US,75+,1
DRG010,Falotrimab,Infectious,2023-Q4,Vomiting,False,Serious,Pharmacist,FR,75+,1
DRG010,Falotrimab,Infectious,2023-Q4,Vomiting,False,Critical,Other,DE,65-74,1
DRG010,Falotrimab,Infectious,2023-Q4,Headache,False,Mild,Consumer,US,45-64,1
DRG010,Falotrimab,Infectious,2023-Q4,Headache,False,Mild,Other,US,18-44,1
DRG010,Falotrimab,Infectious,2023-Q4,Rash,False,Serious,Physician,US,45-64,1
DRG010,Falotrimab,Infectious,2024-Q1,Diarrhea,False,Mild,Physician,US,45-64,3
DRG010,Falotrimab,Infectious,2024-Q1,Rash,False,Moderate,Physician,US,65-74,3
DRG010,Falotrimab,Infectious,2024-Q1,Rash,False,Mild,Consumer,US,45-64,3
DRG010,Falotrimab,Infectious,2024-Q1,Fever,False,Mild,Consumer,US,45-64,3
DRG010,Falotrimab,Infectious,2024-Q1,Vomiting,False,Mild,Consumer,US,65-74,3
DRG010,Falotrimab,Infectious,2024-Q1,Fatigue,False,Mild,Other,US,75+,2
DRG010,Falotrimab,Infectious,2024-Q1,Fatigue,False,Moderate,Physician,US,65-74,2
DRG010,Falotrimab,Infectious,2024-Q1,Fatigue,False,Moderate,Pharmacist,US,65-74,2
DRG010,Falotrimab,Infectious,2024-Q1,Rash,False,Mild,Consumer,JP,18-44,2
DRG010,Falotrimab,Infectious,2024-Q1,Fever,False,Serious,Physician,US,45-64,2
DRG010,Falotrimab,Infectious,2024-Q1,Headache,False,Mild,Consumer,US,75+,2
DRG010,Falotrimab,Infectious,2024-Q1,Fever,False,Moderate,Consumer,CA,65-74,2
DRG010,Falotrimab,Infectious,2024-Q1,Headache,False,Mild,Consumer,US,65-74,2
DRG010,Falotrimab,Infectious,2024-Q1,Diarrhea,False,Serious,Physician,US,65-74,2
DRG010,Falotrimab,Infectious,2024-Q1,Diarrhea,False,Mild,Physician,GB,65-74,2
DRG010,Falotrimab,Infectious,2024-Q1,Fever,False,Moderate,Other,US,45-64,2
DRG010,Falotrimab,Infectious,2024-Q1,Vomiting,False,Moderate,Pharmacist,GB,45-64,2
DRG010,Falotrimab,Infectious,2024-Q1,Fever,False,Mild,Pharmacist,US,45-64,2
DRG010,Falotrimab,Infectious,2024-Q1,Fever,False,Mild,Pharmacist,US,65-74,2
DRG010,Falotrimab,Infectious,2024-Q1,Fever,False,Moderate,Pharmacist,US,45-64,2
DRG010,Falotrimab,Infectious,2024-Q1,Headache,False,Moderate,Consumer,US,65-74,2
DRG010,Falotrimab,Infectious,2024-Q1,Fever,False,Mild,Consumer,US,65-74,2
DRG010,Falotrimab,Infectious,2024-Q1,Nausea,False,Serious,Physician,US,65-74,2
DRG010,Falotrimab,Infectious,2024-Q1,Fatigue,False,Mild,Physician,US,65-74,2
DRG010,Falotrimab,Infectious,2024-Q1,Fever,False,Serious,Consumer,US,18-44,1
DRG010,Falotrimab,Infectious,2024-Q1,Diarrhea,False,Mild,Other,US,45-64,1
DRG010,Falotrimab,Infectious,2024-Q1,Vomiting,False,Serious,Consumer,US,18-44,1
DRG010,Falotrimab,Infectious,2024-Q1,Rash,False,Mild,Physician,US,18-44,1
DRG010,Falotrimab,Infectious,2024-Q1,Nausea,False,Serious,Consumer,US,45-64,1
DRG010,Falotrimab,Infectious,2024-Q1,Diarrhea,False,Moderate,Pharmacist,US,45-64,1
DRG010,Falotrimab,Infectious,2024-Q1,Fever,False,Serious,Pharmacist,JP,45-64,1
DRG010,Falotrimab,Infectious,2024-Q1,Rash,False,Mild,Physician,US,65-74,1
DRG010,Falotrimab,Infectious,2024-Q1,Nausea,False,Moderate,Pharmacist,US,65-74,1
DRG010,Falotrimab,Infectious,2024-Q1,Diarrhea,False,Serious,Other,US,45-64,1
DRG010,Falotrimab,Infectious,2024-Q1,Diarrhea,False,Mild,Other,JP,18-44,1
DRG010,Falotrimab,Infectious,2024-Q1,Diarrhea,False,Moderate,Consumer,JP,65-74,1
DRG010,Falotrimab,Infectious,2024-Q1,Vomiting,False,Mild,Pharmacist,US,18-44,1
DRG010,Falotrimab,Infectious,2024-Q1,Diarrhea,False,Critical,Physician,US,45-64,1
DRG010,Falotrimab,Infectious,2024-Q1,Vomiting,False,Critical,Physician,GB,45-64,1
DRG010,Falotrimab,Infectious,2024-Q1,Headache,False,Mild,Pharmacist,GB,45-64,1
DRG010,Falotrimab,Infectious,2024-Q1,Fever,False,Serious,Physician,JP,65-74,1
DRG010,Falotrimab,Infectious,2024-Q1,Fever,False,Mild,Physician,CA,65-74,1
DRG010,Falotrimab,Infectious,2024-Q1,Rash,False,Mild,Physician,DE,65-74,1
DRG010,Falotrimab,Infectious,2024-Q1,Nausea,False,Moderate,Consumer,JP,75+,1
DRG010,Falotrimab,Infectious,2024-Q1,Rash,False,Mild,Consumer,DE,45-64,1
DRG010,Falotrimab,Infectious,2024-Q1,Diarrhea,False,Serious,Pharmacist,US,18-44,1
DRG010,Falotrimab,Infectious,2024-Q1,Headache,False,Moderate,Consumer,US,45-64,1
DRG010,Falotrimab,Infectious,2024-Q1,Vomiting,False,Mild,Consumer,JP,75+,1
DRG010,Falotrimab,Infectious,2024-Q1,Rash,False,Moderate,Consumer,US,75+,1
DRG010,Falotrimab,Infectious,2024-Q1,Headache,False,Moderate,Pharmacist,GB,75+,1
DRG010,Falotrimab,Infectious,2024-Q1,Rash,False,Mild,Physician,US,45-64,1
DRG010,Falotrimab,Infectious,2024-Q1,Rash,False,Mild,Pharmacist,FR,45-64,1
DRG010,Falotrimab,Infectious,2024-Q1,Fever,False,Serious,Consumer,US,65-74,1
DRG010,Falotrimab,Infectious,2024-Q1,Nausea,False,Mild,Pharmacist,FR,45-64,1
DRG010,Falotrimab,Infectious,2024-Q1,Diarrhea,False,Moderate,Physician,US,45-64,1
DRG010,Falotrimab,Infectious,2024-Q1,Vomiting,False,Mild,Other,US,65-74,1
DRG010,Falotrimab,Infectious,2024-Q1,Headache,False,Serious,Pharmacist,US,45-64,1
DRG010,Falotrimab,Infectious,2024-Q1,Vomiting,False,Critical,Consumer,GB,65-74,1
DRG010,Falotrimab,Infectious,2024-Q1,Headache,False,Mild,Consumer,US,45-64,1
DRG010,Falotrimab,Infectious,2024-Q1,Headache,False,Mild,Pharmacist,US,65-74,1
DRG010,Falotrimab,Infectious,2024-Q1,Diarrhea,False,Serious,Pharmacist,US,65-74,1
DRG010,Falotrimab,Infectious,2024-Q1,Rash,False,Moderate,Pharmacist,JP,65-74,1
DRG010,Falotrimab,Infectious,2024-Q1,Nausea,False,Mild,Consumer,GB,65-74,1
DRG010,Falotrimab,Infectious,2024-Q1,Rash,False,Moderate,Pharmacist,DE,45-64,1
DRG010,Falotrimab,Infectious,2024-Q1,Rash,False,Moderate,Physician,JP,45-64,1
DRG010,Falotrimab,Infectious,2024-Q1,Fever,False,Critical,Other,JP,75+,1
DRG010,Falotrimab,Infectious,2024-Q1,Headache,False,Serious,Other,US,18-44,1
DRG010,Falotrimab,Infectious,2024-Q1,Fever,False,Serious,Pharmacist,US,18-44,1
DRG010,Falotrimab,Infectious,2024-Q1,Fatigue,False,Moderate,Physician,CA,45-64,1
DRG010,Falotrimab,Infectious,2024-Q1,Vomiting,False,Mild,Physician,CA,45-64,1
DRG010,Falotrimab,Infectious,2024-Q1,Diarrhea,False,Moderate,Physician,US,65-74,1
DRG010,Falotrimab,Infectious,2024-Q1,Fatigue,False,Mild,Consumer,FR,45-64,1
DRG010,Falotrimab,Infectious,2024-Q1,Rash,False,Moderate,Consumer,US,45-64,1
DRG010,Falotrimab,Infectious,2024-Q1,Nausea,False,Moderate,Consumer,US,65-74,1
DRG010,Falotrimab,Infectious,2024-Q1,Rash,False,Serious,Consumer,US,18-44,1
DRG010,Falotrimab,Infectious,2024-Q1,Headache,False,Moderate,Other,US,18-44,1
DRG010,Falotrimab,Infectious,2024-Q1,Nausea,False,Mild,Consumer,DE,45-64,1
DRG010,Falotrimab,Infectious,2024-Q1,Diarrhea,False,Moderate,Consumer,US,75+,1
DRG010,Falotrimab,Infectious,2024-Q1,Vomiting,False,Moderate,Physician,CA,18-44,1
DRG010,Falotrimab,Infectious,2024-Q1,Fever,False,Mild,Physician,GB,65-74,1
DRG010,Falotrimab,Infectious,2024-Q1,Vomiting,False,Serious,Physician,CA,45-64,1
DRG010,Falotrimab,Infectious,2024-Q1,Headache,False,Moderate,Pharmacist,US,75+,1
DRG010,Falotrimab,Infectious,2024-Q1,Headache,False,Mild,Physician,US,75+,1
DRG010,Falotrimab,Infectious,2024-Q1,Diarrhea,False,Moderate,Pharmacist,DE,18-44,1
DRG010,Falotrimab,Infectious,2024-Q1,Nausea,False,Critical,Physician,US,65-74,1
DRG010,Falotrimab,Infectious,2024-Q1,Nausea,False,Mild,Physician,US,45-64,1
DRG010,Falotrimab,Infectious,2024-Q1,Headache,False,Moderate,Physician,CA,45-64,1
DRG010,Falotrimab,Infectious,2024-Q1,Nausea,False,Mild,Physician,DE,45-64,1
DRG010,Falotrimab,Infectious,2024-Q1,Vomiting,False,Serious,Other,FR,45-64,1
DRG010,Falotrimab,Infectious,2024-Q1,Rash,False,Moderate,Pharmacist,CA,65-74,1
DRG010,Falotrimab,Infectious,2024-Q1,Rash,False,Mild,Physician,CA,18-44,1
DRG010,Falotrimab,Infectious,2024-Q1,Fever,False,Mild,Consumer,GB,18-44,1
DRG010,Falotrimab,Infectious,2024-Q1,Vomiting,False,Serious,Other,CA,65-74,1
DRG010,Falotrimab,Infectious,2024-Q1,Fatigue,False,Mild,Physician,FR,75+,1
DRG010,Falotrimab,Infectious,2024-Q1,Rash,False,Serious,Consumer,US,45-64,1
DRG010,Falotrimab,Infectious,2024-Q1,Diarrhea,False,Moderate,Physician,US,18-44,1
DRG010,Falotrimab,Infectious,2024-Q1,Fatigue,False,Moderate,Physician,US,45-64,1
DRG010,Falotrimab,Infectious,2024-Q1,Fever,False,Moderate,Consumer,GB,18-44,1
DRG010,Falotrimab,Infectious,2024-Q1,Fever,False,Mild,Consumer,FR,65-74,1
DRG010,Falotrimab,Infectious,2024-Q1,Headache,False,Moderate,Physician,US,65-74,1
DRG010,Falotrimab,Infectious,2024-Q1,Fatigue,False,Moderate,Consumer,US,18-44,1
DRG010,Falotrimab,Infectious,2024-Q1,Diarrhea,False,Serious,Consumer,GB,45-64,1
DRG010,Falotrimab,Infectious,2024-Q1,Fatigue,False,Moderate,Consumer,FR,75+,1
DRG010,Falotrimab,Infectious,2024-Q1,Fatigue,False,Serious,Consumer,US,75+,1
DRG010,Falotrimab,Infectious,2024-Q1,Fever,False,Mild,Other,CA,65-74,1
DRG010,Falotrimab,Infectious,2024-Q1,Diarrhea,False,Mild,Physician,JP,45-64,1
DRG010,Falotrimab,Infectious,2024-Q1,Rash,False,Serious,Pharmacist,US,45-64,1
DRG010,Falotrimab,Infectious,2024-Q1,Fatigue,False,Mild,Physician,US,18-44,1
DRG010,Falotrimab,Infectious,2024-Q1,Fever,False,Mild,Pharmacist,JP,65-74,1
DRG010,Falotrimab,Infectious,2024-Q1,Fatigue,False,Mild,Physician,DE,45-64,1
DRG010,Falotrimab,Infectious,2024-Q1,Diarrhea,False,Mild,Physician,GB,45-64,1
DRG010,Falotrimab,Infectious,2024-Q1,Fatigue,False,Moderate,Physician,FR,45-64,1
DRG010,Falotrimab,Infectious,2024-Q1,Diarrhea,False,Moderate,Consumer,DE,45-64,1
DRG010,Falotrimab,Infectious,2024-Q1,Nausea,False,Critical,Other,DE,65-74,1
DRG010,Falotrimab,Infectious,2024-Q1,Nausea,False,Moderate,Consumer,US,18-44,1
DRG010,Falotrimab,Infectious,2024-Q1,Vomiting,False,Serious,Pharmacist,CA,18-44,1
DRG010,Falotrimab,Infectious,2024-Q1,Diarrhea,False,Critical,Physician,CA,65-74,1
DRG010,Falotrimab,Infectious,2024-Q1,Fatigue,False,Critical,Physician,US,65-74,1
DRG010,Falotrimab,Infectious,2024-Q1,Vomiting,False,Mild,Physician,GB,75+,1
DRG010,Falotrimab,Infectious,2024-Q1,Fever,False,Moderate,Physician,US,75+,1
DRG010,Falotrimab,Infectious,2024-Q1,Fever,False,Moderate,Consumer,DE,45-64,1
DRG010,Falotrimab,Infectious,2024-Q1,Nausea,False,Mild,Pharmacist,CA,75+,1
DRG010,Falotrimab,Infectious,2024-Q1,Fever,False,Mild,Consumer,CA,45-64,1
DRG010,Falotrimab,Infectious,2024-Q1,Vomiting,False,Serious,Physician,DE,75+,1
DRG010,Falotrimab,Infectious,2024-Q1,Diarrhea,False,Mild,Physician,FR,75+,1
DRG010,Falotrimab,Infectious,2024-Q1,Fatigue,False,Serious,Pharmacist,DE,75+,1
DRG010,Falotrimab,Infectious,2024-Q1,Fever,False,Moderate,Physician,CA,75+,1
DRG010,Falotrimab,Infectious,2024-Q1,Fever,False,Serious,Consumer,FR,45-64,1
DRG010,Falotrimab,Infectious,2024-Q1,Diarrhea,False,Mild,Consumer,CA,45-64,1
DRG010,Falotrimab,Infectious,2024-Q1,Fever,False,Serious,Other,FR,75+,1
DRG010,Falotrimab,Infectious,2024-Q1,Diarrhea,False,Moderate,Other,FR,75+,1
DRG010,Falotrimab,Infectious,2024-Q1,Nausea,False,Mild,Physician,US,65-74,1
DRG010,Falotrimab,Infectious,2024-Q1,Fever,False,Moderate,Consumer,US,75+,1
DRG010,Falotrimab,Infectious,2024-Q1,Fever,False,Moderate,Pharmacist,US,75+,1
DRG010,Falotrimab,Infectious,2024-Q1,Vomiting,False,Mild,Consumer,CA,45-64,1
DRG010,Falotrimab,Infectious,2024-Q1,Fatigue,False,Mild,Other,FR,18-44,1
DRG010,Falotrimab,Infectious,2024-Q1,Fever,False,Critical,Pharmacist,DE,45-64,1
DRG010,Falotrimab,Infectious,2024-Q1,Rash,False,Serious,Consumer,GB,75+,1
DRG010,Falotrimab,Infectious,2024-Q1,Nausea,False,Mild,Physician,CA,75+,1
DRG010,Falotrimab,Infectious,2024-Q1,Fatigue,False,Mild,Consumer,DE,45-64,1
DRG010,Falotrimab,Infectious,2024-Q1,Diarrhea,False,Mild,Physician,CA,65-74,1
DRG010,Falotrimab,Infectious,2024-Q1,Fatigue,False,Mild,Consumer,US,18-44,1
DRG010,Falotrimab,Infectious,2024-Q1,Fever,False,Serious,Pharmacist,US,45-64,1
DRG010,Falotrimab,Infectious,2024-Q1,Nausea,False,Mild,Pharmacist,US,75+,1
DRG010,Falotrimab,Infectious,2024-Q1,Fatigue,False,Mild,Pharmacist,US,75+,1
DRG010,Falotrimab,Infectious,2024-Q1,Headache,False,Moderate,Physician,US,45-64,1
DRG010,Falotrimab,Infectious,2024-Q1,Rash,False,Moderate,Other,US,75+,1
DRG010,Falotrimab,Infectious,2024-Q1,Diarrhea,False,Moderate,Pharmacist,US,18-44,1
DRG010,Falotrimab,Infectious,2024-Q1,Vomiting,False,Mild,Physician,US,75+,1
DRG010,Falotrimab,Infectious,2024-Q1,Headache,False,Mild,Physician,GB,65-74,1
DRG010,Falotrimab,Infectious,2024-Q1,Nausea,False,Moderate,Pharmacist,FR,45-64,1
DRG010,Falotrimab,Infectious,2024-Q1,Fever,False,Moderate,Physician,US,65-74,1
DRG010,Falotrimab,Infectious,2024-Q1,Rash,False,Moderate,Other,DE,45-64,1
DRG010,Falotrimab,Infectious,2024-Q1,Vomiting,False,Moderate,Physician,US,75+,1
DRG010,Falotrimab,Infectious,2024-Q1,Headache,False,Mild,Physician,US,45-64,1
DRG010,Falotrimab,Infectious,2024-Q1,Headache,False,Mild,Pharmacist,US,45-64,1
DRG010,Falotrimab,Infectious,2024-Q1,Diarrhea,False,Mild,Consumer,US,65-74,1
DRG010,Falotrimab,Infectious,2024-Q1,Diarrhea,False,Critical,Physician,US,18-44,1
DRG010,Falotrimab,Infectious,2024-Q1,Headache,False,Mild,Consumer,JP,45-64,1
DRG010,Falotrimab,Infectious,2024-Q1,Nausea,False,Mild,Other,US,75+,1
DRG010,Falotrimab,Infectious,2024-Q1,Fatigue,False,Mild,Physician,US,45-64,1
DRG010,Falotrimab,Infectious,2024-Q1,Nausea,False,Moderate,Physician,US,75+,1
DRG010,Falotrimab,Infectious,2024-Q1,Fatigue,False,Moderate,Other,US,65-74,1
DRG010,Falotrimab,Infectious,2024-Q1,Fever,False,Moderate,Physician,US,45-64,1
DRG010,Falotrimab,Infectious,2024-Q1,Fatigue,False,Moderate,Physician,FR,18-44,1
DRG010,Falotrimab,Infectious,2024-Q1,Nausea,False,Critical,Physician,US,45-64,1
DRG010,Falotrimab,Infectious,2024-Q1,Diarrhea,False,Serious,Physician,US,45-64,1
DRG010,Falotrimab,Infectious,2024-Q1,Fatigue,False,Mild,Physician,CA,65-74,1
DRG010,Falotrimab,Infectious,2024-Q1,Diarrhea,False,Moderate,Pharmacist,DE,75+,1
DRG010,Falotrimab,Infectious,2024-Q1,Rash,False,Serious,Physician,US,65-74,1
DRG010,Falotrimab,Infectious,2024-Q1,Vomiting,False,Moderate,Physician,DE,65-74,1
DRG010,Falotrimab,Infectious,2024-Q1,Fatigue,False,Mild,Other,US,65-74,1
DRG010,Falotrimab,Infectious,2024-Q1,Headache,False,Serious,Other,US,45-64,1
DRG010,Falotrimab,Infectious,2024-Q1,Rash,False,Mild,Physician,CA,45-64,1
DRG010,Falotrimab,Infectious,2024-Q1,Vomiting,False,Mild,Pharmacist,US,65-74,1
DRG010,Falotrimab,Infectious,2024-Q1,Rash,False,Moderate,Other,US,65-74,1
DRG010,Falotrimab,Infectious,2024-Q1,Fatigue,False,Critical,Physician,DE,18-44,1
DRG010,Falotrimab,Infectious,2024-Q1,Vomiting,False,Mild,Pharmacist,JP,45-64,1
DRG010,Falotrimab,Infectious,2024-Q1,Diarrhea,False,Mild,Consumer,DE,65-74,1
DRG010,Falotrimab,Infectious,2024-Q1,Nausea,False,Mild,Other,JP,18-44,1
DRG010,Falotrimab,Infectious,2024-Q1,Fever,False,Mild,Physician,US,45-64,1
DRG010,Falotrimab,Infectious,2024-Q1,Headache,False,Mild,Consumer,CA,65-74,1
DRG010,Falotrimab,Infectious,2024-Q1,Nausea,False,Critical,Physician,DE,75+,1
DRG010,Falotrimab,Infectious,2024-Q1,Headache,False,Mild,Other,US,65-74,1
DRG010,Falotrimab,Infectious,2024-Q1,Fever,False,Mild,Physician,CA,75+,1
DRG010,Falotrimab,Infectious,2024-Q1,Rash,False,Moderate,Other,DE,75+,1
DRG010,Falotrimab,Infectious,2024-Q1,Fatigue,False,Moderate,Other,US,45-64,1
DRG010,Falotrimab,Infectious,2024-Q1,Fever,False,Critical,Pharmacist,US,65-74,1
DRG010,Falotrimab,Infectious,2024-Q1,Diarrhea,False,Mild,Consumer,GB,18-44,1
DRG010,Falotrimab,Infectious,2024-Q1,Nausea,False,Mild,Physician,GB,45-64,1
DRG010,Falotrimab,Infectious,2024-Q1,Fever,False,Moderate,Physician,US,18-44,1
DRG010,Falotrimab,Infectious,2024-Q1,Headache,False,Mild,Physician,GB,45-64,1
DRG010,Falotrimab,Infectious,2024-Q1,Diarrhea,False,Serious,Consumer,US,65-74,1
DRG010,Falotrimab,Infectious,2024-Q1,Fatigue,False,Mild,Physician,GB,65-74,1
DRG010,Falotrimab,Infectious,2024-Q1,Fatigue,False,Mild,Physician,GB,18-44,1
DRG010,Falotrimab,Infectious,2024-Q1,Fever,False,Mild,Other,US,75+,1
DRG010,Falotrimab,Infectious,2024-Q1,Rash,False,Mild,Pharmacist,US,65-74,1
DRG010,Falotrimab,Infectious,2024-Q1,Nausea,False,Moderate,Other,GB,45-64,1
DRG010,Falotrimab,Infectious,2024-Q1,Nausea,False,Mild,Pharmacist,DE,45-64,1
DRG010,Falotrimab,Infectious,2024-Q1,Fatigue,False,Mild,Physician,US,75+,1
DRG010,Falotrimab,Infectious,2024-Q1,Diarrhea,False,Moderate,Other,GB,45-64,1
DRG010,Falotrimab,Infectious,2024-Q1,Diarrhea,False,Mild,Physician,US,65-74,1
DRG010,Falotrimab,Infectious,2024-Q1,Fever,False,Mild,Physician,DE,18-44,1
DRG010,Falotrimab,Infectious,2024-Q1,Nausea,False,Mild,Other,JP,45-64,1
DRG010,Falotrimab,Infectious,2024-Q1,Fatigue,False,Mild,Consumer,US,75+,1
DRG010,Falotrimab,Infectious,2024-Q1,Headache,False,Moderate,Consumer,US,75+,1
DRG010,Falotrimab,Infectious,2024-Q1,Vomiting,False,Moderate,Pharmacist,US,18-44,1
DRG010,Falotrimab,Infectious,2024-Q1,Rash,False,Mild,Consumer,US,65-74,1
DRG010,Falotrimab,Infectious,2024-Q1,Nausea,False,Serious,Physician,DE,75+,1
DRG010,Falotrimab,Infectious,2024-Q1,Nausea,False,Moderate,Pharmacist,US,18-44,1
DRG010,Falotrimab,Infectious,2024-Q1,Rash,False,Critical,Other,US,65-74,1
DRG010,Falotrimab,Infectious,2024-Q1,Headache,False,Mild,Physician,CA,45-64,1
DRG010,Falotrimab,Infectious,2024-Q1,Headache,False,Mild,Pharmacist,DE,45-64,1
DRG010,Falotrimab,Infectious,2024-Q1,Nausea,False,Critical,Consumer,US,18-44,1
DRG010,Falotrimab,Infectious,2024-Q1,Rash,False,Moderate,Other,CA,65-74,1
DRG010,Falotrimab,Infectious,2024-Q1,Headache,False,Moderate,Physician,JP,45-64,1
DRG010,Falotrimab,Infectious,2024-Q1,Rash,False,Mild,Pharmacist,US,18-44,1
DRG010,Falotrimab,Infectious,2024-Q1,Headache,False,Moderate,Pharmacist,US,18-44,1
DRG010,Falotrimab,Infectious,2024-Q1,Vomiting,False,Serious,Consumer,US,65-74,1
DRG010,Falotrimab,Infectious,2024-Q1,Rash,False,Moderate,Consumer,US,65-74,1
DRG010,Falotrimab,Infectious,2024-Q1,Diarrhea,False,Mild,Physician,DE,45-64,1
DRG010,Falotrimab,Infectious,2024-Q1,Vomiting,False,Mild,Physician,DE,18-44,1
DRG010,Falotrimab,Infectious,2024-Q1,Rash,False,Mild,Physician,FR,65-74,1
DRG011,Relixanib,Autoimmune,2023-Q2,Arthralgia,False,Mild,Physician,US,65-74,3
DRG011,Relixanib,Autoimmune,2023-Q2,Nausea,False,Critical,Physician,US,45-64,3
DRG011,Relixanib,Autoimmune,2023-Q2,Infection,False,Moderate,Physician,US,45-64,3
DRG011,Relixanib,Autoimmune,2023-Q2,Pyrexia,False,Mild,Physician,US,65-74,3
DRG011,Relixanib,Autoimmune,2023-Q2,Nausea,False,Mild,Physician,US,45-64,3
DRG011,Relixanib,Autoimmune,2023-Q2,Headache,False,Moderate,Consumer,US,45-64,3
DRG011,Relixanib,Autoimmune,2023-Q2,Rash,False,Moderate,Consumer,US,45-64,2
DRG011,Relixanib,Autoimmune,2023-Q2,Rash,False,Moderate,Consumer,US,18-44,2
DRG011,Relixanib,Autoimmune,2023-Q2,Pyrexia,False,Mild,Physician,US,45-64,2
DRG011,Relixanib,Autoimmune,2023-Q2,Fatigue,False,Mild,Consumer,JP,45-64,2
DRG011,Relixanib,Autoimmune,2023-Q2,Fatigue,False,Moderate,Other,US,65-74,2
DRG011,Relixanib,Autoimmune,2023-Q2,Arthralgia,False,Moderate,Physician,DE,45-64,2
DRG011,Relixanib,Autoimmune,2023-Q2,Rash,False,Mild,Pharmacist,US,65-74,2
DRG011,Relixanib,Autoimmune,2023-Q2,Arthralgia,False,Moderate,Consumer,US,45-64,2
DRG011,Relixanib,Autoimmune,2023-Q2,Nausea,False,Moderate,Physician,DE,65-74,2
DRG011,Relixanib,Autoimmune,2023-Q2,Nausea,False,Mild,Consumer,DE,45-64,2
DRG011,Relixanib,Autoimmune,2023-Q2,Pyrexia,False,Mild,Physician,US,18-44,2
DRG011,Relixanib,Autoimmune,2023-Q2,Fatigue,False,Mild,Other,US,65-74,2
DRG011,Relixanib,Autoimmune,2023-Q2,Nausea,False,Moderate,Physician,DE,45-64,2
DRG011,Relixanib,Autoimmune,2023-Q2,Rash,False,Serious,Physician,US,65-74,2
DRG011,Relixanib,Autoimmune,2023-Q2,Rash,False,Mild,Pharmacist,US,75+,2
DRG011,Relixanib,Autoimmune,2023-Q2,Pyrexia,False,Serious,Other,US,65-74,2
DRG011,Relixanib,Autoimmune,2023-Q2,Arthralgia,False,Serious,Physician,US,45-64,2
DRG011,Relixanib,Autoimmune,2023-Q2,Rash,False,Mild,Pharmacist,US,45-64,2
DRG011,Relixanib,Autoimmune,2023-Q2,Rash,False,Serious,Consumer,US,18-44,2
DRG011,Relixanib,Autoimmune,2023-Q2,Rash,False,Mild,Physician,US,65-74,2
DRG011,Relixanib,Autoimmune,2023-Q2,Headache,False,Critical,Physician,CA,45-64,1
DRG011,Relixanib,Autoimmune,2023-Q2,Headache,False,Moderate,Other,US,65-74,1
DRG011,Relixanib,Autoimmune,2023-Q2,Nausea,False,Serious,Consumer,JP,65-74,1
DRG011,Relixanib,Autoimmune,2023-Q2,Fatigue,False,Mild,Consumer,US,65-74,1
DRG011,Relixanib,Autoimmune,2023-Q2,Rash,False,Moderate,Pharmacist,US,65-74,1
DRG011,Relixanib,Autoimmune,2023-Q2,Headache,False,Mild,Physician,US,65-74,1
DRG011,Relixanib,Autoimmune,2023-Q2,Headache,False,Mild,Consumer,CA,45-64,1
DRG011,Relixanib,Autoimmune,2023-Q2,Arthralgia,False,Mild,Consumer,US,18-44,1
DRG011,Relixanib,Autoimmune,2023-Q2,Headache,False,Mild,Physician,JP,45-64,1
DRG011,Relixanib,Autoimmune,2023-Q2,Nausea,False,Mild,Consumer,US,18-44,1
DRG011,Relixanib,Autoimmune,2023-Q2,Fatigue,False,Critical,Physician,DE,65-74,1
DRG011,Relixanib,Autoimmune,2023-Q2,Rash,False,Serious,Consumer,US,75+,1
DRG011,Relixanib,Autoimmune,2023-Q2,Nausea,False,Mild,Consumer,US,45-64,1
DRG011,Relixanib,Autoimmune,2023-Q2,Infection,False,Serious,Consumer,JP,65-74,1
DRG011,Relixanib,Autoimmune,2023-Q2,Fatigue,False,Mild,Physician,US,65-74,1
DRG011,Relixanib,Autoimmune,2023-Q2,Rash,False,Serious,Consumer,FR,18-44,1
DRG011,Relixanib,Autoimmune,2023-Q2,Infection,False,Moderate,Physician,CA,65-74,1
DRG011,Relixanib,Autoimmune,2023-Q2,Headache,False,Mild,Other,FR,65-74,1
DRG011,Relixanib,Autoimmune,2023-Q2,Arthralgia,False,Serious,Other,FR,65-74,1
DRG011,Relixanib,Autoimmune,2023-Q2,Headache,False,Moderate,Consumer,US,65-74,1
DRG011,Relixanib,Autoimmune,2023-Q2,Infection,False,Mild,Pharmacist,US,65-74,1
DRG011,Relixanib,Autoimmune,2023-Q2,Rash,False,Moderate,Consumer,JP,45-64,1
DRG011,Relixanib,Autoimmune,2023-Q2,Headache,False,Serious,Consumer,US,75+,1
DRG011,Relixanib,Autoimmune,2023-Q2,Infection,False,Moderate,Consumer,US,65-74,1
DRG011,Relixanib,Autoimmune,2023-Q2,Arthralgia,False,Serious,Consumer,US,45-64,1
DRG011,Relixanib,Autoimmune,2023-Q2,Infection,False,Moderate,Consumer,US,45-64,1
DRG011,Relixanib,Autoimmune,2023-Q2,Rash,False,Critical,Pharmacist,FR,45-64,1
DRG011,Relixanib,Autoimmune,2023-Q2,Rash,False,Mild,Physician,GB,45-64,1
DRG011,Relixanib,Autoimmune,2023-Q2,Headache,False,Mild,Physician,GB,45-64,1
DRG011,Relixanib,Autoimmune,2023-Q2,Nausea,False,Serious,Consumer,DE,65-74,1
DRG011,Relixanib,Autoimmune,2023-Q2,Rash,False,Moderate,Physician,JP,65-74,1
DRG011,Relixanib,Autoimmune,2023-Q2,Arthralgia,False,Moderate,Physician,GB,18-44,1
DRG011,Relixanib,Autoimmune,2023-Q2,Headache,False,Moderate,Pharmacist,US,65-74,1
DRG011,Relixanib,Autoimmune,2023-Q2,Nausea,False,Serious,Pharmacist,CA,18-44,1
DRG011,Relixanib,Autoimmune,2023-Q2,Pyrexia,False,Moderate,Physician,GB,65-74,1
DRG011,Relixanib,Autoimmune,2023-Q2,Pyrexia,False,Mild,Physician,CA,45-64,1
DRG011,Relixanib,Autoimmune,2023-Q2,Rash,False,Serious,Physician,CA,45-64,1
DRG011,Relixanib,Autoimmune,2023-Q2,Headache,False,Critical,Physician,GB,45-64,1
DRG011,Relixanib,Autoimmune,2023-Q2,Arthralgia,False,Critical,Pharmacist,CA,45-64,1
DRG011,Relixanib,Autoimmune,2023-Q2,Headache,False,Serious,Pharmacist,CA,65-74,1
DRG011,Relixanib,Autoimmune,2023-Q2,Fatigue,False,Critical,Physician,US,75+,1
DRG011,Relixanib,Autoimmune,2023-Q2,Nausea,False,Moderate,Physician,US,18-44,1
DRG011,Relixanib,Autoimmune,2023-Q2,Rash,False,Mild,Consumer,US,18-44,1
DRG011,Relixanib,Autoimmune,2023-Q2,Pyrexia,False,Mild,Pharmacist,GB,65-74,1
DRG011,Relixanib,Autoimmune,2023-Q2,Infection,False,Moderate,Physician,US,75+,1
DRG011,Relixanib,Autoimmune,2023-Q2,Rash,False,Mild,Consumer,US,45-64,1
DRG011,Relixanib,Autoimmune,2023-Q2,Arthralgia,False,Moderate,Consumer,JP,45-64,1
DRG011,Relixanib,Autoimmune,2023-Q2,Arthralgia,False,Moderate,Pharmacist,US,65-74,1
DRG011,Relixanib,Autoimmune,2023-Q2,Nausea,False,Mild,Other,JP,65-74,1
DRG011,Relixanib,Autoimmune,2023-Q2,Headache,False,Mild,Physician,US,75+,1
DRG011,Relixanib,Autoimmune,2023-Q2,Headache,False,Mild,Physician,CA,75+,1
DRG011,Relixanib,Autoimmune,2023-Q2,Nausea,False,Mild,Physician,DE,45-64,1
DRG011,Relixanib,Autoimmune,2023-Q2,Headache,False,Mild,Other,US,65-74,1
DRG011,Relixanib,Autoimmune,2023-Q2,Rash,False,Moderate,Physician,GB,18-44,1
DRG011,Relixanib,Autoimmune,2023-Q2,Arthralgia,False,Moderate,Physician,US,65-74,1
DRG011,Relixanib,Autoimmune,2023-Q2,Arthralgia,False,Moderate,Consumer,US,75+,1
DRG011,Relixanib,Autoimmune,2023-Q2,Headache,False,Moderate,Physician,US,65-74,1
DRG011,Relixanib,Autoimmune,2023-Q2,Headache,False,Mild,Physician,DE,18-44,1
DRG011,Relixanib,Autoimmune,2023-Q2,Arthralgia,False,Moderate,Physician,FR,18-44,1
DRG011,Relixanib,Autoimmune,2023-Q2,Pyrexia,False,Moderate,Consumer,DE,45-64,1
DRG011,Relixanib,Autoimmune,2023-Q2,Arthralgia,False,Serious,Consumer,US,18-44,1
DRG011,Relixanib,Autoimmune,2023-Q2,Fatigue,False,Mild,Pharmacist,US,65-74,1
DRG011,Relixanib,Autoimmune,2023-Q2,Rash,False,Moderate,Physician,GB,45-64,1
DRG011,Relixanib,Autoimmune,2023-Q2,Nausea,False,Moderate,Physician,GB,65-74,1
DRG011,Relixanib,Autoimmune,2023-Q2,Rash,False,Mild,Other,US,45-64,1
DRG011,Relixanib,Autoimmune,2023-Q2,Nausea,False,Mild,Pharmacist,US,18-44,1
DRG011,Relixanib,Autoimmune,2023-Q2,Nausea,False,Critical,Physician,US,65-74,1
DRG011,Relixanib,Autoimmune,2023-Q2,Fatigue,False,Mild,Other,US,18-44,1
DRG011,Relixanib,Autoimmune,2023-Q2,Nausea,False,Mild,Physician,US,65-74,1
DRG011,Relixanib,Autoimmune,2023-Q2,Arthralgia,False,Mild,Physician,DE,45-64,1
DRG011,Relixanib,Autoimmune,2023-Q2,Infection,False,Mild,Physician,US,65-74,1
DRG011,Relixanib,Autoimmune,2023-Q2,Infection,False,Moderate,Consumer,US,18-44,1
DRG011,Relixanib,Autoimmune,2023-Q2,Fatigue,False,Mild,Physician,GB,45-64,1
DRG011,Relixanib,Autoimmune,2023-Q2,Fatigue,False,Critical,Pharmacist,US,45-64,1
DRG011,Relixanib,Autoimmune,2023-Q2,Arthralgia,False,Critical,Pharmacist,US,75+,1
DRG011,Relixanib,Autoimmune,2023-Q2,Infection,False,Mild,Consumer,CA,45-64,1
DRG011,Relixanib,Autoimmune,2023-Q2,Pyrexia,False,Mild,Other,US,18-44,1
DRG011,Relixanib,Autoimmune,2023-Q2,Nausea,False,Mild,Consumer,US,65-74,1
DRG011,Relixanib,Autoimmune,2023-Q2,Nausea,False,Serious,Consumer,US,75+,1
DRG011,Relixanib,Autoimmune,2023-Q2,Pyrexia,False,Critical,Physician,US,65-74,1
DRG011,Relixanib,Autoimmune,2023-Q2,Nausea,False,Mild,Pharmacist,FR,75+,1
DRG011,Relixanib,Autoimmune,2023-Q2,Fatigue,False,Serious,Physician,CA,18-44,1
DRG011,Relixanib,Autoimmune,2023-Q2,Pyrexia,False,Moderate,Consumer,US,18-44,1
DRG011,Relixanib,Autoimmune,2023-Q2,Infection,False,Serious,Physician,US,65-74,1
DRG011,Relixanib,Autoimmune,2023-Q2,Infection,False,Moderate,Physician,US,65-74,1
DRG011,Relixanib,Autoimmune,2023-Q2,Arthralgia,False,Critical,Physician,US,45-64,1
DRG011,Relixanib,Autoimmune,2023-Q2,Headache,False,Mild,Other,FR,45-64,1
DRG011,Relixanib,Autoimmune,2023-Q2,Fatigue,False,Moderate,Physician,US,45-64,1
DRG011,Relixanib,Autoimmune,2023-Q2,Headache,False,Moderate,Physician,DE,18-44,1
DRG011,Relixanib,Autoimmune,2023-Q2,Pyrexia,False,Mild,Pharmacist,US,65-74,1
DRG011,Relixanib,Autoimmune,2023-Q2,Infection,False,Moderate,Pharmacist,US,65-74,1
DRG011,Relixanib,Autoimmune,2023-Q2,Fatigue,False,Mild,Pharmacist,FR,65-74,1
DRG011,Relixanib,Autoimmune,2023-Q2,Fatigue,False,Mild,Physician,FR,65-74,1
DRG011,Relixanib,Autoimmune,2023-Q2,Nausea,False,Moderate,Physician,FR,65-74,1
DRG011,Relixanib,Autoimmune,2023-Q2,Arthralgia,False,Critical,Consumer,DE,45-64,1
DRG011,Relixanib,Autoimmune,2023-Q2,Fatigue,False,Critical,Physician,DE,45-64,1
DRG011,Relixanib,Autoimmune,2023-Q2,Infection,False,Moderate,Other,US,45-64,1
DRG011,Relixanib,Autoimmune,2023-Q2,Arthralgia,False,Mild,Physician,US,45-64,1
DRG011,Relixanib,Autoimmune,2023-Q2,Headache,False,Moderate,Consumer,US,18-44,1
DRG011,Relixanib,Autoimmune,2023-Q2,Nausea,False,Serious,Physician,US,75+,1
DRG011,Relixanib,Autoimmune,2023-Q2,Infection,False,Moderate,Consumer,DE,75+,1
DRG011,Relixanib,Autoimmune,2023-Q2,Rash,False,Moderate,Other,FR,65-74,1
DRG011,Relixanib,Autoimmune,2023-Q2,Nausea,False,Moderate,Pharmacist,US,45-64,1
DRG011,Relixanib,Autoimmune,2023-Q2,Pyrexia,False,Moderate,Pharmacist,DE,75+,1
DRG011,Relixanib,Autoimmune,2023-Q2,Infection,False,Mild,Consumer,CA,65-74,1
DRG011,Relixanib,Autoimmune,2023-Q2,Fatigue,False,Moderate,Consumer,US,75+,1
DRG011,Relixanib,Autoimmune,2023-Q2,Nausea,False,Mild,Consumer,FR,18-44,1
DRG011,Relixanib,Autoimmune,2023-Q2,Nausea,False,Moderate,Consumer,US,65-74,1
DRG011,Relixanib,Autoimmune,2023-Q2,Nausea,False,Moderate,Pharmacist,GB,65-74,1
DRG011,Relixanib,Autoimmune,2023-Q2,Arthralgia,False,Mild,Consumer,CA,75+,1
DRG011,Relixanib,Autoimmune,2023-Q2,Arthralgia,False,Mild,Physician,FR,65-74,1
DRG011,Relixanib,Autoimmune,2023-Q2,Pyrexia,False,Mild,Consumer,US,65-74,1
DRG011,Relixanib,Autoimmune,2023-Q2,Nausea,False,Mild,Physician,DE,18-44,1
DRG011,Relixanib,Autoimmune,2023-Q2,Headache,False,Mild,Physician,JP,75+,1
DRG011,Relixanib,Autoimmune,2023-Q2,Arthralgia,False,Mild,Physician,US,75+,1
DRG011,Relixanib,Autoimmune,2023-Q2,Rash,False,Serious,Pharmacist,CA,65-74,1
DRG011,Relixanib,Autoimmune,2023-Q2,Rash,False,Critical,Other,FR,18-44,1
DRG011,Relixanib,Autoimmune,2023-Q2,Nausea,False,Serious,Other,CA,18-44,1
DRG011,Relixanib,Autoimmune,2023-Q2,Headache,False,Serious,Consumer,GB,65-74,1
DRG011,Relixanib,Autoimmune,2023-Q2,Rash,False,Moderate,Consumer,CA,65-74,1
DRG011,Relixanib,Autoimmune,2023-Q2,Arthralgia,False,Moderate,Physician,CA,45-64,1
DRG011,Relixanib,Autoimmune,2023-Q2,Headache,False,Serious,Physician,GB,45-64,1
DRG011,Relixanib,Autoimmune,2023-Q2,Infection,False,Critical,Consumer,US,45-64,1
DRG011,Relixanib,Autoimmune,2023-Q2,Infection,False,Critical,Physician,US,18-44,1
DRG011,Relixanib,Autoimmune,2023-Q2,Infection,False,Serious,Pharmacist,GB,45-64,1
DRG011,Relixanib,Autoimmune,2023-Q2,Pyrexia,False,Serious,Physician,GB,18-44,1
DRG011,Relixanib,Autoimmune,2023-Q2,Pyrexia,False,Moderate,Consumer,JP,75+,1
DRG011,Relixanib,Autoimmune,2023-Q2,Headache,False,Moderate,Pharmacist,US,75+,1
DRG011,Relixanib,Autoimmune,2023-Q2,Rash,False,Mild,Pharmacist,GB,65-74,1
DRG011,Relixanib,Autoimmune,2023-Q2,Headache,False,Mild,Consumer,US,45-64,1
DRG011,Relixanib,Autoimmune,2023-Q2,Fatigue,False,Serious,Other,US,45-64,1
DRG011,Relixanib,Autoimmune,2023-Q2,Pyrexia,False,Moderate,Physician,JP,45-64,1
DRG011,Relixanib,Autoimmune,2023-Q2,Fatigue,False,Mild,Pharmacist,US,45-64,1
DRG011,Relixanib,Autoimmune,2023-Q2,Pyrexia,False,Moderate,Pharmacist,CA,45-64,1
DRG011,Relixanib,Autoimmune,2023-Q2,Pyrexia,False,Moderate,Pharmacist,JP,45-64,1
DRG011,Relixanib,Autoimmune,2023-Q2,Headache,False,Mild,Physician,US,45-64,1
DRG011,Relixanib,Autoimmune,2023-Q2,Infection,False,Mild,Consumer,US,65-74,1
DRG011,Relixanib,Autoimmune,2023-Q2,Fatigue,False,Moderate,Consumer,DE,45-64,1
DRG011,Relixanib,Autoimmune,2023-Q2,Infection,False,Critical,Other,US,65-74,1
DRG011,Relixanib,Autoimmune,2023-Q2,Rash,False,Serious,Physician,US,75+,1
DRG011,Relixanib,Autoimmune,2023-Q2,Headache,False,Moderate,Physician,US,45-64,1
DRG011,Relixanib,Autoimmune,2023-Q2,Headache,False,Moderate,Physician,DE,45-64,1
DRG011,Relixanib,Autoimmune,2023-Q2,Arthralgia,False,Mild,Physician,DE,18-44,1
DRG011,Relixanib,Autoimmune,2023-Q2,Rash,False,Moderate,Physician,US,65-74,1
DRG011,Relixanib,Autoimmune,2023-Q2,Headache,False,Mild,Consumer,FR,45-64,1
DRG011,Relixanib,Autoimmune,2023-Q2,Pyrexia,False,Moderate,Physician,US,75+,1
DRG011,Relixanib,Autoimmune,2023-Q2,Pyrexia,False,Moderate,Pharmacist,GB,45-64,1
DRG011,Relixanib,Autoimmune,2023-Q2,Fatigue,False,Serious,Pharmacist,DE,65-74,1
DRG011,Relixanib,Autoimmune,2023-Q2,Headache,False,Mild,Other,US,18-44,1
DRG011,Relixanib,Autoimmune,2023-Q2,Infection,False,Serious,Consumer,DE,18-44,1
DRG011,Relixanib,Autoimmune,2023-Q2,Rash,False,Mild,Consumer,US,75+,1
DRG011,Relixanib,Autoimmune,2023-Q2,Nausea,False,Critical,Other,DE,75+,1
DRG011,Relixanib,Autoimmune,2023-Q2,Fatigue,False,Serious,Physician,US,65-74,1
DRG011,Relixanib,Autoimmune,2023-Q2,Fatigue,False,Moderate,Physician,CA,65-74,1
DRG011,Relixanib,Autoimmune,2023-Q2,Pyrexia,False,Mild,Pharmacist,FR,45-64,1
DRG011,Relixanib,Autoimmune,2023-Q2,Rash,False,Mild,Physician,DE,45-64,1
DRG011,Relixanib,Autoimmune,2023-Q2,Pyrexia,False,Mild,Consumer,FR,65-74,1
DRG011,Relixanib,Autoimmune,2023-Q2,Headache,False,Moderate,Other,US,45-64,1
DRG011,Relixanib,Autoimmune,2023-Q2,Pyrexia,False,Moderate,Other,GB,65-74,1
DRG011,Relixanib,Autoimmune,2023-Q2,Headache,False,Moderate,Consumer,US,75+,1
DRG011,Relixanib,Autoimmune,2023-Q2,Pyrexia,False,Moderate,Consumer,US,65-74,1
DRG011,Relixanib,Autoimmune,2023-Q2,Nausea,False,Moderate,Physician,DE,18-44,1
DRG011,Relixanib,Autoimmune,2023-Q2,Headache,False,Mild,Physician,DE,45-64,1
DRG011,Relixanib,Autoimmune,2023-Q2,Nausea,False,Moderate,Other,US,45-64,1
DRG011,Relixanib,Autoimmune,2023-Q2,Arthralgia,False,Moderate,Consumer,GB,45-64,1
DRG011,Relixanib,Autoimmune,2023-Q2,Pyrexia,False,Moderate,Pharmacist,US,65-74,1
DRG011,Relixanib,Autoimmune,2023-Q2,Pyrexia,False,Mild,Consumer,GB,65-74,1
DRG011,Relixanib,Autoimmune,2023-Q2,Infection,False,Serious,Consumer,GB,65-74,1
DRG011,Relixanib,Autoimmune,2023-Q2,Pyrexia,False,Mild,Pharmacist,GB,45-64,1
DRG011,Relixanib,Autoimmune,2023-Q2,Rash,False,Mild,Physician,FR,18-44,1
DRG011,Relixanib,Autoimmune,2023-Q2,Pyrexia,False,Moderate,Pharmacist,US,45-64,1
DRG011,Relixanib,Autoimmune,2023-Q2,Arthralgia,False,Mild,Consumer,DE,18-44,1
DRG011,Relixanib,Autoimmune,2023-Q2,Nausea,False,Mild,Pharmacist,FR,65-74,1
DRG011,Relixanib,Autoimmune,2023-Q2,Infection,False,Mild,Physician,JP,45-64,1
DRG011,Relixanib,Autoimmune,2023-Q2,Rash,False,Serious,Physician,US,45-64,1
DRG011,Relixanib,Autoimmune,2023-Q2,Nausea,False,Moderate,Consumer,US,75+,1
DRG011,Relixanib,Autoimmune,2023-Q2,Infection,False,Mild,Physician,FR,45-64,1
DRG011,Relixanib,Autoimmune,2023-Q2,Nausea,False,Mild,Pharmacist,US,65-74,1
DRG011,Relixanib,Autoimmune,2023-Q2,Arthralgia,False,Serious,Physician,US,18-44,1
DRG011,Relixanib,Autoimmune,2023-Q2,Nausea,False,Moderate,Other,US,65-74,1
DRG011,Relixanib,Autoimmune,2023-Q2,Arthralgia,False,Mild,Pharmacist,FR,65-74,1
DRG011,Relixanib,Autoimmune,2023-Q2,Rash,False,Mild,Consumer,FR,65-74,1
DRG011,Relixanib,Autoimmune,2023-Q2,Rash,False,Serious,Consumer,FR,65-74,1
DRG011,Relixanib,Autoimmune,2023-Q2,Fatigue,False,Moderate,Physician,CA,75+,1
DRG011,Relixanib,Autoimmune,2023-Q2,Fatigue,False,Serious,Pharmacist,US,45-64,1
DRG011,Relixanib,Autoimmune,2023-Q2,Headache,False,Serious,Consumer,CA,45-64,1
DRG011,Relixanib,Autoimmune,2023-Q2,Fatigue,False,Moderate,Physician,US,65-74,1
DRG011,Relixanib,Autoimmune,2023-Q2,Rash,False,Moderate,Consumer,JP,75+,1
DRG011,Relixanib,Autoimmune,2023-Q2,Headache,False,Mild,Physician,FR,18-44,1
DRG011,Relixanib,Autoimmune,2023-Q2,Fatigue,False,Mild,Consumer,DE,75+,1
DRG011,Relixanib,Autoimmune,2023-Q2,Rash,False,Mild,Physician,DE,18-44,1
DRG011,Relixanib,Autoimmune,2023-Q2,Headache,False,Moderate,Physician,JP,75+,1
DRG011,Relixanib,Autoimmune,2023-Q3,Arthralgia,False,Moderate,Physician,US,45-64,3
DRG011,Relixanib,Autoimmune,2023-Q3,Arthralgia,False,Mild,Other,US,18-44,3
DRG011,Relixanib,Autoimmune,2023-Q3,Fatigue,False,Mild,Consumer,US,45-64,2
DRG011,Relixanib,Autoimmune,2023-Q3,Fatigue,False,Moderate,Consumer,US,45-64,2
DRG011,Relixanib,Autoimmune,2023-Q3,Pyrexia,False,Mild,Physician,US,75+,2
DRG011,Relixanib,Autoimmune,2023-Q3,Infection,False,Serious,Consumer,US,45-64,2
DRG011,Relixanib,Autoimmune,2023-Q3,Arthralgia,False,Mild,Consumer,US,65-74,2
DRG011,Relixanib,Autoimmune,2023-Q3,Rash,False,Mild,Consumer,US,45-64,2
DRG011,Relixanib,Autoimmune,2023-Q3,Pyrexia,False,Mild,Physician,US,65-74,2
DRG011,Relixanib,Autoimmune,2023-Q3,Headache,False,Mild,Consumer,CA,45-64,2
DRG011,Relixanib,Autoimmune,2023-Q3,Headache,False,Mild,Pharmacist,US,45-64,2
DRG011,Relixanib,Autoimmune,2023-Q3,Arthralgia,False,Mild,Physician,US,45-64,2
DRG011,Relixanib,Autoimmune,2023-Q3,Arthralgia,False,Mild,Physician,US,65-74,2
DRG011,Relixanib,Autoimmune,2023-Q3,Pyrexia,False,Mild,Other,US,45-64,2
DRG011,Relixanib,Autoimmune,2023-Q3,Pyrexia,False,Moderate,Physician,US,18-44,2
DRG011,Relixanib,Autoimmune,2023-Q3,Pyrexia,False,Moderate,Other,US,18-44,2
DRG011,Relixanib,Autoimmune,2023-Q3,Headache,False,Mild,Physician,US,45-64,2
DRG011,Relixanib,Autoimmune,2023-Q3,Headache,False,Mild,Consumer,US,45-64,2
DRG011,Relixanib,Autoimmune,2023-Q3,Infection,False,Moderate,Consumer,US,65-74,2
DRG011,Relixanib,Autoimmune,2023-Q3,Headache,False,Mild,Physician,DE,45-64,2
DRG011,Relixanib,Autoimmune,2023-Q3,Nausea,False,Mild,Pharmacist,US,45-64,2
DRG011,Relixanib,Autoimmune,2023-Q3,Pyrexia,False,Moderate,Physician,US,65-74,2
DRG011,Relixanib,Autoimmune,2023-Q3,Pyrexia,False,Moderate,Physician,US,45-64,2
DRG011,Relixanib,Autoimmune,2023-Q3,Nausea,False,Serious,Pharmacist,US,45-64,2
DRG011,Relixanib,Autoimmune,2023-Q3,Pyrexia,False,Mild,Physician,US,18-44,1
DRG011,Relixanib,Autoimmune,2023-Q3,Infection,False,Mild,Physician,US,18-44,1
DRG011,Relixanib,Autoimmune,2023-Q3,Headache,False,Serious,Physician,US,75+,1
DRG011,Relixanib,Autoimmune,2023-Q3,Pyrexia,False,Mild,Physician,DE,45-64,1
DRG011,Relixanib,Autoimmune,2023-Q3,Nausea,False,Moderate,Consumer,US,18-44,1
DRG011,Relixanib,Autoimmune,2023-Q3,Nausea,False,Mild,Physician,GB,45-64,1
DRG011,Relixanib,Autoimmune,2023-Q3,Arthralgia,False,Serious,Physician,US,65-74,1
DRG011,Relixanib,Autoimmune,2023-Q3,Arthralgia,False,Mild,Physician,FR,65-74,1
DRG011,Relixanib,Autoimmune,2023-Q3,Headache,False,Critical,Physician,FR,18-44,1
DRG011,Relixanib,Autoimmune,2023-Q3,Nausea,False,Moderate,Physician,GB,45-64,1
DRG011,Relixanib,Autoimmune,2023-Q3,Nausea,False,Critical,Consumer,JP,65-74,1
DRG011,Relixanib,Autoimmune,2023-Q3,Fatigue,False,Moderate,Consumer,US,18-44,1
DRG011,Relixanib,Autoimmune,2023-Q3,Rash,False,Critical,Other,CA,75+,1
DRG011,Relixanib,Autoimmune,2023-Q3,Nausea,False,Moderate,Consumer,CA,45-64,1
DRG011,Relixanib,Autoimmune,2023-Q3,Fatigue,False,Mild,Physician,JP,45-64,1
DRG011,Relixanib,Autoimmune,2023-Q3,Pyrexia,False,Moderate,Consumer,JP,65-74,1
DRG011,Relixanib,Autoimmune,2023-Q3,Nausea,False,Mild,Physician,JP,65-74,1
DRG011,Relixanib,Autoimmune,2023-Q3,Arthralgia,False,Moderate,Physician,US,65-74,1
DRG011,Relixanib,Autoimmune,2023-Q3,Headache,False,Critical,Consumer,US,65-74,1
DRG011,Relixanib,Autoimmune,2023-Q3,Pyrexia,False,Mild,Pharmacist,US,45-64,1
DRG011,Relixanib,Autoimmune,2023-Q3,Arthralgia,False,Mild,Other,FR,45-64,1
DRG011,Relixanib,Autoimmune,2023-Q3,Pyrexia,False,Mild,Pharmacist,JP,18-44,1
DRG011,Relixanib,Autoimmune,2023-Q3,Fatigue,False,Mild,Consumer,US,75+,1
DRG011,Relixanib,Autoimmune,2023-Q3,Headache,False,Mild,Physician,GB,45-64,1
DRG011,Relixanib,Autoimmune,2023-Q3,Headache,False,Moderate,Consumer,FR,75+,1
DRG011,Relixanib,Autoimmune,2023-Q3,Pyrexia,False,Serious,Consumer,US,75+,1
DRG011,Relixanib,Autoimmune,2023-Q3,Fatigue,False,Mild,Other,US,45-64,1
DRG011,Relixanib,Autoimmune,2023-Q3,Rash,False,Serious,Physician,FR,18-44,1
DRG011,Relixanib,Autoimmune,2023-Q3,Fatigue,False,Moderate,Physician,FR,45-64,1
DRG011,Relixanib,Autoimmune,2023-Q3,Fatigue,False,Moderate,Other,US,45-64,1
DRG011,Relixanib,Autoimmune,2023-Q3,Headache,False,Critical,Consumer,US,18-44,1
DRG011,Relixanib,Autoimmune,2023-Q3,Fatigue,False,Critical,Other,US,65-74,1
DRG011,Relixanib,Autoimmune,2023-Q3,Infection,False,Mild,Consumer,US,18-44,1
DRG011,Relixanib,Autoimmune,2023-Q3,Pyrexia,False,Mild,Physician,FR,75+,1
DRG011,Relixanib,Autoimmune,2023-Q3,Nausea,False,Moderate,Consumer,GB,45-64,1
DRG011,Relixanib,Autoimmune,2023-Q3,Fatigue,False,Serious,Physician,DE,45-64,1
DRG011,Relixanib,Autoimmune,2023-Q3,Headache,False,Moderate,Consumer,JP,18-44,1
DRG011,Relixanib,Autoimmune,2023-Q3,Pyrexia,False,Moderate,Consumer,US,65-74,1
DRG011,Relixanib,Autoimmune,2023-Q3,Nausea,False,Mild,Pharmacist,US,65-74,1
DRG011,Relixanib,Autoimmune,2023-Q3,Infection,False,Critical,Other,US,65-74,1
DRG011,Relixanib,Autoimmune,2023-Q3,Pyrexia,False,Mild,Other,US,65-74,1
DRG011,Relixanib,Autoimmune,2023-Q3,Rash,False,Mild,Physician,US,65-74,1
DRG011,Relixanib,Autoimmune,2023-Q3,Arthralgia,False,Moderate,Pharmacist,US,65-74,1
DRG011,Relixanib,Autoimmune,2023-Q3,Nausea,False,Serious,Other,US,45-64,1
DRG011,Relixanib,Autoimmune,2023-Q3,Fatigue,False,Mild,Consumer,FR,45-64,1
DRG011,Relixanib,Autoimmune,2023-Q3,Rash,False,Serious,Physician,US,45-64,1
DRG011,Relixanib,Autoimmune,2023-Q3,Infection,False,Critical,Consumer,US,18-44,1
DRG011,Relixanib,Autoimmune,2023-Q3,Infection,False,Mild,Physician,CA,65-74,1
DRG011,Relixanib,Autoimmune,2023-Q3,Headache,False,Critical,Pharmacist,US,65-74,1
DRG011,Relixanib,Autoimmune,2023-Q3,Pyrexia,False,Mild,Physician,CA,65-74,1
DRG011,Relixanib,Autoimmune,2023-Q3,Fatigue,False,Moderate,Physician,DE,65-74,1
DRG011,Relixanib,Autoimmune,2023-Q3,Rash,False,Critical,Pharmacist,US,65-74,1
DRG011,Relixanib,Autoimmune,2023-Q3,Nausea,False,Moderate,Pharmacist,US,45-64,1
DRG011,Relixanib,Autoimmune,2023-Q3,Pyrexia,False,Mild,Pharmacist,CA,45-64,1
DRG011,Relixanib,Autoimmune,2023-Q3,Headache,False,Critical,Other,GB,65-74,1
DRG011,Relixanib,Autoimmune,2023-Q3,Arthralgia,False,Serious,Physician,US,45-64,1
DRG011,Relixanib,Autoimmune,2023-Q3,Infection,False,Moderate,Other,US,45-64,1
DRG011,Relixanib,Autoimmune,2023-Q3,Infection,False,Mild,Physician,US,75+,1
DRG011,Relixanib,Autoimmune,2023-Q3,Nausea,False,Moderate,Consumer,GB,65-74,1
DRG011,Relixanib,Autoimmune,2023-Q3,Pyrexia,False,Mild,Consumer,DE,18-44,1
DRG011,Relixanib,Autoimmune,2023-Q3,Rash,False,Moderate,Physician,FR,75+,1
DRG011,Relixanib,Autoimmune,2023-Q3,Headache,False,Mild,Pharmacist,US,18-44,1
DRG011,Relixanib,Autoimmune,2023-Q3,Pyrexia,False,Moderate,Physician,GB,45-64,1
DRG011,Relixanib,Autoimmune,2023-Q3,Arthralgia,False,Serious,Other,FR,75+,1
DRG011,Relixanib,Autoimmune,2023-Q3,Fatigue,False,Moderate,Physician,DE,75+,1
DRG011,Relixanib,Autoimmune,2023-Q3,Nausea,False,Mild,Consumer,US,45-64,1
DRG011,Relixanib,Autoimmune,2023-Q3,Nausea,False,Moderate,Physician,GB,75+,1
DRG011,Relixanib,Autoimmune,2023-Q3,Fatigue,False,Moderate,Physician,CA,65-74,1
DRG011,Relixanib,Autoimmune,2023-Q3,Pyrexia,False,Serious,Physician,CA,45-64,1
DRG011,Relixanib,Autoimmune,2023-Q3,Infection,False,Moderate,Pharmacist,US,75+,1
DRG011,Relixanib,Autoimmune,2023-Q3,Headache,False,Critical,Physician,US,65-74,1
DRG011,Relixanib,Autoimmune,2023-Q3,Nausea,False,Mild,Consumer,US,18-44,1
DRG011,Relixanib,Autoimmune,2023-Q3,Nausea,False,Mild,Pharmacist,US,18-44,1
DRG011,Relixanib,Autoimmune,2023-Q3,Rash,False,Critical,Physician,US,18-44,1
DRG011,Relixanib,Autoimmune,2023-Q3,Arthralgia,False,Mild,Physician,US,75+,1
DRG011,Relixanib,Autoimmune,2023-Q3,Fatigue,False,Mild,Physician,US,65-74,1
DRG011,Relixanib,Autoimmune,2023-Q3,Fatigue,False,Moderate,Consumer,CA,45-64,1
DRG011,Relixanib,Autoimmune,2023-Q3,Fatigue,False,Mild,Physician,FR,45-64,1
DRG011,Relixanib,Autoimmune,2023-Q3,Pyrexia,False,Mild,Pharmacist,US,65-74,1
DRG011,Relixanib,Autoimmune,2023-Q3,Fatigue,False,Serious,Physician,US,65-74,1
DRG011,Relixanib,Autoimmune,2023-Q3,Fatigue,False,Moderate,Physician,US,45-64,1
DRG011,Relixanib,Autoimmune,2023-Q3,Headache,False,Serious,Consumer,GB,45-64,1
DRG011,Relixanib,Autoimmune,2023-Q3,Headache,False,Moderate,Consumer,JP,45-64,1
DRG011,Relixanib,Autoimmune,2023-Q3,Headache,False,Critical,Consumer,US,75+,1
DRG011,Relixanib,Autoimmune,2023-Q3,Fatigue,False,Mild,Pharmacist,US,65-74,1
DRG011,Relixanib,Autoimmune,2023-Q3,Pyrexia,False,Critical,Consumer,US,65-74,1
DRG011,Relixanib,Autoimmune,2023-Q3,Infection,False,Mild,Consumer,JP,18-44,1
DRG011,Relixanib,Autoimmune,2023-Q3,Arthralgia,False,Moderate,Consumer,US,18-44,1
DRG011,Relixanib,Autoimmune,2023-Q3,Nausea,False,Serious,Physician,CA,75+,1
DRG011,Relixanib,Autoimmune,2023-Q3,Pyrexia,False,Mild,Physician,US,45-64,1
DRG011,Relixanib,Autoimmune,2023-Q3,Headache,False,Mild,Physician,JP,65-74,1
DRG011,Relixanib,Autoimmune,2023-Q3,Headache,False,Mild,Physician,US,75+,1
DRG011,Relixanib,Autoimmune,2023-Q3,Arthralgia,False,Moderate,Pharmacist,US,45-64,1
DRG011,Relixanib,Autoimmune,2023-Q3,Headache,False,Serious,Other,CA,75+,1
DRG011,Relixanib,Autoimmune,2023-Q3,Infection,False,Mild,Consumer,US,75+,1
DRG011,Relixanib,Autoimmune,2023-Q3,Rash,False,Moderate,Other,FR,18-44,1
DRG011,Relixanib,Autoimmune,2023-Q3,Arthralgia,False,Moderate,Pharmacist,FR,75+,1
DRG011,Relixanib,Autoimmune,2023-Q3,Fatigue,False,Moderate,Consumer,DE,65-74,1
DRG011,Relixanib,Autoimmune,2023-Q3,Fatigue,False,Mild,Pharmacist,JP,18-44,1
DRG011,Relixanib,Autoimmune,2023-Q3,Pyrexia,False,Mild,Consumer,US,65-74,1
DRG011,Relixanib,Autoimmune,2023-Q3,Arthralgia,False,Serious,Other,DE,65-74,1
DRG011,Relixanib,Autoimmune,2023-Q3,Pyrexia,False,Moderate,Consumer,US,18-44,1
DRG011,Relixanib,Autoimmune,2023-Q3,Arthralgia,False,Serious,Consumer,US,65-74,1
DRG011,Relixanib,Autoimmune,2023-Q3,Infection,False,Mild,Other,US,18-44,1
DRG011,Relixanib,Autoimmune,2023-Q3,Headache,False,Moderate,Physician,GB,45-64,1
DRG011,Relixanib,Autoimmune,2023-Q3,Rash,False,Moderate,Physician,JP,45-64,1
DRG011,Relixanib,Autoimmune,2023-Q3,Headache,False,Serious,Pharmacist,JP,65-74,1
DRG011,Relixanib,Autoimmune,2023-Q3,Fatigue,False,Critical,Physician,GB,75+,1
DRG011,Relixanib,Autoimmune,2023-Q3,Pyrexia,False,Serious,Consumer,JP,75+,1
DRG011,Relixanib,Autoimmune,2023-Q3,Nausea,False,Moderate,Consumer,US,65-74,1
DRG011,Relixanib,Autoimmune,2023-Q3,Rash,False,Moderate,Other,CA,65-74,1
DRG011,Relixanib,Autoimmune,2023-Q3,Rash,False,Mild,Pharmacist,DE,45-64,1
DRG011,Relixanib,Autoimmune,2023-Q3,Fatigue,False,Mild,Physician,US,75+,1
DRG011,Relixanib,Autoimmune,2023-Q3,Headache,False,Serious,Consumer,US,65-74,1
DRG011,Relixanib,Autoimmune,2023-Q3,Pyrexia,False,Serious,Physician,FR,45-64,1
DRG011,Relixanib,Autoimmune,2023-Q3,Infection,False,Mild,Other,CA,65-74,1
DRG011,Relixanib,Autoimmune,2023-Q3,Arthralgia,False,Serious,Pharmacist,US,45-64,1
DRG011,Relixanib,Autoimmune,2023-Q3,Nausea,False,Critical,Consumer,US,65-74,1
DRG011,Relixanib,Autoimmune,2023-Q3,Infection,False,Serious,Pharmacist,CA,45-64,1
DRG011,Relixanib,Autoimmune,2023-Q3,Nausea,False,Serious,Physician,US,65-74,1
DRG011,Relixanib,Autoimmune,2023-Q3,Headache,False,Moderate,Physician,US,18-44,1
DRG011,Relixanib,Autoimmune,2023-Q3,Pyrexia,False,Mild,Other,US,18-44,1
DRG011,Relixanib,Autoimmune,2023-Q3,Headache,False,Moderate,Physician,US,45-64,1
DRG011,Relixanib,Autoimmune,2023-Q3,Fatigue,False,Mild,Consumer,US,65-74,1
DRG011,Relixanib,Autoimmune,2023-Q3,Arthralgia,False,Mild,Consumer,GB,18-44,1
DRG011,Relixanib,Autoimmune,2023-Q3,Infection,False,Moderate,Pharmacist,US,18-44,1
DRG011,Relixanib,Autoimmune,2023-Q3,Rash,False,Moderate,Other,US,45-64,1
DRG011,Relixanib,Autoimmune,2023-Q3,Fatigue,False,Mild,Physician,DE,65-74,1
DRG011,Relixanib,Autoimmune,2023-Q3,Pyrexia,False,Serious,Other,FR,75+,1
DRG011,Relixanib,Autoimmune,2023-Q3,Rash,False,Moderate,Consumer,GB,45-64,1
DRG011,Relixanib,Autoimmune,2023-Q3,Fatigue,False,Serious,Consumer,JP,65-74,1
DRG011,Relixanib,Autoimmune,2023-Q3,Nausea,False,Critical,Pharmacist,US,65-74,1
DRG011,Relixanib,Autoimmune,2023-Q3,Arthralgia,False,Moderate,Consumer,FR,65-74,1
DRG011,Relixanib,Autoimmune,2023-Q3,Headache,False,Mild,Consumer,US,18-44,1
DRG011,Relixanib,Autoimmune,2023-Q3,Arthralgia,False,Critical,Physician,US,65-74,1
DRG011,Relixanib,Autoimmune,2023-Q3,Headache,False,Critical,Pharmacist,FR,65-74,1
DRG011,Relixanib,Autoimmune,2023-Q3,Arthralgia,False,Moderate,Consumer,US,65-74,1
DRG011,Relixanib,Autoimmune,2023-Q3,Nausea,False,Mild,Other,US,75+,1
DRG011,Relixanib,Autoimmune,2023-Q3,Nausea,False,Moderate,Pharmacist,US,75+,1
DRG011,Relixanib,Autoimmune,2023-Q3,Nausea,False,Mild,Pharmacist,FR,45-64,1
DRG011,Relixanib,Autoimmune,2023-Q3,Headache,False,Moderate,Pharmacist,DE,75+,1
DRG011,Relixanib,Autoimmune,2023-Q3,Arthralgia,False,Mild,Physician,GB,18-44,1
DRG011,Relixanib,Autoimmune,2023-Q3,Arthralgia,False,Serious,Physician,DE,75+,1
DRG011,Relixanib,Autoimmune,2023-Q3,Pyrexia,False,Mild,Pharmacist,DE,45-64,1
DRG011,Relixanib,Autoimmune,2023-Q3,Nausea,False,Critical,Other,US,65-74,1
DRG011,Relixanib,Autoimmune,2023-Q3,Infection,False,Mild,Pharmacist,CA,18-44,1
DRG011,Relixanib,Autoimmune,2023-Q3,Nausea,False,Mild,Physician,DE,45-64,1
DRG011,Relixanib,Autoimmune,2023-Q3,Rash,False,Serious,Pharmacist,US,75+,1
DRG011,Relixanib,Autoimmune,2023-Q3,Rash,False,Mild,Other,US,65-74,1
DRG011,Relixanib,Autoimmune,2023-Q3,Nausea,False,Moderate,Other,JP,18-44,1
DRG011,Relixanib,Autoimmune,2023-Q3,Headache,False,Moderate,Pharmacist,US,45-64,1
DRG011,Relixanib,Autoimmune,2023-Q3,Fatigue,False,Mild,Consumer,JP,18-44,1
DRG011,Relixanib,Autoimmune,2023-Q3,Rash,False,Mild,Physician,US,45-64,1
DRG011,Relixanib,Autoimmune,2023-Q3,Arthralgia,False,Mild,Physician,CA,45-64,1
DRG011,Relixanib,Autoimmune,2023-Q3,Fatigue,False,Critical,Consumer,US,18-44,1
DRG011,Relixanib,Autoimmune,2023-Q3,Headache,False,Serious,Physician,US,45-64,1
DRG011,Relixanib,Autoimmune,2023-Q3,Headache,False,Mild,Physician,DE,65-74,1
DRG011,Relixanib,Autoimmune,2023-Q3,Nausea,False,Serious,Physician,JP,45-64,1
DRG011,Relixanib,Autoimmune,2023-Q3,Headache,False,Moderate,Other,CA,75+,1
DRG011,Relixanib,Autoimmune,2023-Q3,Rash,False,Moderate,Consumer,US,45-64,1
DRG011,Relixanib,Autoimmune,2023-Q3,Rash,False,Moderate,Physician,FR,45-64,1
DRG011,Relixanib,Autoimmune,2023-Q3,Infection,False,Mild,Pharmacist,US,65-74,1
DRG011,Relixanib,Autoimmune,2023-Q3,Rash,False,Moderate,Pharmacist,US,18-44,1
DRG011,Relixanib,Autoimmune,2023-Q3,Pyrexia,False,Mild,Physician,CA,75+,1
DRG011,Relixanib,Autoimmune,2023-Q3,Fatigue,False,Moderate,Consumer,FR,18-44,1
DRG011,Relixanib,Autoimmune,2023-Q3,Pyrexia,False,Mild,Other,JP,45-64,1
DRG011,Relixanib,Autoimmune,2023-Q3,Rash,False,Mild,Physician,CA,65-74,1
DRG011,Relixanib,Autoimmune,2023-Q3,Infection,False,Moderate,Physician,GB,65-74,1
DRG011,Relixanib,Autoimmune,2023-Q3,Headache,False,Serious,Consumer,FR,45-64,1
DRG011,Relixanib,Autoimmune,2023-Q3,Arthralgia,False,Mild,Physician,DE,45-64,1
DRG011,Relixanib,Autoimmune,2023-Q3,Nausea,False,Moderate,Other,DE,45-64,1
DRG011,Relixanib,Autoimmune,2023-Q3,Infection,False,Moderate,Consumer,US,45-64,1
DRG011,Relixanib,Autoimmune,2023-Q3,Pyrexia,False,Serious,Pharmacist,DE,18-44,1
DRG011,Relixanib,Autoimmune,2023-Q3,Rash,False,Serious,Physician,US,75+,1
DRG011,Relixanib,Autoimmune,2023-Q3,Fatigue,False,Moderate,Physician,US,18-44,1
DRG011,Relixanib,Autoimmune,2023-Q3,Infection,False,Serious,Other,US,18-44,1
DRG011,Relixanib,Autoimmune,2023-Q3,Rash,False,Mild,Pharmacist,CA,18-44,1
DRG011,Relixanib,Autoimmune,2023-Q3,Rash,False,Mild,Pharmacist,US,75+,1
DRG011,Relixanib,Autoimmune,2023-Q3,Headache,False,Mild,Pharmacist,CA,65-74,1
DRG011,Relixanib,Autoimmune,2023-Q3,Arthralgia,False,Mild,Pharmacist,US,45-64,1
DRG011,Relixanib,Autoimmune,2023-Q3,Headache,False,Moderate,Other,US,45-64,1
DRG011,Relixanib,Autoimmune,2023-Q3,Arthralgia,False,Serious,Physician,GB,45-64,1
DRG011,Relixanib,Autoimmune,2023-Q3,Rash,False,Critical,Physician,US,45-64,1
DRG011,Relixanib,Autoimmune,2023-Q3,Fatigue,False,Mild,Physician,JP,65-74,1
DRG011,Relixanib,Autoimmune,2023-Q3,Infection,False,Mild,Physician,DE,65-74,1
DRG011,Relixanib,Autoimmune,2023-Q3,Headache,False,Critical,Physician,DE,65-74,1
DRG011,Relixanib,Autoimmune,2023-Q3,Arthralgia,False,Moderate,Consumer,GB,45-64,1
DRG011,Relixanib,Autoimmune,2023-Q4,Pyrexia,False,Mild,Consumer,US,65-74,4
DRG011,Relixanib,Autoimmune,2023-Q4,Pyrexia,False,Mild,Physician,US,45-64,4
DRG011,Relixanib,Autoimmune,2023-Q4,Arthralgia,False,Moderate,Physician,US,65-74,3
DRG011,Relixanib,Autoimmune,2023-Q4,Pyrexia,False,Mild,Pharmacist,US,65-74,3
DRG011,Relixanib,Autoimmune,2023-Q4,Fatigue,False,Mild,Pharmacist,US,65-74,3
DRG011,Relixanib,Autoimmune,2023-Q4,Infection,False,Mild,Consumer,US,75+,2
DRG011,Relixanib,Autoimmune,2023-Q4,Pyrexia,False,Mild,Consumer,JP,65-74,2
DRG011,Relixanib,Autoimmune,2023-Q4,Nausea,False,Mild,Physician,US,18-44,2
DRG011,Relixanib,Autoimmune,2023-Q4,Pyrexia,False,Serious,Physician,US,65-74,2
DRG011,Relixanib,Autoimmune,2023-Q4,Headache,False,Mild,Consumer,US,45-64,2
DRG011,Relixanib,Autoimmune,2023-Q4,Infection,False,Moderate,Other,US,45-64,2
DRG011,Relixanib,Autoimmune,2023-Q4,Arthralgia,False,Mild,Other,US,65-74,2
DRG011,Relixanib,Autoimmune,2023-Q4,Nausea,False,Mild,Other,US,18-44,2
DRG011,Relixanib,Autoimmune,2023-Q4,Rash,False,Moderate,Consumer,US,65-74,2
DRG011,Relixanib,Autoimmune,2023-Q4,Nausea,False,Mild,Consumer,US,45-64,2
DRG011,Relixanib,Autoimmune,2023-Q4,Nausea,False,Mild,Pharmacist,US,65-74,2
DRG011,Relixanib,Autoimmune,2023-Q4,Arthralgia,False,Moderate,Physician,JP,45-64,2
DRG011,Relixanib,Autoimmune,2023-Q4,Infection,False,Mild,Consumer,US,45-64,2
DRG011,Relixanib,Autoimmune,2023-Q4,Infection,False,Mild,Physician,GB,45-64,2
DRG011,Relixanib,Autoimmune,2023-Q4,Infection,False,Moderate,Pharmacist,US,65-74,2
DRG011,Relixanib,Autoimmune,2023-Q4,Rash,False,Mild,Physician,US,65-74,2
DRG011,Relixanib,Autoimmune,2023-Q4,Rash,False,Moderate,Physician,US,65-74,2
DRG011,Relixanib,Autoimmune,2023-Q4,Arthralgia,False,Mild,Pharmacist,US,45-64,2
DRG011,Relixanib,Autoimmune,2023-Q4,Infection,False,Mild,Consumer,FR,18-44,2
DRG011,Relixanib,Autoimmune,2023-Q4,Arthralgia,False,Mild,Physician,FR,45-64,2
DRG011,Relixanib,Autoimmune,2023-Q4,Rash,False,Mild,Physician,DE,45-64,2
DRG011,Relixanib,Autoimmune,2023-Q4,Headache,False,Mild,Physician,FR,45-64,2
DRG011,Relixanib,Autoimmune,2023-Q4,Headache,False,Moderate,Consumer,US,65-74,2
DRG011,Relixanib,Autoimmune,2023-Q4,Rash,False,Mild,Physician,US,45-64,2
DRG011,Relixanib,Autoimmune,2023-Q4,Arthralgia,False,Mild,Physician,GB,45-64,1
DRG011,Relixanib,Autoimmune,2023-Q4,Arthralgia,False,Critical,Consumer,US,45-64,1
DRG011,Relixanib,Autoimmune,2023-Q4,Infection,False,Mild,Consumer,CA,65-74,1
DRG011,Relixanib,Autoimmune,2023-Q4,Nausea,False,Serious,Physician,US,45-64,1
DRG011,Relixanib,Autoimmune,2023-Q4,Rash,False,Serious,Consumer,DE,45-64,1
DRG011,Relixanib,Autoimmune,2023-Q4,Headache,False,Critical,Physician,US,65-74,1
DRG011,Relixanib,Autoimmune,2023-Q4,Pyrexia,False,Mild,Consumer,DE,65-74,1
DRG011,Relixanib,Autoimmune,2023-Q4,Arthralgia,False,Critical,Physician,DE,45-64,1
DRG011,Relixanib,Autoimmune,2023-Q4,Infection,False,Moderate,Pharmacist,GB,18-44,1
DRG011,Relixanib,Autoimmune,2023-Q4,Rash,False,Serious,Consumer,US,45-64,1
DRG011,Relixanib,Autoimmune,2023-Q4,Fatigue,False,Moderate,Physician,JP,18-44,1
DRG011,Relixanib,Autoimmune,2023-Q4,Headache,False,Mild,Consumer,DE,18-44,1
DRG011,Relixanib,Autoimmune,2023-Q4,Fatigue,False,Moderate,Physician,CA,18-44,1
DRG011,Relixanib,Autoimmune,2023-Q4,Headache,False,Mild,Pharmacist,JP,65-74,1
DRG011,Relixanib,Autoimmune,2023-Q4,Headache,False,Mild,Other,FR,45-64,1
DRG011,Relixanib,Autoimmune,2023-Q4,Headache,False,Mild,Physician,US,45-64,1
DRG011,Relixanib,Autoimmune,2023-Q4,Pyrexia,False,Moderate,Physician,CA,45-64,1
DRG011,Relixanib,Autoimmune,2023-Q4,Headache,False,Moderate,Physician,FR,45-64,1
DRG011,Relixanib,Autoimmune,2023-Q4,Fatigue,False,Mild,Physician,CA,18-44,1
DRG011,Relixanib,Autoimmune,2023-Q4,Rash,False,Moderate,Consumer,US,45-64,1
DRG011,Relixanib,Autoimmune,2023-Q4,Rash,False,Moderate,Physician,FR,18-44,1
DRG011,Relixanib,Autoimmune,2023-Q4,Pyrexia,False,Moderate,Other,US,45-64,1
DRG011,Relixanib,Autoimmune,2023-Q4,Nausea,False,Mild,Pharmacist,US,45-64,1
DRG011,Relixanib,Autoimmune,2023-Q4,Pyrexia,False,Moderate,Physician,GB,45-64,1
DRG011,Relixanib,Autoimmune,2023-Q4,Rash,False,Moderate,Physician,JP,45-64,1
DRG011,Relixanib,Autoimmune,2023-Q4,Fatigue,False,Moderate,Physician,FR,65-74,1
DRG011,Relixanib,Autoimmune,2023-Q4,Headache,False,Serious,Pharmacist,FR,18-44,1
DRG011,Relixanib,Autoimmune,2023-Q4,Rash,False,Mild,Pharmacist,US,75+,1
DRG011,Relixanib,Autoimmune,2023-Q4,Arthralgia,False,Moderate,Pharmacist,DE,45-64,1
DRG011,Relixanib,Autoimmune,2023-Q4,Rash,False,Mild,Physician,FR,45-64,1
DRG011,Relixanib,Autoimmune,2023-Q4,Nausea,False,Mild,Pharmacist,US,18-44,1
DRG011,Relixanib,Autoimmune,2023-Q4,Fatigue,False,Mild,Other,FR,45-64,1
DRG011,Relixanib,Autoimmune,2023-Q4,Headache,False,Mild,Pharmacist,US,45-64,1
DRG011,Relixanib,Autoimmune,2023-Q4,Fatigue,False,Serious,Physician,CA,75+,1
DRG011,Relixanib,Autoimmune,2023-Q4,Infection,False,Serious,Consumer,CA,18-44,1
DRG011,Relixanib,Autoimmune,2023-Q4,Headache,False,Critical,Consumer,US,18-44,1
DRG011,Relixanib,Autoimmune,2023-Q4,Fatigue,False,Mild,Physician,US,75+,1
DRG011,Relixanib,Autoimmune,2023-Q4,Rash,False,Moderate,Pharmacist,US,45-64,1
DRG011,Relixanib,Autoimmune,2023-Q4,Nausea,False,Moderate,Pharmacist,GB,18-44,1
DRG011,Relixanib,Autoimmune,2023-Q4,Infection,False,Serious,Pharmacist,US,18-44,1
DRG011,Relixanib,Autoimmune,2023-Q4,Headache,False,Moderate,Pharmacist,DE,45-64,1
DRG011,Relixanib,Autoimmune,2023-Q4,Pyrexia,False,Serious,Physician,JP,45-64,1
DRG011,Relixanib,Autoimmune,2023-Q4,Pyrexia,False,Moderate,Pharmacist,US,45-64,1
DRG011,Relixanib,Autoimmune,2023-Q4,Infection,False,Serious,Consumer,CA,45-64,1
DRG011,Relixanib,Autoimmune,2023-Q4,Rash,False,Mild,Other,US,65-74,1
DRG011,Relixanib,Autoimmune,2023-Q4,Headache,False,Moderate,Physician,GB,65-74,1
DRG011,Relixanib,Autoimmune,2023-Q4,Headache,False,Critical,Physician,US,45-64,1
DRG011,Relixanib,Autoimmune,2023-Q4,Nausea,False,Mild,Physician,US,45-64,1
DRG011,Relixanib,Autoimmune,2023-Q4,Fatigue,False,Serious,Physician,FR,45-64,1
DRG011,Relixanib,Autoimmune,2023-Q4,Infection,False,Serious,Physician,US,18-44,1
DRG011,Relixanib,Autoimmune,2023-Q4,Infection,False,Moderate,Consumer,JP,45-64,1
DRG011,Relixanib,Autoimmune,2023-Q4,Infection,False,Serious,Other,US,75+,1
DRG011,Relixanib,Autoimmune,2023-Q4,Rash,False,Mild,Pharmacist,US,65-74,1
DRG011,Relixanib,Autoimmune,2023-Q4,Infection,False,Mild,Other,US,65-74,1
DRG011,Relixanib,Autoimmune,2023-Q4,Rash,False,Moderate,Consumer,GB,65-74,1
DRG011,Relixanib,Autoimmune,2023-Q4,Fatigue,False,Moderate,Consumer,DE,18-44,1
DRG011,Relixanib,Autoimmune,2023-Q4,Infection,False,Serious,Pharmacist,US,65-74,1
DRG011,Relixanib,Autoimmune,2023-Q4,Arthralgia,False,Mild,Other,JP,18-44,1
DRG011,Relixanib,Autoimmune,2023-Q4,Infection,False,Serious,Consumer,US,18-44,1
DRG011,Relixanib,Autoimmune,2023-Q4,Fatigue,False,Serious,Physician,US,75+,1
DRG011,Relixanib,Autoimmune,2023-Q4,Nausea,False,Serious,Physician,US,65-74,1
DRG011,Relixanib,Autoimmune,2023-Q4,Pyrexia,False,Mild,Pharmacist,FR,45-64,1
DRG011,Relixanib,Autoimmune,2023-Q4,Arthralgia,False,Mild,Physician,JP,45-64,1
DRG011,Relixanib,Autoimmune,2023-Q4,Arthralgia,False,Mild,Consumer,FR,65-74,1
DRG011,Relixanib,Autoimmune,2023-Q4,Headache,False,Mild,Pharmacist,FR,18-44,1
DRG011,Relixanib,Autoimmune,2023-Q4,Arthralgia,False,Mild,Other,CA,65-74,1
DRG011,Relixanib,Autoimmune,2023-Q4,Infection,False,Mild,Physician,FR,65-74,1
DRG011,Relixanib,Autoimmune,2023-Q4,Pyrexia,False,Mild,Other,DE,45-64,1
DRG011,Relixanib,Autoimmune,2023-Q4,Arthralgia,False,Critical,Physician,DE,65-74,1
DRG011,Relixanib,Autoimmune,2023-Q4,Fatigue,False,Mild,Other,US,18-44,1
DRG011,Relixanib,Autoimmune,2023-Q4,Headache,False,Critical,Consumer,US,65-74,1
DRG011,Relixanib,Autoimmune,2023-Q4,Pyrexia,False,Critical,Consumer,DE,45-64,1
DRG011,Relixanib,Autoimmune,2023-Q4,Infection,False,Mild,Physician,US,18-44,1
DRG011,Relixanib,Autoimmune,2023-Q4,Rash,False,Moderate,Consumer,FR,45-64,1
DRG011,Relixanib,Autoimmune,2023-Q4,Infection,False,Mild,Physician,US,45-64,1
DRG011,Relixanib,Autoimmune,2023-Q4,Arthralgia,False,Critical,Physician,US,18-44,1
DRG011,Relixanib,Autoimmune,2023-Q4,Nausea,False,Moderate,Consumer,FR,65-74,1
DRG011,Relixanib,Autoimmune,2023-Q4,Infection,False,Critical,Physician,US,45-64,1
DRG011,Relixanib,Autoimmune,2023-Q4,Rash,False,Serious,Consumer,US,18-44,1
DRG011,Relixanib,Autoimmune,2023-Q4,Headache,False,Serious,Consumer,US,45-64,1
DRG011,Relixanib,Autoimmune,2023-Q4,Pyrexia,False,Moderate,Pharmacist,JP,18-44,1
DRG011,Relixanib,Autoimmune,2023-Q4,Infection,False,Mild,Physician,US,65-74,1
DRG011,Relixanib,Autoimmune,2023-Q4,Pyrexia,False,Mild,Pharmacist,US,75+,1
DRG011,Relixanib,Autoimmune,2023-Q4,Infection,False,Mild,Pharmacist,GB,65-74,1
DRG011,Relixanib,Autoimmune,2023-Q4,Nausea,False,Mild,Physician,US,65-74,1
DRG011,Relixanib,Autoimmune,2023-Q4,Rash,False,Mild,Other,DE,75+,1
DRG011,Relixanib,Autoimmune,2023-Q4,Rash,False,Critical,Physician,FR,75+,1
DRG011,Relixanib,Autoimmune,2023-Q4,Fatigue,False,Mild,Physician,GB,45-64,1
DRG011,Relixanib,Autoimmune,2023-Q4,Rash,False,Moderate,Other,CA,65-74,1
DRG011,Relixanib,Autoimmune,2023-Q4,Infection,False,Critical,Consumer,JP,18-44,1
DRG011,Relixanib,Autoimmune,2023-Q4,Arthralgia,False,Moderate,Consumer,US,45-64,1
DRG011,Relixanib,Autoimmune,2023-Q4,Nausea,False,Moderate,Other,US,75+,1
DRG011,Relixanib,Autoimmune,2023-Q4,Infection,False,Mild,Consumer,US,18-44,1
DRG011,Relixanib,Autoimmune,2023-Q4,Rash,False,Moderate,Other,DE,75+,1
DRG011,Relixanib,Autoimmune,2023-Q4,Infection,False,Moderate,Consumer,DE,65-74,1
DRG011,Relixanib,Autoimmune,2023-Q4,Infection,False,Moderate,Physician,FR,45-64,1
DRG011,Relixanib,Autoimmune,2023-Q4,Infection,False,Mild,Pharmacist,JP,65-74,1
DRG011,Relixanib,Autoimmune,2023-Q4,Arthralgia,False,Serious,Physician,JP,75+,1
DRG011,Relixanib,Autoimmune,2023-Q4,Fatigue,False,Mild,Physician,CA,45-64,1
DRG011,Relixanib,Autoimmune,2023-Q4,Headache,False,Mild,Physician,US,75+,1
DRG011,Relixanib,Autoimmune,2023-Q4,Pyrexia,False,Moderate,Physician,US,75+,1
DRG011,Relixanib,Autoimmune,2023-Q4,Rash,False,Serious,Pharmacist,FR,75+,1
DRG011,Relixanib,Autoimmune,2023-Q4,Fatigue,False,Critical,Physician,US,75+,1
DRG011,Relixanib,Autoimmune,2023-Q4,Fatigue,False,Moderate,Other,CA,65-74,1
DRG011,Relixanib,Autoimmune,2023-Q4,Fatigue,False,Mild,Physician,GB,18-44,1
DRG011,Relixanib,Autoimmune,2023-Q4,Pyrexia,False,Serious,Consumer,US,18-44,1
DRG011,Relixanib,Autoimmune,2023-Q4,Nausea,False,Moderate,Physician,US,18-44,1
DRG011,Relixanib,Autoimmune,2023-Q4,Nausea,False,Moderate,Pharmacist,US,45-64,1
DRG011,Relixanib,Autoimmune,2023-Q4,Headache,False,Mild,Consumer,GB,18-44,1
DRG011,Relixanib,Autoimmune,2023-Q4,Nausea,False,Mild,Consumer,JP,45-64,1
DRG011,Relixanib,Autoimmune,2023-Q4,Infection,False,Mild,Pharmacist,US,75+,1
DRG011,Relixanib,Autoimmune,2023-Q4,Rash,False,Moderate,Pharmacist,JP,65-74,1
DRG011,Relixanib,Autoimmune,2023-Q4,Fatigue,False,Moderate,Pharmacist,FR,45-64,1
DRG011,Relixanib,Autoimmune,2023-Q4,Pyrexia,False,Critical,Consumer,US,18-44,1
DRG011,Relixanib,Autoimmune,2023-Q4,Pyrexia,False,Mild,Consumer,US,45-64,1
DRG011,Relixanib,Autoimmune,2023-Q4,Headache,False,Mild,Physician,US,65-74,1
DRG011,Relixanib,Autoimmune,2023-Q4,Fatigue,False,Mild,Consumer,JP,65-74,1
DRG011,Relixanib,Autoimmune,2023-Q4,Fatigue,False,Mild,Other,US,45-64,1
DRG011,Relixanib,Autoimmune,2023-Q4,Rash,False,Serious,Consumer,JP,65-74,1
DRG011,Relixanib,Autoimmune,2023-Q4,Arthralgia,False,Moderate,Pharmacist,GB,18-44,1
DRG011,Relixanib,Autoimmune,2023-Q4,Fatigue,False,Mild,Physician,DE,75+,1
DRG011,Relixanib,Autoimmune,2023-Q4,Headache,False,Critical,Physician,GB,45-64,1
DRG011,Relixanib,Autoimmune,2023-Q4,Arthralgia,False,Moderate,Physician,GB,65-74,1
DRG011,Relixanib,Autoimmune,2023-Q4,Fatigue,False,Serious,Consumer,US,18-44,1
DRG011,Relixanib,Autoimmune,2023-Q4,Nausea,False,Mild,Consumer,JP,65-74,1
DRG011,Relixanib,Autoimmune,2023-Q4,Headache,False,Critical,Physician,US,18-44,1
DRG011,Relixanib,Autoimmune,2023-Q4,Infection,False,Moderate,Physician,JP,45-64,1
DRG011,Relixanib,Autoimmune,2023-Q4,Headache,False,Mild,Physician,US,18-44,1
DRG011,Relixanib,Autoimmune,2023-Q4,Nausea,False,Mild,Physician,DE,45-64,1
DRG011,Relixanib,Autoimmune,2023-Q4,Infection,False,Serious,Other,CA,45-64,1
DRG011,Relixanib,Autoimmune,2023-Q4,Headache,False,Mild,Pharmacist,US,75+,1
DRG011,Relixanib,Autoimmune,2023-Q4,Arthralgia,False,Mild,Physician,US,75+,1
DRG011,Relixanib,Autoimmune,2023-Q4,Pyrexia,False,Moderate,Consumer,US,18-44,1
DRG011,Relixanib,Autoimmune,2023-Q4,Fatigue,False,Moderate,Pharmacist,US,45-64,1
DRG011,Relixanib,Autoimmune,2023-Q4,Arthralgia,False,Mild,Consumer,US,45-64,1
DRG011,Relixanib,Autoimmune,2023-Q4,Pyrexia,False,Serious,Other,DE,45-64,1
DRG011,Relixanib,Autoimmune,2023-Q4,Pyrexia,False,Moderate,Other,US,65-74,1
DRG011,Relixanib,Autoimmune,2023-Q4,Arthralgia,False,Moderate,Physician,US,45-64,1
DRG011,Relixanib,Autoimmune,2023-Q4,Infection,False,Mild,Physician,JP,45-64,1
DRG011,Relixanib,Autoimmune,2023-Q4,Nausea,False,Moderate,Physician,US,65-74,1
DRG011,Relixanib,Autoimmune,2023-Q4,Fatigue,False,Critical,Consumer,JP,75+,1
DRG011,Relixanib,Autoimmune,2023-Q4,Headache,False,Moderate,Pharmacist,FR,65-74,1
DRG011,Relixanib,Autoimmune,2023-Q4,Headache,False,Mild,Consumer,GB,45-64,1
DRG011,Relixanib,Autoimmune,2023-Q4,Fatigue,False,Mild,Consumer,US,45-64,1
DRG011,Relixanib,Autoimmune,2023-Q4,Infection,False,Moderate,Physician,US,75+,1
DRG011,Relixanib,Autoimmune,2023-Q4,Rash,False,Mild,Consumer,US,18-44,1
DRG011,Relixanib,Autoimmune,2023-Q4,Nausea,False,Moderate,Other,JP,45-64,1
DRG011,Relixanib,Autoimmune,2023-Q4,Headache,False,Serious,Physician,JP,45-64,1
DRG011,Relixanib,Autoimmune,2023-Q4,Pyrexia,False,Serious,Consumer,US,65-74,1
DRG011,Relixanib,Autoimmune,2023-Q4,Fatigue,False,Mild,Pharmacist,US,75+,1
DRG011,Relixanib,Autoimmune,2023-Q4,Infection,False,Mild,Physician,US,75+,1
DRG011,Relixanib,Autoimmune,2023-Q4,Headache,False,Critical,Other,US,45-64,1
DRG011,Relixanib,Autoimmune,2023-Q4,Infection,False,Serious,Consumer,US,45-64,1
DRG011,Relixanib,Autoimmune,2023-Q4,Arthralgia,False,Moderate,Other,US,75+,1
DRG011,Relixanib,Autoimmune,2023-Q4,Nausea,False,Mild,Physician,US,75+,1
DRG011,Relixanib,Autoimmune,2023-Q4,Pyrexia,False,Mild,Other,US,65-74,1
DRG011,Relixanib,Autoimmune,2023-Q4,Headache,False,Moderate,Physician,GB,75+,1
DRG011,Relixanib,Autoimmune,2023-Q4,Infection,False,Mild,Physician,JP,65-74,1
DRG011,Relixanib,Autoimmune,2023-Q4,Infection,False,Moderate,Other,US,18-44,1
DRG011,Relixanib,Autoimmune,2023-Q4,Nausea,False,Mild,Other,US,45-64,1
DRG011,Relixanib,Autoimmune,2023-Q4,Rash,False,Mild,Consumer,US,65-74,1
DRG011,Relixanib,Autoimmune,2023-Q4,Headache,False,Mild,Pharmacist,JP,45-64,1
DRG011,Relixanib,Autoimmune,2023-Q4,Pyrexia,False,Serious,Consumer,US,45-64,1
DRG011,Relixanib,Autoimmune,2023-Q4,Infection,False,Critical,Physician,JP,45-64,1
DRG011,Relixanib,Autoimmune,2023-Q4,Fatigue,False,Moderate,Physician,US,45-64,1
DRG011,Relixanib,Autoimmune,2023-Q4,Rash,False,Mild,Other,US,75+,1
DRG011,Relixanib,Autoimmune,2023-Q4,Headache,False,Mild,Pharmacist,DE,75+,1
DRG011,Relixanib,Autoimmune,2023-Q4,Pyrexia,False,Mild,Physician,GB,75+,1
DRG011,Relixanib,Autoimmune,2023-Q4,Headache,False,Moderate,Physician,US,45-64,1
DRG011,Relixanib,Autoimmune,2023-Q4,Pyrexia,False,Serious,Pharmacist,JP,45-64,1
DRG011,Relixanib,Autoimmune,2023-Q4,Nausea,False,Mild,Consumer,CA,45-64,1
DRG011,Relixanib,Autoimmune,2023-Q4,Rash,False,Mild,Other,US,45-64,1
DRG011,Relixanib,Autoimmune,2023-Q4,Arthralgia,False,Moderate,Pharmacist,US,65-74,1
DRG011,Relixanib,Autoimmune,2023-Q4,Fatigue,False,Moderate,Pharmacist,GB,45-64,1
DRG011,Relixanib,Autoimmune,2023-Q4,Infection,False,Moderate,Other,GB,45-64,1
DRG011,Relixanib,Autoimmune,2023-Q4,Pyrexia,False,Moderate,Physician,US,45-64,1
DRG011,Relixanib,Autoimmune,2023-Q4,Infection,False,Serious,Physician,US,45-64,1
DRG011,Relixanib,Autoimmune,2023-Q4,Nausea,False,Moderate,Physician,US,45-64,1
DRG011,Relixanib,Autoimmune,2024-Q1,Fatigue,False,Mild,Physician,US,65-74,3
DRG011,Relixanib,Autoimmune,2024-Q1,Infection,False,Mild,Physician,US,18-44,3
DRG011,Relixanib,Autoimmune,2024-Q1,Nausea,False,Mild,Physician,US,65-74,3
DRG011,Relixanib,Autoimmune,2024-Q1,Rash,False,Mild,Physician,US,45-64,3
DRG011,Relixanib,Autoimmune,2024-Q1,Arthralgia,False,Moderate,Consumer,US,45-64,3
DRG011,Relixanib,Autoimmune,2024-Q1,Rash,False,Moderate,Physician,US,45-64,3
DRG011,Relixanib,Autoimmune,2024-Q1,Pyrexia,False,Moderate,Physician,US,45-64,2
DRG011,Relixanib,Autoimmune,2024-Q1,Infection,False,Mild,Physician,US,45-64,2
DRG011,Relixanib,Autoimmune,2024-Q1,Arthralgia,False,Moderate,Consumer,US,65-74,2
DRG011,Relixanib,Autoimmune,2024-Q1,Arthralgia,False,Moderate,Physician,GB,75+,2
DRG011,Relixanib,Autoimmune,2024-Q1,Rash,False,Moderate,Other,US,65-74,2
DRG011,Relixanib,Autoimmune,2024-Q1,Headache,False,Moderate,Physician,US,75+,2
DRG011,Relixanib,Autoimmune,2024-Q1,Infection,False,Mild,Other,US,65-74,2
DRG011,Relixanib,Autoimmune,2024-Q1,Infection,False,Mild,Physician,CA,65-74,2
DRG011,Relixanib,Autoimmune,2024-Q1,Nausea,False,Mild,Other,JP,65-74,2
DRG011,Relixanib,Autoimmune,2024-Q1,Rash,False,Moderate,Physician,DE,18-44,2
DRG011,Relixanib,Autoimmune,2024-Q1,Headache,False,Mild,Physician,FR,65-74,2
DRG011,Relixanib,Autoimmune,2024-Q1,Infection,False,Moderate,Physician,US,45-64,2
DRG011,Relixanib,Autoimmune,2024-Q1,Nausea,False,Moderate,Physician,US,45-64,2
DRG011,Relixanib,Autoimmune,2024-Q1,Infection,False,Serious,Physician,JP,45-64,2
DRG011,Relixanib,Autoimmune,2024-Q1,Headache,False,Mild,Consumer,US,65-74,2
DRG011,Relixanib,Autoimmune,2024-Q1,Rash,False,Moderate,Physician,US,75+,2
DRG011,Relixanib,Autoimmune,2024-Q1,Rash,False,Moderate,Physician,DE,45-64,2
DRG011,Relixanib,Autoimmune,2024-Q1,Fatigue,False,Mild,Consumer,US,18-44,2
DRG011,Relixanib,Autoimmune,2024-Q1,Infection,False,Mild,Consumer,US,45-64,2
DRG011,Relixanib,Autoimmune,2024-Q1,Nausea,False,Mild,Physician,US,18-44,2
DRG011,Relixanib,Autoimmune,2024-Q1,Fatigue,False,Mild,Physician,US,45-64,2
DRG011,Relixanib,Autoimmune,2024-Q1,Arthralgia,False,Serious,Physician,US,45-64,2
DRG011,Relixanib,Autoimmune,2024-Q1,Rash,False,Mild,Pharmacist,US,75+,1
DRG011,Relixanib,Autoimmune,2024-Q1,Fatigue,False,Mild,Consumer,CA,65-74,1
DRG011,Relixanib,Autoimmune,2024-Q1,Rash,False,Moderate,Consumer,GB,18-44,1
DRG011,Relixanib,Autoimmune,2024-Q1,Pyrexia,False,Mild,Consumer,US,18-44,1
DRG011,Relixanib,Autoimmune,2024-Q1,Rash,False,Mild,Physician,US,75+,1
DRG011,Relixanib,Autoimmune,2024-Q1,Nausea,False,Mild,Other,US,65-74,1
DRG011,Relixanib,Autoimmune,2024-Q1,Pyrexia,False,Moderate,Consumer,US,65-74,1
DRG011,Relixanib,Autoimmune,2024-Q1,Infection,False,Mild,Consumer,DE,75+,1
DRG011,Relixanib,Autoimmune,2024-Q1,Infection,False,Critical,Pharmacist,US,65-74,1
DRG011,Relixanib,Autoimmune,2024-Q1,Pyrexia,False,Moderate,Consumer,GB,45-64,1
DRG011,Relixanib,Autoimmune,2024-Q1,Headache,False,Mild,Pharmacist,US,18-44,1
DRG011,Relixanib,Autoimmune,2024-Q1,Arthralgia,False,Moderate,Physician,FR,18-44,1
DRG011,Relixanib,Autoimmune,2024-Q1,Fatigue,False,Moderate,Pharmacist,JP,45-64,1
DRG011,Relixanib,Autoimmune,2024-Q1,Fatigue,False,Mild,Pharmacist,DE,75+,1
DRG011,Relixanib,Autoimmune,2024-Q1,Pyrexia,False,Moderate,Physician,US,18-44,1
DRG011,Relixanib,Autoimmune,2024-Q1,Rash,False,Serious,Physician,US,45-64,1
DRG011,Relixanib,Autoimmune,2024-Q1,Pyrexia,False,Moderate,Consumer,US,75+,1
DRG011,Relixanib,Autoimmune,2024-Q1,Infection,False,Mild,Physician,FR,65-74,1
DRG011,Relixanib,Autoimmune,2024-Q1,Arthralgia,False,Critical,Consumer,US,65-74,1
DRG011,Relixanib,Autoimmune,2024-Q1,Pyrexia,False,Mild,Consumer,US,45-64,1
DRG011,Relixanib,Autoimmune,2024-Q1,Nausea,False,Moderate,Pharmacist,US,45-64,1
DRG011,Relixanib,Autoimmune,2024-Q1,Nausea,False,Mild,Consumer,US,65-74,1
DRG011,Relixanib,Autoimmune,2024-Q1,Fatigue,False,Serious,Consumer,CA,45-64,1
DRG011,Relixanib,Autoimmune,2024-Q1,Rash,False,Mild,Consumer,US,75+,1
DRG011,Relixanib,Autoimmune,2024-Q1,Arthralgia,False,Moderate,Pharmacist,US,18-44,1
DRG011,Relixanib,Autoimmune,2024-Q1,Nausea,False,Mild,Pharmacist,GB,65-74,1
DRG011,Relixanib,Autoimmune,2024-Q1,Rash,False,Serious,Other,JP,75+,1
DRG011,Relixanib,Autoimmune,2024-Q1,Rash,False,Moderate,Physician,GB,75+,1
DRG011,Relixanib,Autoimmune,2024-Q1,Infection,False,Mild,Other,DE,75+,1
DRG011,Relixanib,Autoimmune,2024-Q1,Rash,False,Moderate,Other,FR,45-64,1
DRG011,Relixanib,Autoimmune,2024-Q1,Headache,False,Moderate,Consumer,US,75+,1
DRG011,Relixanib,Autoimmune,2024-Q1,Headache,False,Critical,Physician,DE,65-74,1
DRG011,Relixanib,Autoimmune,2024-Q1,Nausea,False,Serious,Consumer,US,65-74,1
DRG011,Relixanib,Autoimmune,2024-Q1,Nausea,False,Serious,Consumer,US,18-44,1
DRG011,Relixanib,Autoimmune,2024-Q1,Infection,False,Moderate,Physician,DE,65-74,1
DRG011,Relixanib,Autoimmune,2024-Q1,Fatigue,False,Mild,Physician,CA,65-74,1
DRG011,Relixanib,Autoimmune,2024-Q1,Infection,False,Moderate,Physician,US,65-74,1
DRG011,Relixanib,Autoimmune,2024-Q1,Arthralgia,False,Serious,Consumer,US,65-74,1
DRG011,Relixanib,Autoimmune,2024-Q1,Infection,False,Serious,Pharmacist,CA,75+,1
DRG011,Relixanib,Autoimmune,2024-Q1,Arthralgia,False,Mild,Consumer,US,75+,1
DRG011,Relixanib,Autoimmune,2024-Q1,Fatigue,False,Critical,Physician,CA,65-74,1
DRG011,Relixanib,Autoimmune,2024-Q1,Infection,False,Moderate,Pharmacist,US,18-44,1
DRG011,Relixanib,Autoimmune,2024-Q1,Infection,False,Mild,Consumer,FR,45-64,1
DRG011,Relixanib,Autoimmune,2024-Q1,Fatigue,False,Mild,Consumer,US,75+,1
DRG011,Relixanib,Autoimmune,2024-Q1,Nausea,False,Mild,Pharmacist,JP,75+,1
DRG011,Relixanib,Autoimmune,2024-Q1,Headache,False,Mild,Pharmacist,US,65-74,1
DRG011,Relixanib,Autoimmune,2024-Q1,Infection,False,Moderate,Other,DE,45-64,1
DRG011,Relixanib,Autoimmune,2024-Q1,Fatigue,False,Serious,Consumer,US,45-64,1
DRG011,Relixanib,Autoimmune,2024-Q1,Headache,False,Moderate,Physician,US,65-74,1
DRG011,Relixanib,Autoimmune,2024-Q1,Headache,False,Serious,Physician,US,45-64,1
DRG011,Relixanib,Autoimmune,2024-Q1,Nausea,False,Mild,Consumer,JP,65-74,1
DRG011,Relixanib,Autoimmune,2024-Q1,Headache,False,Mild,Consumer,US,75+,1
DRG011,Relixanib,Autoimmune,2024-Q1,Headache,False,Mild,Physician,US,65-74,1
DRG011,Relixanib,Autoimmune,2024-Q1,Infection,False,Serious,Physician,US,65-74,1
DRG011,Relixanib,Autoimmune,2024-Q1,Nausea,False,Serious,Consumer,GB,45-64,1
DRG011,Relixanib,Autoimmune,2024-Q1,Nausea,False,Mild,Consumer,US,18-44,1
DRG011,Relixanib,Autoimmune,2024-Q1,Fatigue,False,Mild,Consumer,GB,75+,1
DRG011,Relixanib,Autoimmune,2024-Q1,Pyrexia,False,Mild,Pharmacist,JP,45-64,1
DRG011,Relixanib,Autoimmune,2024-Q1,Nausea,False,Mild,Pharmacist,JP,65-74,1
DRG011,Relixanib,Autoimmune,2024-Q1,Infection,False,Mild,Physician,DE,45-64,1
DRG011,Relixanib,Autoimmune,2024-Q1,Nausea,False,Mild,Consumer,US,45-64,1
DRG011,Relixanib,Autoimmune,2024-Q1,Rash,False,Mild,Other,US,45-64,1
DRG011,Relixanib,Autoimmune,2024-Q1,Infection,False,Mild,Consumer,US,65-74,1
DRG011,Relixanib,Autoimmune,2024-Q1,Nausea,False,Serious,Consumer,GB,75+,1
DRG011,Relixanib,Autoimmune,2024-Q1,Arthralgia,False,Moderate,Pharmacist,US,45-64,1
DRG011,Relixanib,Autoimmune,2024-Q1,Arthralgia,False,Serious,Pharmacist,JP,75+,1
DRG011,Relixanib,Autoimmune,2024-Q1,Fatigue,False,Serious,Physician,GB,18-44,1
DRG011,Relixanib,Autoimmune,2024-Q1,Nausea,False,Mild,Consumer,US,75+,1
DRG011,Relixanib,Autoimmune,2024-Q1,Nausea,False,Critical,Physician,CA,18-44,1
DRG011,Relixanib,Autoimmune,2024-Q1,Headache,False,Moderate,Other,US,18-44,1
DRG011,Relixanib,Autoimmune,2024-Q1,Infection,False,Mild,Pharmacist,FR,45-64,1
DRG011,Relixanib,Autoimmune,2024-Q1,Headache,False,Serious,Other,CA,65-74,1
DRG011,Relixanib,Autoimmune,2024-Q1,Fatigue,False,Critical,Physician,FR,75+,1
DRG011,Relixanib,Autoimmune,2024-Q1,Infection,False,Critical,Physician,US,45-64,1
DRG011,Relixanib,Autoimmune,2024-Q1,Pyrexia,False,Mild,Consumer,JP,65-74,1
DRG011,Relixanib,Autoimmune,2024-Q1,Nausea,False,Mild,Consumer,FR,65-74,1
DRG011,Relixanib,Autoimmune,2024-Q1,Headache,False,Mild,Consumer,GB,65-74,1
DRG011,Relixanib,Autoimmune,2024-Q1,Fatigue,False,Mild,Pharmacist,JP,18-44,1
DRG011,Relixanib,Autoimmune,2024-Q1,Fatigue,False,Mild,Consumer,GB,45-64,1
DRG011,Relixanib,Autoimmune,2024-Q1,Fatigue,False,Serious,Other,US,65-74,1
DRG011,Relixanib,Autoimmune,2024-Q1,Arthralgia,False,Mild,Consumer,DE,65-74,1
DRG011,Relixanib,Autoimmune,2024-Q1,Rash,False,Serious,Consumer,US,45-64,1
DRG011,Relixanib,Autoimmune,2024-Q1,Rash,False,Mild,Pharmacist,GB,18-44,1
DRG011,Relixanib,Autoimmune,2024-Q1,Pyrexia,False,Mild,Physician,US,45-64,1
DRG011,Relixanib,Autoimmune,2024-Q1,Arthralgia,False,Mild,Physician,US,45-64,1
DRG011,Relixanib,Autoimmune,2024-Q1,Fatigue,False,Mild,Physician,GB,65-74,1
DRG011,Relixanib,Autoimmune,2024-Q1,Rash,False,Mild,Pharmacist,DE,18-44,1
DRG011,Relixanib,Autoimmune,2024-Q1,Pyrexia,False,Moderate,Other,DE,45-64,1
DRG011,Relixanib,Autoimmune,2024-Q1,Arthralgia,False,Mild,Physician,CA,65-74,1
DRG011,Relixanib,Autoimmune,2024-Q1,Headache,False,Moderate,Consumer,US,65-74,1
DRG011,Relixanib,Autoimmune,2024-Q1,Nausea,False,Serious,Other,JP,18-44,1
DRG011,Relixanib,Autoimmune,2024-Q1,Infection,False,Mild,Other,CA,65-74,1
DRG011,Relixanib,Autoimmune,2024-Q1,Fatigue,False,Moderate,Pharmacist,US,65-74,1
DRG011,Relixanib,Autoimmune,2024-Q1,Rash,False,Serious,Consumer,US,75+,1
DRG011,Relixanib,Autoimmune,2024-Q1,Rash,False,Critical,Consumer,US,75+,1
DRG011,Relixanib,Autoimmune,2024-Q1,Rash,False,Serious,Physician,US,65-74,1
DRG011,Relixanib,Autoimmune,2024-Q1,Nausea,False,Mild,Pharmacist,FR,65-74,1
DRG011,Relixanib,Autoimmune,2024-Q1,Nausea,False,Critical,Other,US,45-64,1
DRG011,Relixanib,Autoimmune,2024-Q1,Pyrexia,False,Mild,Pharmacist,JP,75+,1
DRG011,Relixanib,Autoimmune,2024-Q1,Infection,False,Serious,Consumer,US,18-44,1
DRG011,Relixanib,Autoimmune,2024-Q1,Infection,False,Mild,Physician,US,75+,1
DRG011,Relixanib,Autoimmune,2024-Q1,Arthralgia,False,Mild,Consumer,US,65-74,1
DRG011,Relixanib,Autoimmune,2024-Q1,Headache,False,Moderate,Consumer,FR,45-64,1
DRG011,Relixanib,Autoimmune,2024-Q1,Nausea,False,Critical,Other,GB,65-74,1
DRG011,Relixanib,Autoimmune,2024-Q1,Infection,False,Serious,Consumer,GB,45-64,1
DRG011,Relixanib,Autoimmune,2024-Q1,Rash,False,Mild,Consumer,US,45-64,1
DRG011,Relixanib,Autoimmune,2024-Q1,Arthralgia,False,Mild,Physician,US,75+,1
DRG011,Relixanib,Autoimmune,2024-Q1,Arthralgia,False,Moderate,Physician,US,45-64,1
DRG011,Relixanib,Autoimmune,2024-Q1,Headache,False,Mild,Pharmacist,JP,45-64,1
DRG011,Relixanib,Autoimmune,2024-Q1,Infection,False,Serious,Consumer,DE,45-64,1
DRG011,Relixanib,Autoimmune,2024-Q1,Pyrexia,False,Mild,Other,FR,18-44,1
DRG011,Relixanib,Autoimmune,2024-Q1,Nausea,False,Mild,Physician,FR,75+,1
DRG011,Relixanib,Autoimmune,2024-Q1,Arthralgia,False,Mild,Consumer,US,18-44,1
DRG011,Relixanib,Autoimmune,2024-Q1,Headache,False,Mild,Physician,FR,45-64,1
DRG011,Relixanib,Autoimmune,2024-Q1,Fatigue,False,Critical,Pharmacist,GB,65-74,1
DRG011,Relixanib,Autoimmune,2024-Q1,Fatigue,False,Mild,Other,JP,45-64,1
DRG011,Relixanib,Autoimmune,2024-Q1,Pyrexia,False,Critical,Physician,GB,65-74,1
DRG011,Relixanib,Autoimmune,2024-Q1,Rash,False,Serious,Pharmacist,FR,75+,1
DRG011,Relixanib,Autoimmune,2024-Q1,Rash,False,Critical,Pharmacist,JP,65-74,1
DRG011,Relixanib,Autoimmune,2024-Q1,Nausea,False,Moderate,Other,GB,45-64,1
DRG011,Relixanib,Autoimmune,2024-Q1,Pyrexia,False,Serious,Physician,CA,65-74,1
DRG011,Relixanib,Autoimmune,2024-Q1,Headache,False,Mild,Physician,GB,18-44,1
DRG011,Relixanib,Autoimmune,2024-Q1,Fatigue,False,Moderate,Consumer,US,65-74,1
DRG011,Relixanib,Autoimmune,2024-Q1,Headache,False,Mild,Physician,DE,18-44,1
DRG011,Relixanib,Autoimmune,2024-Q1,Fatigue,False,Moderate,Physician,US,45-64,1
DRG011,Relixanib,Autoimmune,2024-Q1,Fatigue,False,Moderate,Physician,GB,18-44,1
DRG011,Relixanib,Autoimmune,2024-Q1,Nausea,False,Serious,Other,FR,65-74,1
DRG011,Relixanib,Autoimmune,2024-Q1,Infection,False,Mild,Consumer,US,75+,1
DRG011,Relixanib,Autoimmune,2024-Q1,Nausea,False,Moderate,Other,GB,75+,1
DRG011,Relixanib,Autoimmune,2024-Q1,Headache,False,Serious,Consumer,US,45-64,1
DRG011,Relixanib,Autoimmune,2024-Q1,Pyrexia,False,Moderate,Physician,JP,45-64,1
DRG011,Relixanib,Autoimmune,2024-Q1,Nausea,False,Critical,Physician,US,75+,1
DRG011,Relixanib,Autoimmune,2024-Q1,Headache,False,Moderate,Physician,CA,65-74,1
DRG011,Relixanib,Autoimmune,2024-Q1,Pyrexia,False,Mild,Other,US,45-64,1
DRG011,Relixanib,Autoimmune,2024-Q1,Nausea,False,Moderate,Pharmacist,US,18-44,1
DRG011,Relixanib,Autoimmune,2024-Q1,Fatigue,False,Mild,Consumer,GB,18-44,1
DRG011,Relixanib,Autoimmune,2024-Q1,Infection,False,Moderate,Other,US,45-64,1
DRG011,Relixanib,Autoimmune,2024-Q1,Arthralgia,False,Moderate,Physician,US,65-74,1
DRG011,Relixanib,Autoimmune,2024-Q1,Infection,False,Moderate,Consumer,DE,45-64,1
DRG011,Relixanib,Autoimmune,2024-Q1,Pyrexia,False,Moderate,Pharmacist,US,65-74,1
DRG011,Relixanib,Autoimmune,2024-Q1,Headache,False,Moderate,Physician,US,45-64,1
DRG011,Relixanib,Autoimmune,2024-Q1,Nausea,False,Moderate,Consumer,US,65-74,1
DRG011,Relixanib,Autoimmune,2024-Q1,Pyrexia,False,Serious,Pharmacist,US,65-74,1
DRG011,Relixanib,Autoimmune,2024-Q1,Pyrexia,False,Mild,Physician,CA,45-64,1
DRG011,Relixanib,Autoimmune,2024-Q1,Pyrexia,False,Moderate,Physician,US,65-74,1
DRG011,Relixanib,Autoimmune,2024-Q1,Headache,False,Mild,Pharmacist,FR,65-74,1
DRG011,Relixanib,Autoimmune,2024-Q1,Headache,False,Serious,Physician,DE,45-64,1
DRG011,Relixanib,Autoimmune,2024-Q1,Arthralgia,False,Moderate,Pharmacist,DE,18-44,1
DRG011,Relixanib,Autoimmune,2024-Q1,Nausea,False,Moderate,Consumer,CA,75+,1
DRG011,Relixanib,Autoimmune,2024-Q1,Headache,False,Serious,Consumer,FR,45-64,1
DRG011,Relixanib,Autoimmune,2024-Q1,Arthralgia,False,Critical,Pharmacist,JP,65-74,1
DRG011,Relixanib,Autoimmune,2024-Q1,Arthralgia,False,Mild,Consumer,US,45-64,1
DRG011,Relixanib,Autoimmune,2024-Q1,Pyrexia,False,Moderate,Consumer,DE,65-74,1
DRG011,Relixanib,Autoimmune,2024-Q1,Arthralgia,False,Mild,Pharmacist,US,65-74,1
DRG011,Relixanib,Autoimmune,2024-Q1,Infection,False,Critical,Consumer,US,75+,1
DRG011,Relixanib,Autoimmune,2024-Q1,Fatigue,False,Moderate,Pharmacist,FR,45-64,1
DRG011,Relixanib,Autoimmune,2024-Q1,Pyrexia,False,Critical,Other,CA,45-64,1
DRG011,Relixanib,Autoimmune,2024-Q1,Pyrexia,False,Mild,Pharmacist,FR,75+,1
DRG011,Relixanib,Autoimmune,2024-Q1,Infection,False,Moderate,Pharmacist,GB,65-74,1
DRG011,Relixanib,Autoimmune,2024-Q1,Fatigue,False,Mild,Physician,CA,45-64,1
DRG011,Relixanib,Autoimmune,2024-Q1,Fatigue,False,Mild,Other,US,45-64,1
DRG011,Relixanib,Autoimmune,2024-Q1,Headache,False,Mild,Pharmacist,CA,18-44,1
DRG011,Relixanib,Autoimmune,2024-Q1,Headache,False,Critical,Physician,CA,45-64,1
DRG011,Relixanib,Autoimmune,2024-Q1,Rash,False,Mild,Pharmacist,CA,18-44,1
DRG011,Relixanib,Autoimmune,2024-Q1,Arthralgia,False,Moderate,Other,DE,18-44,1
DRG011,Relixanib,Autoimmune,2024-Q1,Headache,False,Critical,Consumer,US,75+,1
DRG011,Relixanib,Autoimmune,2024-Q1,Headache,False,Mild,Physician,GB,45-64,1
DRG011,Relixanib,Autoimmune,2024-Q1,Fatigue,False,Moderate,Consumer,US,18-44,1
DRG011,Relixanib,Autoimmune,2024-Q1,Pyrexia,False,Moderate,Pharmacist,US,75+,1
DRG011,Relixanib,Autoimmune,2024-Q1,Headache,False,Serious,Physician,DE,18-44,1
DRG011,Relixanib,Autoimmune,2024-Q1,Arthralgia,False,Moderate,Other,US,75+,1
DRG011,Relixanib,Autoimmune,2024-Q1,Fatigue,False,Mild,Pharmacist,US,45-64,1
DRG011,Relixanib,Autoimmune,2024-Q1,Headache,False,Mild,Physician,US,75+,1
DRG011,Relixanib,Autoimmune,2024-Q1,Fatigue,False,Mild,Pharmacist,GB,45-64,1
DRG011,Relixanib,Autoimmune,2024-Q1,Fatigue,False,Serious,Pharmacist,US,45-64,1
DRG011,Relixanib,Autoimmune,2024-Q1,Arthralgia,False,Critical,Physician,US,45-64,1
DRG011,Relixanib,Autoimmune,2024-Q1,Infection,False,Mild,Physician,US,65-74,1
DRG011,Relixanib,Autoimmune,2024-Q1,Pyrexia,False,Mild,Consumer,FR,18-44,1
DRG011,Relixanib,Autoimmune,2024-Q1,Fatigue,False,Mild,Pharmacist,JP,45-64,1
DRG011,Relixanib,Autoimmune,2024-Q1,Arthralgia,False,Mild,Consumer,JP,65-74,1
DRG011,Relixanib,Autoimmune,2024-Q1,Infection,False,Mild,Consumer,GB,45-64,1
DRG011,Relixanib,Autoimmune,2024-Q1,Pyrexia,False,Critical,Consumer,FR,45-64,1
DRG011,Relixanib,Autoimmune,2024-Q1,Arthralgia,False,Serious,Pharmacist,US,65-74,1
DRG011,Relixanib,Autoimmune,2024-Q1,Nausea,False,Mild,Physician,JP,75+,1
DRG011,Relixanib,Autoimmune,2024-Q1,Headache,False,Mild,Physician,US,45-64,1
DRG011,Relixanib,Autoimmune,2024-Q1,Infection,False,Mild,Physician,CA,45-64,1
DRG011,Relixanib,Autoimmune,2024-Q1,Nausea,False,Mild,Other,US,18-44,1
DRG011,Relixanib,Autoimmune,2024-Q1,Pyrexia,False,Mild,Physician,US,75+,1
DRG011,Relixanib,Autoimmune,2024-Q1,Nausea,False,Serious,Other,FR,45-64,1
DRG011,Relixanib,Autoimmune,2024-Q1,Headache,False,Moderate,Physician,DE,65-74,1
DRG011,Relixanib,Autoimmune,2024-Q1,Rash,False,Serious,Pharmacist,GB,45-64,1
DRG011,Relixanib,Autoimmune,2024-Q1,Fatigue,False,Critical,Physician,US,65-74,1
DRG012,Omnivectin,Autoimmune,2023-Q2,Pyrexia,False,Mild,Physician,US,45-64,5
DRG012,Omnivectin,Autoimmune,2023-Q2,Headache,False,Mild,Physician,US,45-64,4
DRG012,Omnivectin,Autoimmune,2023-Q2,Headache,False,Moderate,Physician,US,75+,3
DRG012,Omnivectin,Autoimmune,2023-Q2,Infection,False,Mild,Consumer,US,65-74,3
DRG012,Omnivectin,Autoimmune,2023-Q2,Nausea,False,Mild,Physician,US,65-74,3
DRG012,Omnivectin,Autoimmune,2023-Q2,Infection,False,Mild,Physician,US,65-74,3
DRG012,Omnivectin,Autoimmune,2023-Q2,Infection,False,Mild,Pharmacist,US,18-44,2
DRG012,Omnivectin,Autoimmune,2023-Q2,Infection,False,Mild,Consumer,US,45-64,2
DRG012,Omnivectin,Autoimmune,2023-Q2,Pyrexia,False,Moderate,Consumer,US,45-64,2
DRG012,Omnivectin,Autoimmune,2023-Q2,Fatigue,False,Mild,Physician,US,65-74,2
DRG012,Omnivectin,Autoimmune,2023-Q2,Arthralgia,False,Mild,Physician,US,18-44,2
DRG012,Omnivectin,Autoimmune,2023-Q2,Rash,False,Mild,Physician,US,65-74,2
DRG012,Omnivectin,Autoimmune,2023-Q2,Infection,False,Moderate,Physician,US,45-64,2
DRG012,Omnivectin,Autoimmune,2023-Q2,Pyrexia,False,Mild,Consumer,US,45-64,2
DRG012,Omnivectin,Autoimmune,2023-Q2,Rash,False,Mild,Other,US,45-64,2
DRG012,Omnivectin,Autoimmune,2023-Q2,Arthralgia,False,Moderate,Physician,US,65-74,2
DRG012,Omnivectin,Autoimmune,2023-Q2,Headache,False,Moderate,Consumer,US,65-74,2
DRG012,Omnivectin,Autoimmune,2023-Q2,Headache,False,Moderate,Pharmacist,US,65-74,2
DRG012,Omnivectin,Autoimmune,2023-Q2,Fatigue,False,Serious,Other,US,65-74,2
DRG012,Omnivectin,Autoimmune,2023-Q2,Fatigue,False,Mild,Physician,US,45-64,2
DRG012,Omnivectin,Autoimmune,2023-Q2,Pyrexia,False,Serious,Other,JP,65-74,1
DRG012,Omnivectin,Autoimmune,2023-Q2,Arthralgia,False,Critical,Physician,GB,65-74,1
DRG012,Omnivectin,Autoimmune,2023-Q2,Rash,False,Mild,Consumer,US,18-44,1
DRG012,Omnivectin,Autoimmune,2023-Q2,Infection,False,Mild,Physician,US,18-44,1
DRG012,Omnivectin,Autoimmune,2023-Q2,Rash,False,Serious,Pharmacist,DE,18-44,1
DRG012,Omnivectin,Autoimmune,2023-Q2,Infection,False,Moderate,Physician,US,65-74,1
DRG012,Omnivectin,Autoimmune,2023-Q2,Rash,False,Serious,Consumer,GB,18-44,1
DRG012,Omnivectin,Autoimmune,2023-Q2,Infection,False,Moderate,Pharmacist,DE,65-74,1
DRG012,Omnivectin,Autoimmune,2023-Q2,Pyrexia,False,Serious,Physician,FR,45-64,1
DRG012,Omnivectin,Autoimmune,2023-Q2,Headache,False,Mild,Consumer,JP,45-64,1
DRG012,Omnivectin,Autoimmune,2023-Q2,Pyrexia,False,Moderate,Pharmacist,DE,45-64,1
DRG012,Omnivectin,Autoimmune,2023-Q2,Nausea,False,Moderate,Physician,US,65-74,1
DRG012,Omnivectin,Autoimmune,2023-Q2,Nausea,False,Moderate,Consumer,FR,65-74,1
DRG012,Omnivectin,Autoimmune,2023-Q2,Pyrexia,False,Moderate,Other,US,18-44,1
DRG012,Omnivectin,Autoimmune,2023-Q2,Infection,False,Moderate,Physician,DE,45-64,1
DRG012,Omnivectin,Autoimmune,2023-Q2,Rash,False,Mild,Consumer,GB,45-64,1
DRG012,Omnivectin,Autoimmune,2023-Q2,Arthralgia,False,Mild,Consumer,FR,65-74,1
DRG012,Omnivectin,Autoimmune,2023-Q2,Fatigue,False,Critical,Consumer,FR,18-44,1
DRG012,Omnivectin,Autoimmune,2023-Q2,Infection,False,Mild,Physician,US,75+,1
DRG012,Omnivectin,Autoimmune,2023-Q2,Arthralgia,False,Serious,Other,CA,18-44,1
DRG012,Omnivectin,Autoimmune,2023-Q2,Fatigue,False,Moderate,Pharmacist,US,65-74,1
DRG012,Omnivectin,Autoimmune,2023-Q2,Headache,False,Moderate,Consumer,JP,75+,1
DRG012,Omnivectin,Autoimmune,2023-Q2,Pyrexia,False,Moderate,Physician,DE,75+,1
DRG012,Omnivectin,Autoimmune,2023-Q2,Headache,False,Mild,Consumer,DE,65-74,1
DRG012,Omnivectin,Autoimmune,2023-Q2,Arthralgia,False,Mild,Physician,CA,75+,1
DRG012,Omnivectin,Autoimmune,2023-Q2,Fatigue,False,Critical,Consumer,DE,45-64,1
DRG012,Omnivectin,Autoimmune,2023-Q2,Arthralgia,False,Moderate,Consumer,GB,45-64,1
DRG012,Omnivectin,Autoimmune,2023-Q2,Infection,False,Mild,Physician,US,45-64,1
DRG012,Omnivectin,Autoimmune,2023-Q2,Pyrexia,False,Mild,Consumer,JP,75+,1
DRG012,Omnivectin,Autoimmune,2023-Q2,Rash,False,Moderate,Consumer,US,45-64,1
DRG012,Omnivectin,Autoimmune,2023-Q2,Headache,False,Critical,Pharmacist,CA,65-74,1
DRG012,Omnivectin,Autoimmune,2023-Q2,Rash,False,Mild,Physician,FR,65-74,1
DRG012,Omnivectin,Autoimmune,2023-Q2,Nausea,False,Critical,Other,US,75+,1
DRG012,Omnivectin,Autoimmune,2023-Q2,Nausea,False,Mild,Physician,CA,45-64,1
DRG012,Omnivectin,Autoimmune,2023-Q2,Infection,False,Critical,Physician,CA,45-64,1
DRG012,Omnivectin,Autoimmune,2023-Q2,Pyrexia,False,Mild,Consumer,US,18-44,1
DRG012,Omnivectin,Autoimmune,2023-Q2,Headache,False,Mild,Physician,CA,75+,1
DRG012,Omnivectin,Autoimmune,2023-Q2,Arthralgia,False,Critical,Physician,DE,45-64,1
DRG012,Omnivectin,Autoimmune,2023-Q2,Headache,False,Serious,Physician,US,45-64,1
DRG012,Omnivectin,Autoimmune,2023-Q2,Rash,False,Moderate,Physician,CA,18-44,1
DRG012,Omnivectin,Autoimmune,2023-Q2,Infection,False,Serious,Pharmacist,US,65-74,1
DRG012,Omnivectin,Autoimmune,2023-Q2,Headache,False,Serious,Pharmacist,US,45-64,1
DRG012,Omnivectin,Autoimmune,2023-Q2,Rash,False,Mild,Physician,US,18-44,1
DRG012,Omnivectin,Autoimmune,2023-Q2,Rash,False,Mild,Pharmacist,CA,65-74,1
DRG012,Omnivectin,Autoimmune,2023-Q2,Rash,False,Critical,Physician,US,18-44,1
DRG012,Omnivectin,Autoimmune,2023-Q2,Fatigue,False,Mild,Pharmacist,US,45-64,1
DRG012,Omnivectin,Autoimmune,2023-Q2,Fatigue,False,Serious,Consumer,DE,18-44,1
DRG012,Omnivectin,Autoimmune,2023-Q2,Rash,False,Moderate,Physician,US,65-74,1
DRG012,Omnivectin,Autoimmune,2023-Q2,Infection,False,Serious,Pharmacist,US,45-64,1
DRG012,Omnivectin,Autoimmune,2023-Q2,Infection,False,Mild,Pharmacist,GB,45-64,1
DRG012,Omnivectin,Autoimmune,2023-Q2,Fatigue,False,Moderate,Pharmacist,US,75+,1
DRG012,Omnivectin,Autoimmune,2023-Q2,Nausea,False,Moderate,Physician,CA,75+,1
DRG012,Omnivectin,Autoimmune,2023-Q2,Nausea,False,Mild,Consumer,US,18-44,1
DRG012,Omnivectin,Autoimmune,2023-Q2,Fatigue,False,Mild,Pharmacist,US,75+,1
DRG012,Omnivectin,Autoimmune,2023-Q2,Rash,False,Critical,Physician,JP,65-74,1
DRG012,Omnivectin,Autoimmune,2023-Q2,Arthralgia,False,Mild,Physician,GB,65-74,1
DRG012,Omnivectin,Autoimmune,2023-Q2,Infection,False,Serious,Consumer,US,65-74,1
DRG012,Omnivectin,Autoimmune,2023-Q2,Rash,False,Serious,Other,US,45-64,1
DRG012,Omnivectin,Autoimmune,2023-Q2,Fatigue,False,Critical,Physician,FR,75+,1
DRG012,Omnivectin,Autoimmune,2023-Q2,Headache,False,Serious,Consumer,FR,65-74,1
DRG012,Omnivectin,Autoimmune,2023-Q2,Infection,False,Moderate,Pharmacist,FR,45-64,1
DRG012,Omnivectin,Autoimmune,2023-Q2,Pyrexia,False,Moderate,Physician,DE,45-64,1
DRG012,Omnivectin,Autoimmune,2023-Q2,Infection,False,Mild,Physician,JP,45-64,1
DRG012,Omnivectin,Autoimmune,2023-Q2,Rash,False,Mild,Consumer,DE,45-64,1
DRG012,Omnivectin,Autoimmune,2023-Q2,Pyrexia,False,Moderate,Other,DE,45-64,1
DRG012,Omnivectin,Autoimmune,2023-Q2,Arthralgia,False,Mild,Physician,DE,45-64,1
DRG012,Omnivectin,Autoimmune,2023-Q2,Arthralgia,False,Mild,Pharmacist,US,18-44,1
DRG012,Omnivectin,Autoimmune,2023-Q2,Arthralgia,False,Moderate,Consumer,JP,45-64,1
DRG012,Omnivectin,Autoimmune,2023-Q2,Pyrexia,False,Mild,Pharmacist,US,75+,1
DRG012,Omnivectin,Autoimmune,2023-Q2,Pyrexia,False,Moderate,Physician,US,75+,1
DRG012,Omnivectin,Autoimmune,2023-Q2,Rash,False,Serious,Physician,US,45-64,1
DRG012,Omnivectin,Autoimmune,2023-Q2,Fatigue,False,Moderate,Physician,GB,65-74,1
DRG012,Omnivectin,Autoimmune,2023-Q2,Arthralgia,False,Moderate,Consumer,US,18-44,1
DRG012,Omnivectin,Autoimmune,2023-Q2,Fatigue,False,Critical,Consumer,GB,45-64,1
DRG012,Omnivectin,Autoimmune,2023-Q2,Pyrexia,False,Moderate,Consumer,JP,65-74,1
DRG012,Omnivectin,Autoimmune,2023-Q2,Pyrexia,False,Mild,Physician,GB,45-64,1
DRG012,Omnivectin,Autoimmune,2023-Q2,Rash,False,Mild,Pharmacist,US,18-44,1
DRG012,Omnivectin,Autoimmune,2023-Q2,Headache,False,Serious,Physician,US,75+,1
DRG012,Omnivectin,Autoimmune,2023-Q2,Headache,False,Serious,Physician,JP,65-74,1
DRG012,Omnivectin,Autoimmune,2023-Q2,Fatigue,False,Serious,Physician,US,75+,1
DRG012,Omnivectin,Autoimmune,2023-Q2,Pyrexia,False,Serious,Physician,US,18-44,1
DRG012,Omnivectin,Autoimmune,2023-Q2,Pyrexia,False,Moderate,Physician,DE,65-74,1
DRG012,Omnivectin,Autoimmune,2023-Q2,Arthralgia,False,Serious,Physician,DE,45-64,1
DRG012,Omnivectin,Autoimmune,2023-Q2,Fatigue,False,Mild,Physician,DE,75+,1
DRG012,Omnivectin,Autoimmune,2023-Q2,Rash,False,Moderate,Physician,DE,65-74,1
DRG012,Omnivectin,Autoimmune,2023-Q2,Headache,False,Moderate,Consumer,FR,45-64,1
DRG012,Omnivectin,Autoimmune,2023-Q2,Nausea,False,Serious,Pharmacist,US,18-44,1
DRG012,Omnivectin,Autoimmune,2023-Q2,Pyrexia,False,Mild,Physician,US,75+,1
DRG012,Omnivectin,Autoimmune,2023-Q2,Arthralgia,False,Mild,Other,US,18-44,1
DRG012,Omnivectin,Autoimmune,2023-Q2,Infection,False,Critical,Physician,GB,45-64,1
DRG012,Omnivectin,Autoimmune,2023-Q2,Pyrexia,False,Mild,Pharmacist,JP,45-64,1
DRG012,Omnivectin,Autoimmune,2023-Q2,Fatigue,False,Mild,Pharmacist,FR,45-64,1
DRG012,Omnivectin,Autoimmune,2023-Q2,Fatigue,False,Critical,Physician,US,45-64,1
DRG012,Omnivectin,Autoimmune,2023-Q2,Nausea,False,Serious,Other,DE,45-64,1
DRG012,Omnivectin,Autoimmune,2023-Q2,Arthralgia,False,Moderate,Physician,JP,18-44,1
DRG012,Omnivectin,Autoimmune,2023-Q2,Nausea,False,Moderate,Consumer,GB,18-44,1
DRG012,Omnivectin,Autoimmune,2023-Q2,Pyrexia,False,Mild,Other,US,75+,1
DRG012,Omnivectin,Autoimmune,2023-Q2,Rash,False,Mild,Physician,US,45-64,1
DRG012,Omnivectin,Autoimmune,2023-Q2,Rash,False,Moderate,Pharmacist,US,18-44,1
DRG012,Omnivectin,Autoimmune,2023-Q2,Nausea,False,Serious,Pharmacist,US,45-64,1
DRG012,Omnivectin,Autoimmune,2023-Q2,Infection,False,Moderate,Pharmacist,US,75+,1
DRG012,Omnivectin,Autoimmune,2023-Q2,Rash,False,Mild,Consumer,US,75+,1
DRG012,Omnivectin,Autoimmune,2023-Q2,Nausea,False,Serious,Consumer,GB,65-74,1
DRG012,Omnivectin,Autoimmune,2023-Q2,Arthralgia,False,Serious,Consumer,US,45-64,1
DRG012,Omnivectin,Autoimmune,2023-Q2,Headache,False,Moderate,Physician,JP,18-44,1
DRG012,Omnivectin,Autoimmune,2023-Q2,Fatigue,False,Moderate,Physician,US,65-74,1
DRG012,Omnivectin,Autoimmune,2023-Q2,Pyrexia,False,Moderate,Consumer,US,65-74,1
DRG012,Omnivectin,Autoimmune,2023-Q2,Headache,False,Mild,Consumer,CA,65-74,1
DRG012,Omnivectin,Autoimmune,2023-Q2,Arthralgia,False,Mild,Pharmacist,US,65-74,1
DRG012,Omnivectin,Autoimmune,2023-Q2,Pyrexia,False,Moderate,Consumer,US,18-44,1
DRG012,Omnivectin,Autoimmune,2023-Q2,Arthralgia,False,Serious,Consumer,JP,45-64,1
DRG012,Omnivectin,Autoimmune,2023-Q2,Headache,False,Mild,Pharmacist,US,18-44,1
DRG012,Omnivectin,Autoimmune,2023-Q2,Fatigue,False,Mild,Physician,DE,18-44,1
DRG012,Omnivectin,Autoimmune,2023-Q2,Pyrexia,False,Mild,Consumer,CA,45-64,1
DRG012,Omnivectin,Autoimmune,2023-Q2,Infection,False,Mild,Pharmacist,US,45-64,1
DRG012,Omnivectin,Autoimmune,2023-Q2,Pyrexia,False,Critical,Physician,CA,45-64,1
DRG012,Omnivectin,Autoimmune,2023-Q2,Infection,False,Mild,Physician,CA,65-74,1
DRG012,Omnivectin,Autoimmune,2023-Q2,Infection,False,Mild,Physician,GB,18-44,1
DRG012,Omnivectin,Autoimmune,2023-Q2,Arthralgia,False,Critical,Other,JP,65-74,1
DRG012,Omnivectin,Autoimmune,2023-Q2,Headache,False,Critical,Pharmacist,US,75+,1
DRG012,Omnivectin,Autoimmune,2023-Q2,Infection,False,Moderate,Consumer,GB,65-74,1
DRG012,Omnivectin,Autoimmune,2023-Q2,Arthralgia,False,Moderate,Physician,JP,65-74,1
DRG012,Omnivectin,Autoimmune,2023-Q2,Arthralgia,False,Critical,Physician,US,75+,1
DRG012,Omnivectin,Autoimmune,2023-Q2,Nausea,False,Moderate,Consumer,US,65-74,1
DRG012,Omnivectin,Autoimmune,2023-Q2,Arthralgia,False,Moderate,Consumer,US,65-74,1
DRG012,Omnivectin,Autoimmune,2023-Q2,Infection,False,Moderate,Pharmacist,JP,18-44,1
DRG012,Omnivectin,Autoimmune,2023-Q2,Rash,False,Moderate,Other,FR,45-64,1
DRG012,Omnivectin,Autoimmune,2023-Q2,Rash,False,Serious,Physician,US,18-44,1
DRG012,Omnivectin,Autoimmune,2023-Q2,Nausea,False,Serious,Pharmacist,US,65-74,1
DRG012,Omnivectin,Autoimmune,2023-Q2,Rash,False,Mild,Consumer,US,45-64,1
DRG012,Omnivectin,Autoimmune,2023-Q2,Nausea,False,Moderate,Physician,US,75+,1
DRG012,Omnivectin,Autoimmune,2023-Q2,Pyrexia,False,Mild,Consumer,DE,65-74,1
DRG012,Omnivectin,Autoimmune,2023-Q2,Rash,False,Critical,Physician,DE,65-74,1
DRG012,Omnivectin,Autoimmune,2023-Q2,Arthralgia,False,Moderate,Other,US,45-64,1
DRG012,Omnivectin,Autoimmune,2023-Q2,Rash,False,Mild,Pharmacist,US,45-64,1
DRG012,Omnivectin,Autoimmune,2023-Q2,Nausea,False,Mild,Consumer,CA,45-64,1
DRG012,Omnivectin,Autoimmune,2023-Q2,Nausea,False,Moderate,Consumer,CA,45-64,1
DRG012,Omnivectin,Autoimmune,2023-Q2,Rash,False,Moderate,Pharmacist,JP,75+,1
DRG012,Omnivectin,Autoimmune,2023-Q2,Infection,False,Mild,Consumer,FR,75+,1
DRG012,Omnivectin,Autoimmune,2023-Q2,Infection,False,Moderate,Consumer,US,18-44,1
DRG012,Omnivectin,Autoimmune,2023-Q2,Fatigue,False,Moderate,Consumer,DE,18-44,1
DRG012,Omnivectin,Autoimmune,2023-Q2,Headache,False,Mild,Pharmacist,CA,75+,1
DRG012,Omnivectin,Autoimmune,2023-Q2,Nausea,False,Mild,Physician,US,18-44,1
DRG012,Omnivectin,Autoimmune,2023-Q2,Headache,False,Mild,Consumer,US,75+,1
DRG012,Omnivectin,Autoimmune,2023-Q2,Pyrexia,False,Serious,Physician,US,75+,1
DRG012,Omnivectin,Autoimmune,2023-Q2,Arthralgia,False,Critical,Physician,JP,45-64,1
DRG012,Omnivectin,Autoimmune,2023-Q2,Fatigue,False,Moderate,Physician,FR,65-74,1
DRG012,Omnivectin,Autoimmune,2023-Q2,Rash,False,Mild,Consumer,CA,65-74,1
DRG012,Omnivectin,Autoimmune,2023-Q2,Nausea,False,Serious,Consumer,US,45-64,1
DRG012,Omnivectin,Autoimmune,2023-Q2,Headache,False,Mild,Other,US,18-44,1
DRG012,Omnivectin,Autoimmune,2023-Q2,Pyrexia,False,Moderate,Physician,GB,75+,1
DRG012,Omnivectin,Autoimmune,2023-Q2,Pyrexia,False,Moderate,Pharmacist,US,45-64,1
DRG012,Omnivectin,Autoimmune,2023-Q2,Arthralgia,False,Serious,Physician,DE,75+,1
DRG012,Omnivectin,Autoimmune,2023-Q2,Pyrexia,False,Moderate,Physician,GB,18-44,1
DRG012,Omnivectin,Autoimmune,2023-Q2,Nausea,False,Serious,Physician,US,45-64,1
DRG012,Omnivectin,Autoimmune,2023-Q2,Headache,False,Critical,Pharmacist,JP,65-74,1
DRG012,Omnivectin,Autoimmune,2023-Q2,Arthralgia,False,Mild,Consumer,JP,18-44,1
DRG012,Omnivectin,Autoimmune,2023-Q2,Pyrexia,False,Mild,Other,JP,65-74,1
DRG012,Omnivectin,Autoimmune,2023-Q2,Headache,False,Moderate,Consumer,DE,45-64,1
DRG012,Omnivectin,Autoimmune,2023-Q2,Infection,False,Mild,Physician,CA,45-64,1
DRG012,Omnivectin,Autoimmune,2023-Q2,Pyrexia,False,Serious,Physician,CA,65-74,1
DRG012,Omnivectin,Autoimmune,2023-Q2,Infection,False,Mild,Physician,FR,45-64,1
DRG012,Omnivectin,Autoimmune,2023-Q2,Pyrexia,False,Mild,Physician,FR,45-64,1
DRG012,Omnivectin,Autoimmune,2023-Q2,Fatigue,False,Critical,Consumer,US,45-64,1
DRG012,Omnivectin,Autoimmune,2023-Q2,Fatigue,False,Mild,Consumer,DE,45-64,1
DRG012,Omnivectin,Autoimmune,2023-Q2,Infection,False,Serious,Physician,US,18-44,1
DRG012,Omnivectin,Autoimmune,2023-Q2,Rash,False,Mild,Other,CA,65-74,1
DRG012,Omnivectin,Autoimmune,2023-Q2,Headache,False,Critical,Physician,CA,45-64,1
DRG012,Omnivectin,Autoimmune,2023-Q2,Fatigue,False,Mild,Pharmacist,FR,65-74,1
DRG012,Omnivectin,Autoimmune,2023-Q2,Pyrexia,False,Serious,Consumer,CA,45-64,1
DRG012,Omnivectin,Autoimmune,2023-Q2,Rash,False,Serious,Pharmacist,US,45-64,1
DRG012,Omnivectin,Autoimmune,2023-Q2,Headache,False,Moderate,Consumer,FR,75+,1
DRG012,Omnivectin,Autoimmune,2023-Q2,Pyrexia,False,Mild,Pharmacist,US,45-64,1
DRG012,Omnivectin,Autoimmune,2023-Q2,Rash,False,Serious,Consumer,GB,45-64,1
DRG012,Omnivectin,Autoimmune,2023-Q2,Fatigue,False,Critical,Consumer,US,18-44,1
DRG012,Omnivectin,Autoimmune,2023-Q2,Arthralgia,False,Critical,Physician,US,45-64,1
DRG012,Omnivectin,Autoimmune,2023-Q2,Infection,False,Mild,Consumer,DE,18-44,1
DRG012,Omnivectin,Autoimmune,2023-Q2,Nausea,False,Moderate,Pharmacist,GB,18-44,1
DRG012,Omnivectin,Autoimmune,2023-Q2,Arthralgia,False,Mild,Pharmacist,US,75+,1
DRG012,Omnivectin,Autoimmune,2023-Q2,Headache,False,Mild,Consumer,CA,45-64,1
DRG012,Omnivectin,Autoimmune,2023-Q2,Infection,False,Mild,Other,FR,45-64,1
DRG012,Omnivectin,Autoimmune,2023-Q2,Pyrexia,False,Mild,Other,US,45-64,1
DRG012,Omnivectin,Autoimmune,2023-Q2,Rash,False,Critical,Pharmacist,US,45-64,1
DRG012,Omnivectin,Autoimmune,2023-Q3,Headache,False,Mild,Physician,US,45-64,4
DRG012,Omnivectin,Autoimmune,2023-Q3,Arthralgia,False,Mild,Consumer,US,45-64,4
DRG012,Omnivectin,Autoimmune,2023-Q3,Pyrexia,False,Mild,Physician,US,45-64,4
DRG012,Omnivectin,Autoimmune,2023-Q3,Pyrexia,False,Moderate,Physician,US,45-64,3
DRG012,Omnivectin,Autoimmune,2023-Q3,Arthralgia,False,Moderate,Physician,US,18-44,3
DRG012,Omnivectin,Autoimmune,2023-Q3,Rash,False,Moderate,Pharmacist,US,65-74,3
DRG012,Omnivectin,Autoimmune,2023-Q3,Headache,False,Moderate,Pharmacist,US,45-64,2
DRG012,Omnivectin,Autoimmune,2023-Q3,Headache,False,Moderate,Physician,US,75+,2
DRG012,Omnivectin,Autoimmune,2023-Q3,Infection,False,Mild,Consumer,US,65-74,2
DRG012,Omnivectin,Autoimmune,2023-Q3,Nausea,False,Mild,Consumer,US,65-74,2
DRG012,Omnivectin,Autoimmune,2023-Q3,Infection,False,Mild,Consumer,US,75+,2
DRG012,Omnivectin,Autoimmune,2023-Q3,Infection,False,Moderate,Physician,US,65-74,2
DRG012,Omnivectin,Autoimmune,2023-Q3,Rash,False,Mild,Physician,US,65-74,2
DRG012,Omnivectin,Autoimmune,2023-Q3,Arthralgia,False,Serious,Physician,US,45-64,2
DRG012,Omnivectin,Autoimmune,2023-Q3,Infection,False,Mild,Physician,US,65-74,2
DRG012,Omnivectin,Autoimmune,2023-Q3,Rash,False,Mild,Physician,US,18-44,2
DRG012,Omnivectin,Autoimmune,2023-Q3,Pyrexia,False,Mild,Pharmacist,US,45-64,2
DRG012,Omnivectin,Autoimmune,2023-Q3,Infection,False,Mild,Physician,DE,75+,2
DRG012,Omnivectin,Autoimmune,2023-Q3,Pyrexia,False,Critical,Physician,JP,45-64,2
DRG012,Omnivectin,Autoimmune,2023-Q3,Pyrexia,False,Moderate,Physician,US,18-44,2
DRG012,Omnivectin,Autoimmune,2023-Q3,Headache,False,Mild,Consumer,US,65-74,2
DRG012,Omnivectin,Autoimmune,2023-Q3,Rash,False,Moderate,Pharmacist,US,45-64,2
DRG012,Omnivectin,Autoimmune,2023-Q3,Rash,False,Critical,Physician,US,65-74,2
DRG012,Omnivectin,Autoimmune,2023-Q3,Nausea,False,Mild,Other,US,45-64,2
DRG012,Omnivectin,Autoimmune,2023-Q3,Fatigue,False,Mild,Pharmacist,US,45-64,2
DRG012,Omnivectin,Autoimmune,2023-Q3,Headache,False,Mild,Consumer,US,45-64,2
DRG012,Omnivectin,Autoimmune,2023-Q3,Headache,False,Moderate,Physician,US,18-44,2
DRG012,Omnivectin,Autoimmune,2023-Q3,Arthralgia,False,Mild,Consumer,US,75+,2
DRG012,Omnivectin,Autoimmune,2023-Q3,Fatigue,False,Mild,Physician,US,75+,2
DRG012,Omnivectin,Autoimmune,2023-Q3,Headache,False,Mild,Consumer,JP,75+,1
DRG012,Omnivectin,Autoimmune,2023-Q3,Infection,False,Mild,Physician,GB,65-74,1
DRG012,Omnivectin,Autoimmune,2023-Q3,Infection,False,Mild,Pharmacist,GB,18-44,1
DRG012,Omnivectin,Autoimmune,2023-Q3,Infection,False,Moderate,Physician,US,75+,1
DRG012,Omnivectin,Autoimmune,2023-Q3,Rash,False,Moderate,Physician,GB,65-74,1
DRG012,Omnivectin,Autoimmune,2023-Q3,Headache,False,Moderate,Physician,CA,65-74,1
DRG012,Omnivectin,Autoimmune,2023-Q3,Arthralgia,False,Serious,Other,DE,45-64,1
DRG012,Omnivectin,Autoimmune,2023-Q3,Pyrexia,False,Critical,Other,US,75+,1
DRG012,Omnivectin,Autoimmune,2023-Q3,Nausea,False,Moderate,Physician,CA,65-74,1
DRG012,Omnivectin,Autoimmune,2023-Q3,Nausea,False,Moderate,Physician,JP,75+,1
DRG012,Omnivectin,Autoimmune,2023-Q3,Arthralgia,False,Serious,Pharmacist,US,65-74,1
DRG012,Omnivectin,Autoimmune,2023-Q3,Nausea,False,Critical,Consumer,US,65-74,1
DRG012,Omnivectin,Autoimmune,2023-Q3,Headache,False,Moderate,Physician,US,65-74,1
DRG012,Omnivectin,Autoimmune,2023-Q3,Rash,False,Moderate,Pharmacist,DE,45-64,1
DRG012,Omnivectin,Autoimmune,2023-Q3,Rash,False,Mild,Pharmacist,JP,45-64,1
DRG012,Omnivectin,Autoimmune,2023-Q3,Pyrexia,False,Moderate,Pharmacist,US,45-64,1
DRG012,Omnivectin,Autoimmune,2023-Q3,Headache,False,Moderate,Physician,US,45-64,1
DRG012,Omnivectin,Autoimmune,2023-Q3,Fatigue,False,Mild,Physician,GB,65-74,1
DRG012,Omnivectin,Autoimmune,2023-Q3,Pyrexia,False,Moderate,Physician,GB,75+,1
DRG012,Omnivectin,Autoimmune,2023-Q3,Infection,False,Critical,Physician,US,75+,1
DRG012,Omnivectin,Autoimmune,2023-Q3,Infection,False,Mild,Physician,US,45-64,1
DRG012,Omnivectin,Autoimmune,2023-Q3,Fatigue,False,Critical,Physician,CA,45-64,1
DRG012,Omnivectin,Autoimmune,2023-Q3,Arthralgia,False,Mild,Consumer,DE,18-44,1
DRG012,Omnivectin,Autoimmune,2023-Q3,Rash,False,Mild,Physician,CA,45-64,1
DRG012,Omnivectin,Autoimmune,2023-Q3,Fatigue,False,Critical,Other,JP,18-44,1
DRG012,Omnivectin,Autoimmune,2023-Q3,Pyrexia,False,Mild,Physician,CA,45-64,1
DRG012,Omnivectin,Autoimmune,2023-Q3,Infection,False,Serious,Physician,US,45-64,1
DRG012,Omnivectin,Autoimmune,2023-Q3,Pyrexia,False,Mild,Physician,US,18-44,1
DRG012,Omnivectin,Autoimmune,2023-Q3,Rash,False,Mild,Consumer,US,65-74,1
DRG012,Omnivectin,Autoimmune,2023-Q3,Rash,False,Moderate,Consumer,FR,75+,1
DRG012,Omnivectin,Autoimmune,2023-Q3,Rash,False,Critical,Physician,US,45-64,1
DRG012,Omnivectin,Autoimmune,2023-Q3,Pyrexia,False,Serious,Pharmacist,CA,18-44,1
DRG012,Omnivectin,Autoimmune,2023-Q3,Fatigue,False,Mild,Physician,FR,45-64,1
DRG012,Omnivectin,Autoimmune,2023-Q3,Arthralgia,False,Mild,Other,CA,45-64,1
DRG012,Omnivectin,Autoimmune,2023-Q3,Infection,False,Mild,Physician,FR,45-64,1
DRG012,Omnivectin,Autoimmune,2023-Q3,Arthralgia,False,Critical,Pharmacist,US,45-64,1
DRG012,Omnivectin,Autoimmune,2023-Q3,Rash,False,Serious,Physician,US,65-74,1
DRG012,Omnivectin,Autoimmune,2023-Q3,Arthralgia,False,Moderate,Consumer,CA,45-64,1
DRG012,Omnivectin,Autoimmune,2023-Q3,Fatigue,False,Critical,Consumer,US,65-74,1
DRG012,Omnivectin,Autoimmune,2023-Q3,Nausea,False,Mild,Consumer,US,75+,1
DRG012,Omnivectin,Autoimmune,2023-Q3,Infection,False,Mild,Physician,US,75+,1
DRG012,Omnivectin,Autoimmune,2023-Q3,Fatigue,False,Mild,Consumer,JP,45-64,1
DRG012,Omnivectin,Autoimmune,2023-Q3,Infection,False,Mild,Consumer,US,45-64,1
DRG012,Omnivectin,Autoimmune,2023-Q3,Rash,False,Moderate,Physician,US,65-74,1
DRG012,Omnivectin,Autoimmune,2023-Q3,Infection,False,Critical,Consumer,JP,65-74,1
DRG012,Omnivectin,Autoimmune,2023-Q3,Headache,False,Moderate,Physician,FR,65-74,1
DRG012,Omnivectin,Autoimmune,2023-Q3,Infection,False,Mild,Physician,GB,45-64,1
DRG012,Omnivectin,Autoimmune,2023-Q3,Fatigue,False,Mild,Consumer,DE,45-64,1
DRG012,Omnivectin,Autoimmune,2023-Q3,Rash,False,Moderate,Pharmacist,CA,45-64,1
DRG012,Omnivectin,Autoimmune,2023-Q3,Rash,False,Mild,Physician,US,45-64,1
DRG012,Omnivectin,Autoimmune,2023-Q3,Arthralgia,False,Serious,Physician,CA,65-74,1
DRG012,Omnivectin,Autoimmune,2023-Q3,Infection,False,Moderate,Pharmacist,US,45-64,1
DRG012,Omnivectin,Autoimmune,2023-Q3,Nausea,False,Critical,Physician,GB,45-64,1
DRG012,Omnivectin,Autoimmune,2023-Q3,Pyrexia,False,Serious,Pharmacist,US,45-64,1
DRG012,Omnivectin,Autoimmune,2023-Q3,Rash,False,Moderate,Consumer,US,75+,1
DRG012,Omnivectin,Autoimmune,2023-Q3,Infection,False,Serious,Physician,US,75+,1
DRG012,Omnivectin,Autoimmune,2023-Q3,Headache,False,Mild,Pharmacist,US,75+,1
DRG012,Omnivectin,Autoimmune,2023-Q3,Arthralgia,False,Mild,Pharmacist,US,65-74,1
DRG012,Omnivectin,Autoimmune,2023-Q3,Arthralgia,False,Mild,Pharmacist,CA,65-74,1
DRG012,Omnivectin,Autoimmune,2023-Q3,Fatigue,False,Moderate,Physician,US,45-64,1
DRG012,Omnivectin,Autoimmune,2023-Q3,Infection,False,Mild,Other,US,45-64,1
DRG012,Omnivectin,Autoimmune,2023-Q3,Nausea,False,Serious,Other,US,75+,1
DRG012,Omnivectin,Autoimmune,2023-Q3,Infection,False,Mild,Physician,CA,65-74,1
DRG012,Omnivectin,Autoimmune,2023-Q3,Headache,False,Mild,Other,US,75+,1
DRG012,Omnivectin,Autoimmune,2023-Q3,Arthralgia,False,Mild,Consumer,US,65-74,1
DRG012,Omnivectin,Autoimmune,2023-Q3,Nausea,False,Critical,Physician,US,45-64,1
DRG012,Omnivectin,Autoimmune,2023-Q3,Nausea,False,Mild,Consumer,US,45-64,1
DRG012,Omnivectin,Autoimmune,2023-Q3,Pyrexia,False,Mild,Pharmacist,US,18-44,1
DRG012,Omnivectin,Autoimmune,2023-Q3,Fatigue,False,Mild,Physician,US,45-64,1
DRG012,Omnivectin,Autoimmune,2023-Q3,Infection,False,Serious,Consumer,US,65-74,1
DRG012,Omnivectin,Autoimmune,2023-Q3,Headache,False,Moderate,Physician,FR,18-44,1
DRG012,Omnivectin,Autoimmune,2023-Q3,Infection,False,Mild,Physician,CA,75+,1
DRG012,Omnivectin,Autoimmune,2023-Q3,Fatigue,False,Moderate,Pharmacist,CA,45-64,1
DRG012,Omnivectin,Autoimmune,2023-Q3,Nausea,False,Moderate,Other,US,45-64,1
DRG012,Omnivectin,Autoimmune,2023-Q3,Rash,False,Moderate,Pharmacist,DE,65-74,1
DRG012,Omnivectin,Autoimmune,2023-Q3,Pyrexia,False,Critical,Physician,US,75+,1
DRG012,Omnivectin,Autoimmune,2023-Q3,Fatigue,False,Mild,Consumer,US,75+,1
DRG012,Omnivectin,Autoimmune,2023-Q3,Pyrexia,False,Moderate,Pharmacist,JP,65-74,1
DRG012,Omnivectin,Autoimmune,2023-Q3,Rash,False,Serious,Pharmacist,US,45-64,1
DRG012,Omnivectin,Autoimmune,2023-Q3,Rash,False,Mild,Pharmacist,GB,75+,1
DRG012,Omnivectin,Autoimmune,2023-Q3,Headache,False,Moderate,Consumer,FR,45-64,1
DRG012,Omnivectin,Autoimmune,2023-Q3,Fatigue,False,Moderate,Pharmacist,JP,45-64,1
DRG012,Omnivectin,Autoimmune,2023-Q3,Fatigue,False,Serious,Pharmacist,GB,45-64,1
DRG012,Omnivectin,Autoimmune,2023-Q3,Headache,False,Serious,Pharmacist,US,18-44,1
DRG012,Omnivectin,Autoimmune,2023-Q3,Nausea,False,Moderate,Consumer,US,45-64,1
DRG012,Omnivectin,Autoimmune,2023-Q3,Pyrexia,False,Mild,Physician,CA,75+,1
DRG012,Omnivectin,Autoimmune,2023-Q3,Infection,False,Mild,Physician,DE,45-64,1
DRG012,Omnivectin,Autoimmune,2023-Q3,Pyrexia,False,Moderate,Consumer,CA,75+,1
DRG012,Omnivectin,Autoimmune,2023-Q3,Nausea,False,Serious,Physician,US,65-74,1
DRG012,Omnivectin,Autoimmune,2023-Q3,Infection,False,Moderate,Pharmacist,CA,65-74,1
DRG012,Omnivectin,Autoimmune,2023-Q3,Pyrexia,False,Moderate,Consumer,US,65-74,1
DRG012,Omnivectin,Autoimmune,2023-Q3,Headache,False,Mild,Pharmacist,US,45-64,1
DRG012,Omnivectin,Autoimmune,2023-Q3,Pyrexia,False,Critical,Physician,US,18-44,1
DRG012,Omnivectin,Autoimmune,2023-Q3,Headache,False,Serious,Pharmacist,JP,45-64,1
DRG012,Omnivectin,Autoimmune,2023-Q3,Infection,False,Mild,Consumer,DE,18-44,1
DRG012,Omnivectin,Autoimmune,2023-Q3,Headache,False,Mild,Consumer,US,75+,1
DRG012,Omnivectin,Autoimmune,2023-Q3,Pyrexia,False,Mild,Consumer,US,18-44,1
DRG012,Omnivectin,Autoimmune,2023-Q3,Fatigue,False,Serious,Physician,US,18-44,1
DRG012,Omnivectin,Autoimmune,2023-Q3,Arthralgia,False,Mild,Physician,US,45-64,1
DRG012,Omnivectin,Autoimmune,2023-Q3,Fatigue,False,Mild,Other,US,75+,1
DRG012,Omnivectin,Autoimmune,2023-Q3,Fatigue,False,Serious,Consumer,JP,45-64,1
DRG012,Omnivectin,Autoimmune,2023-Q3,Nausea,False,Mild,Physician,US,18-44,1
DRG012,Omnivectin,Autoimmune,2023-Q3,Infection,False,Moderate,Consumer,JP,45-64,1
DRG012,Omnivectin,Autoimmune,2023-Q3,Rash,False,Critical,Consumer,GB,45-64,1
DRG012,Omnivectin,Autoimmune,2023-Q3,Infection,False,Moderate,Pharmacist,FR,45-64,1
DRG012,Omnivectin,Autoimmune,2023-Q3,Arthralgia,False,Critical,Pharmacist,US,65-74,1
DRG012,Omnivectin,Autoimmune,2023-Q3,Pyrexia,False,Moderate,Consumer,US,45-64,1
DRG012,Omnivectin,Autoimmune,2023-Q3,Headache,False,Mild,Consumer,FR,65-74,1
DRG012,Omnivectin,Autoimmune,2023-Q3,Headache,False,Mild,Consumer,DE,45-64,1
DRG012,Omnivectin,Autoimmune,2023-Q3,Rash,False,Mild,Other,JP,75+,1
DRG012,Omnivectin,Autoimmune,2023-Q3,Headache,False,Critical,Physician,US,45-64,1
DRG012,Omnivectin,Autoimmune,2023-Q3,Nausea,False,Moderate,Physician,GB,45-64,1
DRG012,Omnivectin,Autoimmune,2023-Q3,Fatigue,False,Moderate,Physician,US,65-74,1
DRG012,Omnivectin,Autoimmune,2023-Q3,Fatigue,False,Mild,Consumer,FR,45-64,1
DRG012,Omnivectin,Autoimmune,2023-Q3,Nausea,False,Mild,Physician,US,65-74,1
DRG012,Omnivectin,Autoimmune,2023-Q3,Fatigue,False,Mild,Consumer,DE,18-44,1
DRG012,Omnivectin,Autoimmune,2023-Q3,Infection,False,Mild,Consumer,JP,18-44,1
DRG012,Omnivectin,Autoimmune,2023-Q3,Pyrexia,False,Critical,Consumer,DE,45-64,1
DRG012,Omnivectin,Autoimmune,2023-Q3,Nausea,False,Mild,Physician,DE,45-64,1
DRG012,Omnivectin,Autoimmune,2023-Q3,Nausea,False,Mild,Consumer,GB,45-64,1
DRG012,Omnivectin,Autoimmune,2023-Q3,Rash,False,Mild,Consumer,DE,45-64,1
DRG012,Omnivectin,Autoimmune,2023-Q3,Infection,False,Serious,Physician,CA,65-74,1
DRG012,Omnivectin,Autoimmune,2023-Q3,Fatigue,False,Moderate,Physician,CA,45-64,1
DRG012,Omnivectin,Autoimmune,2023-Q3,Fatigue,False,Serious,Consumer,US,18-44,1
DRG012,Omnivectin,Autoimmune,2023-Q3,Fatigue,False,Mild,Physician,JP,75+,1
DRG012,Omnivectin,Autoimmune,2023-Q3,Fatigue,False,Moderate,Physician,JP,65-74,1
DRG012,Omnivectin,Autoimmune,2023-Q3,Arthralgia,False,Critical,Physician,FR,75+,1
DRG012,Omnivectin,Autoimmune,2023-Q3,Rash,False,Mild,Consumer,US,45-64,1
DRG012,Omnivectin,Autoimmune,2023-Q3,Rash,False,Moderate,Physician,FR,65-74,1
DRG012,Omnivectin,Autoimmune,2023-Q3,Arthralgia,False,Critical,Other,US,75+,1
DRG012,Omnivectin,Autoimmune,2023-Q3,Arthralgia,False,Moderate,Physician,GB,65-74,1
DRG012,Omnivectin,Autoimmune,2023-Q3,Infection,False,Moderate,Consumer,FR,18-44,1
DRG012,Omnivectin,Autoimmune,2023-Q3,Rash,False,Mild,Pharmacist,GB,45-64,1
DRG012,Omnivectin,Autoimmune,2023-Q3,Infection,False,Serious,Consumer,US,18-44,1
DRG012,Omnivectin,Autoimmune,2023-Q3,Pyrexia,False,Serious,Physician,DE,65-74,1
DRG012,Omnivectin,Autoimmune,2023-Q3,Pyrexia,False,Moderate,Physician,CA,75+,1
DRG012,Omnivectin,Autoimmune,2023-Q3,Arthralgia,False,Moderate,Consumer,FR,45-64,1
DRG012,Omnivectin,Autoimmune,2023-Q3,Nausea,False,Serious,Other,JP,45-64,1
DRG012,Omnivectin,Autoimmune,2023-Q3,Pyrexia,False,Moderate,Physician,GB,45-64,1
DRG012,Omnivectin,Autoimmune,2023-Q3,Infection,False,Critical,Physician,FR,65-74,1
DRG012,Omnivectin,Autoimmune,2023-Q3,Rash,False,Mild,Physician,US,75+,1
DRG012,Omnivectin,Autoimmune,2023-Q3,Pyrexia,False,Serious,Consumer,US,75+,1
DRG012,Omnivectin,Autoimmune,2023-Q3,Infection,False,Serious,Physician,GB,65-74,1
DRG012,Omnivectin,Autoimmune,2023-Q3,Arthralgia,False,Serious,Physician,GB,45-64,1
DRG012,Omnivectin,Autoimmune,2023-Q3,Pyrexia,False,Mild,Physician,GB,75+,1
DRG012,Omnivectin,Autoimmune,2023-Q3,Fatigue,False,Moderate,Pharmacist,GB,65-74,1
DRG012,Omnivectin,Autoimmune,2023-Q3,Headache,False,Mild,Physician,GB,65-74,1
DRG012,Omnivectin,Autoimmune,2023-Q3,Rash,False,Moderate,Consumer,GB,65-74,1
DRG012,Omnivectin,Autoimmune,2023-Q3,Arthralgia,False,Moderate,Pharmacist,FR,45-64,1
DRG012,Omnivectin,Autoimmune,2023-Q3,Pyrexia,False,Mild,Physician,US,65-74,1
DRG012,Omnivectin,Autoimmune,2023-Q3,Pyrexia,False,Moderate,Consumer,JP,45-64,1
DRG012,Omnivectin,Autoimmune,2023-Q3,Pyrexia,False,Mild,Consumer,GB,75+,1
DRG012,Omnivectin,Autoimmune,2023-Q3,Rash,False,Moderate,Consumer,US,45-64,1
DRG012,Omnivectin,Autoimmune,2023-Q3,Nausea,False,Moderate,Physician,FR,65-74,1
DRG012,Omnivectin,Autoimmune,2023-Q3,Arthralgia,False,Serious,Physician,US,65-74,1
DRG012,Omnivectin,Autoimmune,2023-Q3,Pyrexia,False,Serious,Physician,US,45-64,1
DRG012,Omnivectin,Autoimmune,2023-Q3,Rash,False,Critical,Pharmacist,US,65-74,1
DRG012,Omnivectin,Autoimmune,2023-Q3,Rash,False,Serious,Physician,FR,45-64,1
DRG012,Omnivectin,Autoimmune,2023-Q3,Infection,False,Moderate,Other,US,45-64,1
DRG012,Omnivectin,Autoimmune,2023-Q3,Arthralgia,False,Mild,Pharmacist,GB,75+,1
DRG012,Omnivectin,Autoimmune,2023-Q3,Fatigue,False,Mild,Physician,DE,65-74,1
DRG012,Omnivectin,Autoimmune,2023-Q3,Nausea,False,Moderate,Consumer,CA,45-64,1
DRG012,Omnivectin,Autoimmune,2023-Q3,Fatigue,False,Moderate,Pharmacist,US,45-64,1
DRG012,Omnivectin,Autoimmune,2023-Q3,Pyrexia,False,Moderate,Consumer,US,18-44,1
DRG012,Omnivectin,Autoimmune,2023-Q3,Headache,False,Serious,Physician,US,45-64,1
DRG012,Omnivectin,Autoimmune,2023-Q3,Headache,False,Mild,Physician,US,18-44,1
DRG012,Omnivectin,Autoimmune,2023-Q3,Nausea,False,Moderate,Physician,US,65-74,1
DRG012,Omnivectin,Autoimmune,2023-Q3,Nausea,False,Moderate,Pharmacist,GB,65-74,1
DRG012,Omnivectin,Autoimmune,2023-Q3,Pyrexia,False,Critical,Physician,US,65-74,1
DRG012,Omnivectin,Autoimmune,2023-Q3,Rash,False,Mild,Consumer,US,18-44,1
DRG012,Omnivectin,Autoimmune,2023-Q3,Fatigue,False,Serious,Consumer,GB,75+,1
DRG012,Omnivectin,Autoimmune,2023-Q3,Fatigue,False,Serious,Consumer,US,45-64,1
DRG012,Omnivectin,Autoimmune,2023-Q3,Fatigue,False,Mild,Other,US,45-64,1
DRG012,Omnivectin,Autoimmune,2023-Q3,Fatigue,False,Critical,Physician,GB,18-44,1
DRG012,Omnivectin,Autoimmune,2023-Q3,Nausea,False,Moderate,Physician,US,45-64,1
DRG012,Omnivectin,Autoimmune,2023-Q3,Pyrexia,False,Moderate,Other,US,45-64,1
DRG012,Omnivectin,Autoimmune,2023-Q3,Rash,False,Serious,Pharmacist,CA,18-44,1
DRG012,Omnivectin,Autoimmune,2023-Q3,Infection,False,Moderate,Consumer,US,18-44,1
DRG012,Omnivectin,Autoimmune,2023-Q3,Nausea,False,Mild,Consumer,DE,45-64,1
DRG012,Omnivectin,Autoimmune,2023-Q3,Nausea,False,Moderate,Physician,JP,18-44,1
DRG012,Omnivectin,Autoimmune,2023-Q4,Fatigue,False,Mild,Physician,US,65-74,5
DRG012,Omnivectin,Autoimmune,2023-Q4,Pyrexia,False,Moderate,Consumer,US,65-74,3
DRG012,Omnivectin,Autoimmune,2023-Q4,Rash,False,Moderate,Consumer,US,65-74,3
DRG012,Omnivectin,Autoimmune,2023-Q4,Pyrexia,False,Mild,Physician,US,45-64,3
DRG012,Omnivectin,Autoimmune,2023-Q4,Nausea,False,Mild,Physician,US,65-74,3
DRG012,Omnivectin,Autoimmune,2023-Q4,Rash,False,Serious,Consumer,US,45-64,3
DRG012,Omnivectin,Autoimmune,2023-Q4,Headache,False,Mild,Consumer,US,18-44,3
DRG012,Omnivectin,Autoimmune,2023-Q4,Headache,False,Mild,Consumer,US,65-74,2
DRG012,Omnivectin,Autoimmune,2023-Q4,Fatigue,False,Mild,Consumer,US,45-64,2
DRG012,Omnivectin,Autoimmune,2023-Q4,Fatigue,False,Mild,Consumer,CA,75+,2
DRG012,Omnivectin,Autoimmune,2023-Q4,Arthralgia,False,Serious,Consumer,US,65-74,2
DRG012,Omnivectin,Autoimmune,2023-Q4,Arthralgia,False,Mild,Consumer,US,45-64,2
DRG012,Omnivectin,Autoimmune,2023-Q4,Arthralgia,False,Moderate,Physician,US,45-64,2
DRG012,Omnivectin,Autoimmune,2023-Q4,Nausea,False,Moderate,Consumer,US,65-74,2
DRG012,Omnivectin,Autoimmune,2023-Q4,Rash,False,Serious,Physician,US,45-64,2
DRG012,Omnivectin,Autoimmune,2023-Q4,Pyrexia,False,Mild,Pharmacist,US,18-44,2
DRG012,Omnivectin,Autoimmune,2023-Q4,Headache,False,Serious,Physician,US,65-74,2
DRG012,Omnivectin,Autoimmune,2023-Q4,Fatigue,False,Serious,Consumer,US,18-44,2
DRG012,Omnivectin,Autoimmune,2023-Q4,Infection,False,Mild,Pharmacist,US,65-74,2
DRG012,Omnivectin,Autoimmune,2023-Q4,Pyrexia,False,Critical,Consumer,US,45-64,2
DRG012,Omnivectin,Autoimmune,2023-Q4,Headache,False,Moderate,Consumer,FR,45-64,2
DRG012,Omnivectin,Autoimmune,2023-Q4,Pyrexia,False,Mild,Physician,US,65-74,2
DRG012,Omnivectin,Autoimmune,2023-Q4,Infection,False,Moderate,Other,US,18-44,1
DRG012,Omnivectin,Autoimmune,2023-Q4,Nausea,False,Critical,Consumer,US,45-64,1
DRG012,Omnivectin,Autoimmune,2023-Q4,Pyrexia,False,Mild,Consumer,DE,65-74,1
DRG012,Omnivectin,Autoimmune,2023-Q4,Infection,False,Critical,Physician,US,75+,1
DRG012,Omnivectin,Autoimmune,2023-Q4,Fatigue,False,Moderate,Physician,FR,45-64,1
DRG012,Omnivectin,Autoimmune,2023-Q4,Fatigue,False,Moderate,Pharmacist,CA,75+,1
DRG012,Omnivectin,Autoimmune,2023-Q4,Arthralgia,False,Mild,Physician,CA,75+,1
DRG012,Omnivectin,Autoimmune,2023-Q4,Rash,False,Critical,Physician,GB,65-74,1
DRG012,Omnivectin,Autoimmune,2023-Q4,Nausea,False,Critical,Pharmacist,US,18-44,1
DRG012,Omnivectin,Autoimmune,2023-Q4,Fatigue,False,Critical,Physician,DE,45-64,1
DRG012,Omnivectin,Autoimmune,2023-Q4,Rash,False,Moderate,Other,FR,45-64,1
DRG012,Omnivectin,Autoimmune,2023-Q4,Rash,False,Critical,Pharmacist,GB,45-64,1
DRG012,Omnivectin,Autoimmune,2023-Q4,Headache,False,Serious,Pharmacist,CA,18-44,1
DRG012,Omnivectin,Autoimmune,2023-Q4,Fatigue,False,Mild,Consumer,US,65-74,1
DRG012,Omnivectin,Autoimmune,2023-Q4,Nausea,False,Mild,Consumer,US,65-74,1
DRG012,Omnivectin,Autoimmune,2023-Q4,Fatigue,False,Mild,Physician,CA,45-64,1
DRG012,Omnivectin,Autoimmune,2023-Q4,Arthralgia,False,Mild,Physician,JP,75+,1
DRG012,Omnivectin,Autoimmune,2023-Q4,Pyrexia,False,Moderate,Pharmacist,US,65-74,1
DRG012,Omnivectin,Autoimmune,2023-Q4,Nausea,False,Mild,Consumer,GB,75+,1
DRG012,Omnivectin,Autoimmune,2023-Q4,Rash,False,Critical,Consumer,US,65-74,1
DRG012,Omnivectin,Autoimmune,2023-Q4,Pyrexia,False,Moderate,Physician,FR,65-74,1
DRG012,Omnivectin,Autoimmune,2023-Q4,Arthralgia,False,Mild,Physician,GB,75+,1
DRG012,Omnivectin,Autoimmune,2023-Q4,Arthralgia,False,Critical,Physician,US,65-74,1
DRG012,Omnivectin,Autoimmune,2023-Q4,Arthralgia,False,Mild,Physician,US,45-64,1
DRG012,Omnivectin,Autoimmune,2023-Q4,Nausea,False,Moderate,Pharmacist,US,65-74,1
DRG012,Omnivectin,Autoimmune,2023-Q4,Headache,False,Moderate,Physician,GB,65-74,1
DRG012,Omnivectin,Autoimmune,2023-Q4,Headache,False,Critical,Consumer,DE,75+,1
DRG012,Omnivectin,Autoimmune,2023-Q4,Fatigue,False,Moderate,Physician,JP,18-44,1
DRG012,Omnivectin,Autoimmune,2023-Q4,Pyrexia,False,Serious,Physician,US,18-44,1
DRG012,Omnivectin,Autoimmune,2023-Q4,Infection,False,Mild,Consumer,US,65-74,1
DRG012,Omnivectin,Autoimmune,2023-Q4,Arthralgia,False,Moderate,Physician,US,75+,1
DRG012,Omnivectin,Autoimmune,2023-Q4,Nausea,False,Moderate,Physician,US,45-64,1
DRG012,Omnivectin,Autoimmune,2023-Q4,Arthralgia,False,Critical,Consumer,US,45-64,1
DRG012,Omnivectin,Autoimmune,2023-Q4,Headache,False,Mild,Physician,US,45-64,1
DRG012,Omnivectin,Autoimmune,2023-Q4,Fatigue,False,Serious,Physician,US,45-64,1
DRG012,Omnivectin,Autoimmune,2023-Q4,Pyrexia,False,Mild,Consumer,CA,65-74,1
DRG012,Omnivectin,Autoimmune,2023-Q4,Headache,False,Mild,Pharmacist,US,45-64,1
DRG012,Omnivectin,Autoimmune,2023-Q4,Pyrexia,False,Critical,Pharmacist,JP,45-64,1
DRG012,Omnivectin,Autoimmune,2023-Q4,Headache,False,Mild,Pharmacist,CA,75+,1
DRG012,Omnivectin,Autoimmune,2023-Q4,Fatigue,False,Mild,Pharmacist,US,65-74,1
DRG012,Omnivectin,Autoimmune,2023-Q4,Headache,False,Serious,Pharmacist,US,18-44,1
DRG012,Omnivectin,Autoimmune,2023-Q4,Pyrexia,False,Mild,Consumer,CA,45-64,1
DRG012,Omnivectin,Autoimmune,2023-Q4,Arthralgia,False,Moderate,Physician,JP,65-74,1
DRG012,Omnivectin,Autoimmune,2023-Q4,Rash,False,Mild,Physician,GB,45-64,1
DRG012,Omnivectin,Autoimmune,2023-Q4,Arthralgia,False,Serious,Other,GB,65-74,1
DRG012,Omnivectin,Autoimmune,2023-Q4,Nausea,False,Moderate,Pharmacist,US,45-64,1
DRG012,Omnivectin,Autoimmune,2023-Q4,Pyrexia,False,Mild,Consumer,JP,65-74,1
DRG012,Omnivectin,Autoimmune,2023-Q4,Rash,False,Mild,Pharmacist,US,18-44,1
DRG012,Omnivectin,Autoimmune,2023-Q4,Rash,False,Critical,Physician,CA,75+,1
DRG012,Omnivectin,Autoimmune,2023-Q4,Rash,False,Moderate,Physician,US,45-64,1
DRG012,Omnivectin,Autoimmune,2023-Q4,Fatigue,False,Serious,Physician,JP,18-44,1
DRG012,Omnivectin,Autoimmune,2023-Q4,Fatigue,False,Critical,Other,JP,65-74,1
DRG012,Omnivectin,Autoimmune,2023-Q4,Pyrexia,False,Moderate,Physician,US,65-74,1
DRG012,Omnivectin,Autoimmune,2023-Q4,Nausea,False,Moderate,Physician,US,75+,1
DRG012,Omnivectin,Autoimmune,2023-Q4,Rash,False,Mild,Pharmacist,JP,65-74,1
DRG012,Omnivectin,Autoimmune,2023-Q4,Infection,False,Moderate,Other,FR,45-64,1
DRG012,Omnivectin,Autoimmune,2023-Q4,Arthralgia,False,Moderate,Consumer,CA,45-64,1
DRG012,Omnivectin,Autoimmune,2023-Q4,Infection,False,Moderate,Physician,FR,75+,1
DRG012,Omnivectin,Autoimmune,2023-Q4,Arthralgia,False,Mild,Consumer,US,18-44,1
DRG012,Omnivectin,Autoimmune,2023-Q4,Infection,False,Mild,Physician,JP,18-44,1
DRG012,Omnivectin,Autoimmune,2023-Q4,Headache,False,Mild,Consumer,DE,75+,1
DRG012,Omnivectin,Autoimmune,2023-Q4,Headache,False,Mild,Consumer,FR,65-74,1
DRG012,Omnivectin,Autoimmune,2023-Q4,Headache,False,Mild,Consumer,GB,75+,1
DRG012,Omnivectin,Autoimmune,2023-Q4,Infection,False,Mild,Physician,FR,45-64,1
DRG012,Omnivectin,Autoimmune,2023-Q4,Headache,False,Serious,Other,US,45-64,1
DRG012,Omnivectin,Autoimmune,2023-Q4,Rash,False,Moderate,Physician,US,65-74,1
DRG012,Omnivectin,Autoimmune,2023-Q4,Headache,False,Mild,Physician,JP,18-44,1
DRG012,Omnivectin,Autoimmune,2023-Q4,Infection,False,Moderate,Other,US,65-74,1
DRG012,Omnivectin,Autoimmune,2023-Q4,Headache,False,Mild,Consumer,GB,45-64,1
DRG012,Omnivectin,Autoimmune,2023-Q4,Headache,False,Mild,Pharmacist,JP,75+,1
DRG012,Omnivectin,Autoimmune,2023-Q4,Pyrexia,False,Mild,Physician,GB,45-64,1
DRG012,Omnivectin,Autoimmune,2023-Q4,Infection,False,Moderate,Consumer,DE,18-44,1
DRG012,Omnivectin,Autoimmune,2023-Q4,Headache,False,Moderate,Consumer,GB,18-44,1
DRG012,Omnivectin,Autoimmune,2023-Q4,Rash,False,Moderate,Pharmacist,JP,75+,1
DRG012,Omnivectin,Autoimmune,2023-Q4,Infection,False,Moderate,Consumer,US,65-74,1
DRG012,Omnivectin,Autoimmune,2023-Q4,Fatigue,False,Mild,Other,US,75+,1
DRG012,Omnivectin,Autoimmune,2023-Q4,Pyrexia,False,Moderate,Other,US,75+,1
DRG012,Omnivectin,Autoimmune,2023-Q4,Infection,False,Mild,Other,US,75+,1
DRG012,Omnivectin,Autoimmune,2023-Q4,Nausea,False,Serious,Other,FR,75+,1
DRG012,Omnivectin,Autoimmune,2023-Q4,Rash,False,Mild,Pharmacist,DE,45-64,1
DRG012,Omnivectin,Autoimmune,2023-Q4,Infection,False,Moderate,Pharmacist,DE,65-74,1
DRG012,Omnivectin,Autoimmune,2023-Q4,Infection,False,Moderate,Other,US,45-64,1
DRG012,Omnivectin,Autoimmune,2023-Q4,Infection,False,Moderate,Physician,FR,45-64,1
DRG012,Omnivectin,Autoimmune,2023-Q4,Fatigue,False,Moderate,Consumer,US,65-74,1
DRG012,Omnivectin,Autoimmune,2023-Q4,Fatigue,False,Mild,Consumer,US,18-44,1
DRG012,Omnivectin,Autoimmune,2023-Q4,Fatigue,False,Moderate,Other,US,45-64,1
DRG012,Omnivectin,Autoimmune,2023-Q4,Pyrexia,False,Moderate,Consumer,GB,18-44,1
DRG012,Omnivectin,Autoimmune,2023-Q4,Nausea,False,Mild,Physician,US,18-44,1
DRG012,Omnivectin,Autoimmune,2023-Q4,Infection,False,Serious,Consumer,DE,65-74,1
DRG012,Omnivectin,Autoimmune,2023-Q4,Rash,False,Serious,Other,US,75+,1
DRG012,Omnivectin,Autoimmune,2023-Q4,Infection,False,Moderate,Physician,CA,45-64,1
DRG012,Omnivectin,Autoimmune,2023-Q4,Fatigue,False,Moderate,Physician,US,65-74,1
DRG012,Omnivectin,Autoimmune,2023-Q4,Arthralgia,False,Mild,Physician,US,65-74,1
DRG012,Omnivectin,Autoimmune,2023-Q4,Pyrexia,False,Mild,Consumer,US,75+,1
DRG012,Omnivectin,Autoimmune,2023-Q4,Pyrexia,False,Moderate,Consumer,US,45-64,1
DRG012,Omnivectin,Autoimmune,2023-Q4,Headache,False,Moderate,Pharmacist,JP,65-74,1
DRG012,Omnivectin,Autoimmune,2023-Q4,Headache,False,Critical,Physician,GB,45-64,1
DRG012,Omnivectin,Autoimmune,2023-Q4,Rash,False,Mild,Other,US,45-64,1
DRG012,Omnivectin,Autoimmune,2023-Q4,Infection,False,Moderate,Consumer,US,18-44,1
DRG012,Omnivectin,Autoimmune,2023-Q4,Arthralgia,False,Moderate,Other,US,45-64,1
DRG012,Omnivectin,Autoimmune,2023-Q4,Infection,False,Mild,Physician,US,45-64,1
DRG012,Omnivectin,Autoimmune,2023-Q4,Pyrexia,False,Serious,Consumer,US,45-64,1
DRG012,Omnivectin,Autoimmune,2023-Q4,Infection,False,Moderate,Physician,GB,18-44,1
DRG012,Omnivectin,Autoimmune,2023-Q4,Headache,False,Mild,Physician,US,18-44,1
DRG012,Omnivectin,Autoimmune,2023-Q4,Pyrexia,False,Moderate,Physician,US,45-64,1
DRG012,Omnivectin,Autoimmune,2023-Q4,Arthralgia,False,Mild,Other,US,65-74,1
DRG012,Omnivectin,Autoimmune,2023-Q4,Headache,False,Mild,Physician,US,65-74,1
DRG012,Omnivectin,Autoimmune,2023-Q4,Pyrexia,False,Critical,Physician,DE,45-64,1
DRG012,Omnivectin,Autoimmune,2023-Q4,Fatigue,False,Serious,Consumer,US,45-64,1
DRG012,Omnivectin,Autoimmune,2023-Q4,Rash,False,Serious,Pharmacist,US,65-74,1
DRG012,Omnivectin,Autoimmune,2023-Q4,Nausea,False,Serious,Physician,CA,65-74,1
DRG012,Omnivectin,Autoimmune,2023-Q4,Fatigue,False,Critical,Consumer,DE,18-44,1
DRG012,Omnivectin,Autoimmune,2023-Q4,Arthralgia,False,Mild,Physician,FR,45-64,1
DRG012,Omnivectin,Autoimmune,2023-Q4,Pyrexia,False,Mild,Physician,DE,75+,1
DRG012,Omnivectin,Autoimmune,2023-Q4,Fatigue,False,Serious,Consumer,CA,45-64,1
DRG012,Omnivectin,Autoimmune,2023-Q4,Infection,False,Moderate,Consumer,US,45-64,1
DRG012,Omnivectin,Autoimmune,2023-Q4,Pyrexia,False,Mild,Other,FR,75+,1
DRG012,Omnivectin,Autoimmune,2023-Q4,Arthralgia,False,Mild,Pharmacist,US,65-74,1
DRG012,Omnivectin,Autoimmune,2023-Q4,Nausea,False,Critical,Pharmacist,JP,65-74,1
DRG012,Omnivectin,Autoimmune,2023-Q4,Pyrexia,False,Mild,Pharmacist,US,45-64,1
DRG012,Omnivectin,Autoimmune,2023-Q4,Nausea,False,Critical,Pharmacist,CA,65-74,1
DRG012,Omnivectin,Autoimmune,2023-Q4,Headache,False,Moderate,Consumer,FR,65-74,1
DRG012,Omnivectin,Autoimmune,2023-Q4,Arthralgia,False,Moderate,Physician,CA,45-64,1
DRG012,Omnivectin,Autoimmune,2023-Q4,Nausea,False,Moderate,Physician,US,18-44,1
DRG012,Omnivectin,Autoimmune,2023-Q4,Fatigue,False,Moderate,Pharmacist,US,45-64,1
DRG012,Omnivectin,Autoimmune,2023-Q4,Headache,False,Mild,Pharmacist,GB,75+,1
DRG012,Omnivectin,Autoimmune,2023-Q4,Headache,False,Moderate,Consumer,US,75+,1
DRG012,Omnivectin,Autoimmune,2023-Q4,Fatigue,False,Critical,Other,US,45-64,1
DRG012,Omnivectin,Autoimmune,2023-Q4,Arthralgia,False,Mild,Physician,JP,65-74,1
DRG012,Omnivectin,Autoimmune,2023-Q4,Fatigue,False,Mild,Other,US,45-64,1
DRG012,Omnivectin,Autoimmune,2023-Q4,Fatigue,False,Critical,Physician,US,45-64,1
DRG012,Omnivectin,Autoimmune,2023-Q4,Headache,False,Critical,Consumer,US,18-44,1
DRG012,Omnivectin,Autoimmune,2023-Q4,Infection,False,Moderate,Physician,US,75+,1
DRG012,Omnivectin,Autoimmune,2023-Q4,Pyrexia,False,Serious,Physician,US,65-74,1
DRG012,Omnivectin,Autoimmune,2023-Q4,Headache,False,Mild,Physician,FR,45-64,1
DRG012,Omnivectin,Autoimmune,2023-Q4,Pyrexia,False,Serious,Physician,DE,45-64,1
DRG012,Omnivectin,Autoimmune,2023-Q4,Infection,False,Mild,Consumer,JP,75+,1
DRG012,Omnivectin,Autoimmune,2023-Q4,Headache,False,Moderate,Physician,JP,65-74,1
DRG012,Omnivectin,Autoimmune,2023-Q4,Fatigue,False,Serious,Physician,FR,65-74,1
DRG012,Omnivectin,Autoimmune,2023-Q4,Nausea,False,Moderate,Pharmacist,US,18-44,1
DRG012,Omnivectin,Autoimmune,2023-Q4,Infection,False,Moderate,Other,CA,45-64,1
DRG012,Omnivectin,Autoimmune,2023-Q4,Infection,False,Serious,Physician,FR,18-44,1
DRG012,Omnivectin,Autoimmune,2023-Q4,Arthralgia,False,Serious,Other,JP,65-74,1
DRG012,Omnivectin,Autoimmune,2023-Q4,Arthralgia,False,Serious,Pharmacist,JP,18-44,1
DRG012,Omnivectin,Autoimmune,2023-Q4,Rash,False,Mild,Physician,CA,65-74,1
DRG012,Omnivectin,Autoimmune,2023-Q4,Fatigue,False,Serious,Physician,US,65-74,1
DRG012,Omnivectin,Autoimmune,2023-Q4,Headache,False,Mild,Pharmacist,FR,65-74,1
DRG012,Omnivectin,Autoimmune,2023-Q4,Pyrexia,False,Moderate,Pharmacist,JP,45-64,1
DRG012,Omnivectin,Autoimmune,2023-Q4,Infection,False,Moderate,Other,CA,18-44,1
DRG012,Omnivectin,Autoimmune,2023-Q4,Fatigue,False,Moderate,Other,CA,45-64,1
DRG012,Omnivectin,Autoimmune,2023-Q4,Rash,False,Critical,Consumer,JP,65-74,1
DRG012,Omnivectin,Autoimmune,2023-Q4,Rash,False,Mild,Pharmacist,US,45-64,1
DRG012,Omnivectin,Autoimmune,2023-Q4,Fatigue,False,Moderate,Physician,US,18-44,1
DRG012,Omnivectin,Autoimmune,2023-Q4,Pyrexia,False,Moderate,Physician,GB,65-74,1
DRG012,Omnivectin,Autoimmune,2023-Q4,Headache,False,Mild,Other,US,18-44,1
DRG012,Omnivectin,Autoimmune,2023-Q4,Rash,False,Mild,Other,US,65-74,1
DRG012,Omnivectin,Autoimmune,2023-Q4,Pyrexia,False,Mild,Physician,CA,65-74,1
DRG012,Omnivectin,Autoimmune,2023-Q4,Rash,False,Moderate,Consumer,FR,45-64,1
DRG012,Omnivectin,Autoimmune,2023-Q4,Rash,False,Mild,Consumer,JP,65-74,1
DRG012,Omnivectin,Autoimmune,2023-Q4,Nausea,False,Mild,Physician,US,45-64,1
DRG012,Omnivectin,Autoimmune,2023-Q4,Infection,False,Critical,Other,FR,45-64,1
DRG012,Omnivectin,Autoimmune,2023-Q4,Nausea,False,Critical,Other,GB,65-74,1
DRG012,Omnivectin,Autoimmune,2023-Q4,Infection,False,Mild,Physician,GB,45-64,1
DRG012,Omnivectin,Autoimmune,2023-Q4,Pyrexia,False,Serious,Consumer,DE,65-74,1
DRG012,Omnivectin,Autoimmune,2023-Q4,Rash,False,Mild,Pharmacist,CA,65-74,1
DRG012,Omnivectin,Autoimmune,2023-Q4,Rash,False,Serious,Physician,US,65-74,1
DRG012,Omnivectin,Autoimmune,2023-Q4,Nausea,False,Mild,Pharmacist,US,65-74,1
DRG012,Omnivectin,Autoimmune,2023-Q4,Pyrexia,False,Serious,Physician,GB,18-44,1
DRG012,Omnivectin,Autoimmune,2023-Q4,Fatigue,False,Moderate,Consumer,US,75+,1
DRG012,Omnivectin,Autoimmune,2023-Q4,Rash,False,Mild,Physician,CA,18-44,1
DRG012,Omnivectin,Autoimmune,2023-Q4,Infection,False,Serious,Consumer,GB,45-64,1
DRG012,Omnivectin,Autoimmune,2023-Q4,Fatigue,False,Critical,Consumer,JP,45-64,1
DRG012,Omnivectin,Autoimmune,2023-Q4,Rash,False,Moderate,Consumer,US,75+,1
DRG012,Omnivectin,Autoimmune,2023-Q4,Infection,False,Moderate,Physician,DE,65-74,1
DRG012,Omnivectin,Autoimmune,2023-Q4,Rash,False,Mild,Consumer,US,65-74,1
DRG012,Omnivectin,Autoimmune,2023-Q4,Fatigue,False,Serious,Pharmacist,US,65-74,1
DRG012,Omnivectin,Autoimmune,2023-Q4,Nausea,False,Serious,Pharmacist,GB,45-64,1
DRG012,Omnivectin,Autoimmune,2023-Q4,Infection,False,Critical,Physician,FR,45-64,1
DRG012,Omnivectin,Autoimmune,2023-Q4,Rash,False,Mild,Physician,US,18-44,1
DRG012,Omnivectin,Autoimmune,2023-Q4,Infection,False,Moderate,Physician,US,18-44,1
DRG012,Omnivectin,Autoimmune,2023-Q4,Fatigue,False,Critical,Consumer,US,45-64,1
DRG012,Omnivectin,Autoimmune,2023-Q4,Infection,False,Moderate,Consumer,DE,65-74,1
DRG012,Omnivectin,Autoimmune,2023-Q4,Arthralgia,False,Critical,Physician,GB,45-64,1
DRG012,Omnivectin,Autoimmune,2023-Q4,Rash,False,Serious,Consumer,US,18-44,1
DRG012,Omnivectin,Autoimmune,2023-Q4,Arthralgia,False,Mild,Consumer,JP,75+,1
DRG012,Omnivectin,Autoimmune,2023-Q4,Nausea,False,Mild,Other,US,45-64,1
DRG012,Omnivectin,Autoimmune,2023-Q4,Fatigue,False,Critical,Consumer,FR,65-74,1
DRG012,Omnivectin,Autoimmune,2023-Q4,Pyrexia,False,Mild,Physician,FR,45-64,1
DRG012,Omnivectin,Autoimmune,2023-Q4,Pyrexia,False,Mild,Pharmacist,FR,18-44,1
DRG012,Omnivectin,Autoimmune,2023-Q4,Arthralgia,False,Serious,Consumer,GB,45-64,1
DRG012,Omnivectin,Autoimmune,2023-Q4,Rash,False,Mild,Other,GB,45-64,1
DRG012,Omnivectin,Autoimmune,2023-Q4,Headache,False,Moderate,Other,CA,45-64,1
DRG012,Omnivectin,Autoimmune,2023-Q4,Fatigue,False,Moderate,Physician,US,45-64,1
DRG012,Omnivectin,Autoimmune,2023-Q4,Pyrexia,False,Critical,Physician,US,45-64,1
DRG012,Omnivectin,Autoimmune,2023-Q4,Arthralgia,False,Moderate,Consumer,DE,18-44,1
DRG012,Omnivectin,Autoimmune,2023-Q4,Headache,False,Mild,Physician,CA,65-74,1
DRG012,Omnivectin,Autoimmune,2023-Q4,Infection,False,Mild,Physician,US,65-74,1
DRG012,Omnivectin,Autoimmune,2023-Q4,Fatigue,False,Moderate,Other,FR,45-64,1
DRG012,Omnivectin,Autoimmune,2023-Q4,Arthralgia,False,Moderate,Physician,GB,65-74,1
DRG012,Omnivectin,Autoimmune,2023-Q4,Pyrexia,False,Critical,Physician,US,75+,1
DRG012,Omnivectin,Autoimmune,2024-Q1,Infection,False,Moderate,Physician,US,45-64,5
DRG012,Omnivectin,Autoimmune,2024-Q1,Arthralgia,False,Mild,Physician,US,45-64,4
DRG012,Omnivectin,Autoimmune,2024-Q1,Pyrexia,False,Mild,Consumer,US,65-74,4
DRG012,Omnivectin,Autoimmune,2024-Q1,Headache,False,Moderate,Physician,US,75+,3
DRG012,Omnivectin,Autoimmune,2024-Q1,Infection,False,Mild,Physician,US,65-74,3
DRG012,Omnivectin,Autoimmune,2024-Q1,Rash,False,Mild,Consumer,US,65-74,3
DRG012,Omnivectin,Autoimmune,2024-Q1,Pyrexia,False,Mild,Physician,US,65-74,2
DRG012,Omnivectin,Autoimmune,2024-Q1,Fatigue,False,Serious,Physician,US,45-64,2
DRG012,Omnivectin,Autoimmune,2024-Q1,Fatigue,False,Mild,Consumer,US,65-74,2
DRG012,Omnivectin,Autoimmune,2024-Q1,Rash,False,Mild,Physician,US,65-74,2
DRG012,Omnivectin,Autoimmune,2024-Q1,Rash,False,Moderate,Physician,US,75+,2
DRG012,Omnivectin,Autoimmune,2024-Q1,Pyrexia,False,Moderate,Physician,JP,45-64,2
DRG012,Omnivectin,Autoimmune,2024-Q1,Fatigue,False,Mild,Physician,US,18-44,2
DRG012,Omnivectin,Autoimmune,2024-Q1,Rash,False,Mild,Physician,US,45-64,2
DRG012,Omnivectin,Autoimmune,2024-Q1,Rash,False,Mild,Physician,CA,45-64,2
DRG012,Omnivectin,Autoimmune,2024-Q1,Rash,False,Mild,Physician,FR,65-74,2
DRG012,Omnivectin,Autoimmune,2024-Q1,Pyrexia,False,Critical,Physician,US,45-64,2
DRG012,Omnivectin,Autoimmune,2024-Q1,Nausea,False,Mild,Physician,US,65-74,2
DRG012,Omnivectin,Autoimmune,2024-Q1,Fatigue,False,Moderate,Physician,US,75+,2
DRG012,Omnivectin,Autoimmune,2024-Q1,Infection,False,Serious,Physician,US,45-64,2
DRG012,Omnivectin,Autoimmune,2024-Q1,Headache,False,Mild,Physician,GB,75+,2
DRG012,Omnivectin,Autoimmune,2024-Q1,Pyrexia,False,Critical,Physician,DE,65-74,1
DRG012,Omnivectin,Autoimmune,2024-Q1,Nausea,False,Mild,Consumer,US,18-44,1
DRG012,Omnivectin,Autoimmune,2024-Q1,Headache,False,Mild,Other,GB,18-44,1
DRG012,Omnivectin,Autoimmune,2024-Q1,Pyrexia,False,Moderate,Consumer,US,75+,1
DRG012,Omnivectin,Autoimmune,2024-Q1,Rash,False,Serious,Physician,US,75+,1
DRG012,Omnivectin,Autoimmune,2024-Q1,Headache,False,Moderate,Physician,US,45-64,1
DRG012,Omnivectin,Autoimmune,2024-Q1,Fatigue,False,Serious,Physician,DE,45-64,1
DRG012,Omnivectin,Autoimmune,2024-Q1,Headache,False,Mild,Physician,US,65-74,1
DRG012,Omnivectin,Autoimmune,2024-Q1,Pyrexia,False,Mild,Consumer,DE,18-44,1
DRG012,Omnivectin,Autoimmune,2024-Q1,Arthralgia,False,Mild,Pharmacist,FR,75+,1
DRG012,Omnivectin,Autoimmune,2024-Q1,Headache,False,Mild,Physician,US,45-64,1
DRG012,Omnivectin,Autoimmune,2024-Q1,Infection,False,Moderate,Other,US,45-64,1
DRG012,Omnivectin,Autoimmune,2024-Q1,Rash,False,Moderate,Pharmacist,US,75+,1
DRG012,Omnivectin,Autoimmune,2024-Q1,Fatigue,False,Moderate,Physician,CA,45-64,1
DRG012,Omnivectin,Autoimmune,2024-Q1,Nausea,False,Critical,Other,DE,45-64,1
DRG012,Omnivectin,Autoimmune,2024-Q1,Pyrexia,False,Serious,Consumer,DE,65-74,1
DRG012,Omnivectin,Autoimmune,2024-Q1,Headache,False,Serious,Physician,GB,45-64,1
DRG012,Omnivectin,Autoimmune,2024-Q1,Infection,False,Mild,Consumer,DE,65-74,1
DRG012,Omnivectin,Autoimmune,2024-Q1,Nausea,False,Critical,Physician,US,45-64,1
DRG012,Omnivectin,Autoimmune,2024-Q1,Rash,False,Serious,Physician,JP,18-44,1
DRG012,Omnivectin,Autoimmune,2024-Q1,Pyrexia,False,Critical,Other,US,75+,1
DRG012,Omnivectin,Autoimmune,2024-Q1,Infection,False,Mild,Consumer,US,45-64,1
DRG012,Omnivectin,Autoimmune,2024-Q1,Arthralgia,False,Mild,Pharmacist,FR,65-74,1
DRG012,Omnivectin,Autoimmune,2024-Q1,Rash,False,Moderate,Physician,JP,65-74,1
DRG012,Omnivectin,Autoimmune,2024-Q1,Pyrexia,False,Mild,Physician,DE,75+,1
DRG012,Omnivectin,Autoimmune,2024-Q1,Fatigue,False,Mild,Consumer,FR,75+,1
DRG012,Omnivectin,Autoimmune,2024-Q1,Headache,False,Moderate,Pharmacist,CA,45-64,1
DRG012,Omnivectin,Autoimmune,2024-Q1,Arthralgia,False,Mild,Physician,GB,65-74,1
DRG012,Omnivectin,Autoimmune,2024-Q1,Infection,False,Serious,Pharmacist,US,18-44,1
DRG012,Omnivectin,Autoimmune,2024-Q1,Infection,False,Mild,Consumer,US,65-74,1
DRG012,Omnivectin,Autoimmune,2024-Q1,Headache,False,Mild,Pharmacist,CA,65-74,1
DRG012,Omnivectin,Autoimmune,2024-Q1,Infection,False,Moderate,Consumer,CA,45-64,1
DRG012,Omnivectin,Autoimmune,2024-Q1,Nausea,False,Serious,Physician,GB,18-44,1
DRG012,Omnivectin,Autoimmune,2024-Q1,Fatigue,False,Moderate,Pharmacist,CA,65-74,1
DRG012,Omnivectin,Autoimmune,2024-Q1,Fatigue,False,Mild,Consumer,GB,65-74,1
DRG012,Omnivectin,Autoimmune,2024-Q1,Infection,False,Mild,Physician,US,18-44,1
DRG012,Omnivectin,Autoimmune,2024-Q1,Infection,False,Mild,Consumer,DE,75+,1
DRG012,Omnivectin,Autoimmune,2024-Q1,Nausea,False,Mild,Other,US,65-74,1
DRG012,Omnivectin,Autoimmune,2024-Q1,Pyrexia,False,Mild,Other,US,45-64,1
DRG012,Omnivectin,Autoimmune,2024-Q1,Headache,False,Critical,Physician,US,65-74,1
DRG012,Omnivectin,Autoimmune,2024-Q1,Infection,False,Moderate,Other,CA,18-44,1
DRG012,Omnivectin,Autoimmune,2024-Q1,Fatigue,False,Moderate,Physician,DE,45-64,1
DRG012,Omnivectin,Autoimmune,2024-Q1,Headache,False,Serious,Physician,CA,65-74,1
DRG012,Omnivectin,Autoimmune,2024-Q1,Arthralgia,False,Mild,Physician,US,18-44,1
DRG012,Omnivectin,Autoimmune,2024-Q1,Arthralgia,False,Critical,Physician,DE,65-74,1
DRG012,Omnivectin,Autoimmune,2024-Q1,Rash,False,Mild,Physician,US,75+,1
DRG012,Omnivectin,Autoimmune,2024-Q1,Nausea,False,Serious,Physician,DE,65-74,1
DRG012,Omnivectin,Autoimmune,2024-Q1,Nausea,False,Moderate,Physician,GB,65-74,1
DRG012,Omnivectin,Autoimmune,2024-Q1,Arthralgia,False,Mild,Other,US,75+,1
DRG012,Omnivectin,Autoimmune,2024-Q1,Rash,False,Mild,Other,US,45-64,1
DRG012,Omnivectin,Autoimmune,2024-Q1,Infection,False,Serious,Consumer,US,65-74,1
DRG012,Omnivectin,Autoimmune,2024-Q1,Headache,False,Moderate,Consumer,US,45-64,1
DRG012,Omnivectin,Autoimmune,2024-Q1,Nausea,False,Moderate,Physician,JP,45-64,1
DRG012,Omnivectin,Autoimmune,2024-Q1,Arthralgia,False,Serious,Physician,US,18-44,1
DRG012,Omnivectin,Autoimmune,2024-Q1,Rash,False,Critical,Consumer,US,65-74,1
DRG012,Omnivectin,Autoimmune,2024-Q1,Infection,False,Serious,Consumer,DE,65-74,1
DRG012,Omnivectin,Autoimmune,2024-Q1,Nausea,False,Serious,Physician,FR,45-64,1
DRG012,Omnivectin,Autoimmune,2024-Q1,Arthralgia,False,Moderate,Consumer,DE,65-74,1
DRG012,Omnivectin,Autoimmune,2024-Q1,Nausea,False,Critical,Physician,CA,45-64,1
DRG012,Omnivectin,Autoimmune,2024-Q1,Rash,False,Moderate,Consumer,JP,65-74,1
DRG012,Omnivectin,Autoimmune,2024-Q1,Arthralgia,False,Serious,Pharmacist,FR,45-64,1
DRG012,Omnivectin,Autoimmune,2024-Q1,Nausea,False,Mild,Physician,CA,45-64,1
DRG012,Omnivectin,Autoimmune,2024-Q1,Pyrexia,False,Moderate,Other,US,65-74,1
DRG012,Omnivectin,Autoimmune,2024-Q1,Headache,False,Moderate,Physician,FR,18-44,1
DRG012,Omnivectin,Autoimmune,2024-Q1,Pyrexia,False,Mild,Consumer,US,45-64,1
DRG012,Omnivectin,Autoimmune,2024-Q1,Infection,False,Mild,Physician,JP,65-74,1
DRG012,Omnivectin,Autoimmune,2024-Q1,Headache,False,Mild,Pharmacist,JP,45-64,1
DRG012,Omnivectin,Autoimmune,2024-Q1,Nausea,False,Serious,Pharmacist,GB,18-44,1
DRG012,Omnivectin,Autoimmune,2024-Q1,Pyrexia,False,Critical,Pharmacist,JP,45-64,1
DRG012,Omnivectin,Autoimmune,2024-Q1,Headache,False,Mild,Physician,CA,45-64,1
DRG012,Omnivectin,Autoimmune,2024-Q1,Arthralgia,False,Critical,Physician,US,75+,1
DRG012,Omnivectin,Autoimmune,2024-Q1,Pyrexia,False,Moderate,Physician,US,75+,1
DRG012,Omnivectin,Autoimmune,2024-Q1,Arthralgia,False,Moderate,Physician,DE,75+,1
DRG012,Omnivectin,Autoimmune,2024-Q1,Fatigue,False,Mild,Pharmacist,US,45-64,1
DRG012,Omnivectin,Autoimmune,2024-Q1,Arthralgia,False,Mild,Other,US,65-74,1
DRG012,Omnivectin,Autoimmune,2024-Q1,Headache,False,Serious,Physician,US,75+,1
DRG012,Omnivectin,Autoimmune,2024-Q1,Headache,False,Moderate,Pharmacist,US,18-44,1
DRG012,Omnivectin,Autoimmune,2024-Q1,Arthralgia,False,Serious,Physician,US,45-64,1
DRG012,Omnivectin,Autoimmune,2024-Q1,Fatigue,False,Serious,Physician,FR,18-44,1
DRG012,Omnivectin,Autoimmune,2024-Q1,Rash,False,Critical,Consumer,US,75+,1
DRG012,Omnivectin,Autoimmune,2024-Q1,Pyrexia,False,Moderate,Consumer,CA,65-74,1
DRG012,Omnivectin,Autoimmune,2024-Q1,Rash,False,Serious,Consumer,DE,45-64,1
DRG012,Omnivectin,Autoimmune,2024-Q1,Headache,False,Moderate,Physician,DE,75+,1
DRG012,Omnivectin,Autoimmune,2024-Q1,Arthralgia,False,Moderate,Physician,US,75+,1
DRG012,Omnivectin,Autoimmune,2024-Q1,Infection,False,Critical,Physician,US,45-64,1
DRG012,Omnivectin,Autoimmune,2024-Q1,Infection,False,Mild,Physician,DE,65-74,1
DRG012,Omnivectin,Autoimmune,2024-Q1,Rash,False,Serious,Pharmacist,US,65-74,1
DRG012,Omnivectin,Autoimmune,2024-Q1,Arthralgia,False,Mild,Consumer,US,65-74,1
DRG012,Omnivectin,Autoimmune,2024-Q1,Nausea,False,Moderate,Consumer,US,45-64,1
DRG012,Omnivectin,Autoimmune,2024-Q1,Nausea,False,Mild,Consumer,US,45-64,1
DRG012,Omnivectin,Autoimmune,2024-Q1,Headache,False,Mild,Other,CA,65-74,1
DRG012,Omnivectin,Autoimmune,2024-Q1,Infection,False,Mild,Other,DE,18-44,1
DRG012,Omnivectin,Autoimmune,2024-Q1,Infection,False,Moderate,Physician,US,65-74,1
DRG012,Omnivectin,Autoimmune,2024-Q1,Arthralgia,False,Mild,Pharmacist,GB,65-74,1
DRG012,Omnivectin,Autoimmune,2024-Q1,Rash,False,Mild,Physician,GB,45-64,1
DRG012,Omnivectin,Autoimmune,2024-Q1,Fatigue,False,Moderate,Physician,US,65-74,1
DRG012,Omnivectin,Autoimmune,2024-Q1,Infection,False,Mild,Physician,DE,45-64,1
DRG012,Omnivectin,Autoimmune,2024-Q1,Nausea,False,Mild,Physician,GB,18-44,1
DRG012,Omnivectin,Autoimmune,2024-Q1,Nausea,False,Mild,Consumer,CA,75+,1
DRG012,Omnivectin,Autoimmune,2024-Q1,Fatigue,False,Mild,Physician,US,65-74,1
DRG012,Omnivectin,Autoimmune,2024-Q1,Headache,False,Moderate,Other,DE,45-64,1
DRG012,Omnivectin,Autoimmune,2024-Q1,Rash,False,Moderate,Physician,GB,18-44,1
DRG012,Omnivectin,Autoimmune,2024-Q1,Rash,False,Mild,Pharmacist,US,65-74,1
DRG012,Omnivectin,Autoimmune,2024-Q1,Infection,False,Critical,Pharmacist,FR,75+,1
DRG012,Omnivectin,Autoimmune,2024-Q1,Pyrexia,False,Serious,Physician,GB,65-74,1
DRG012,Omnivectin,Autoimmune,2024-Q1,Pyrexia,False,Moderate,Physician,FR,45-64,1
DRG012,Omnivectin,Autoimmune,2024-Q1,Fatigue,False,Moderate,Consumer,US,75+,1
DRG012,Omnivectin,Autoimmune,2024-Q1,Rash,False,Mild,Pharmacist,CA,65-74,1
DRG012,Omnivectin,Autoimmune,2024-Q1,Rash,False,Moderate,Consumer,JP,45-64,1
DRG012,Omnivectin,Autoimmune,2024-Q1,Rash,False,Critical,Pharmacist,US,45-64,1
DRG012,Omnivectin,Autoimmune,2024-Q1,Rash,False,Mild,Physician,DE,65-74,1
DRG012,Omnivectin,Autoimmune,2024-Q1,Infection,False,Mild,Physician,US,75+,1
DRG012,Omnivectin,Autoimmune,2024-Q1,Rash,False,Critical,Pharmacist,DE,65-74,1
DRG012,Omnivectin,Autoimmune,2024-Q1,Fatigue,False,Moderate,Physician,US,45-64,1
DRG012,Omnivectin,Autoimmune,2024-Q1,Fatigue,False,Mild,Physician,DE,65-74,1
DRG012,Omnivectin,Autoimmune,2024-Q1,Fatigue,False,Mild,Consumer,US,45-64,1
DRG012,Omnivectin,Autoimmune,2024-Q1,Rash,False,Critical,Physician,FR,65-74,1
DRG012,Omnivectin,Autoimmune,2024-Q1,Arthralgia,False,Moderate,Pharmacist,US,45-64,1
DRG012,Omnivectin,Autoimmune,2024-Q1,Pyrexia,False,Serious,Physician,US,65-74,1
DRG012,Omnivectin,Autoimmune,2024-Q1,Arthralgia,False,Serious,Physician,DE,75+,1
DRG012,Omnivectin,Autoimmune,2024-Q1,Infection,False,Mild,Pharmacist,DE,45-64,1
DRG012,Omnivectin,Autoimmune,2024-Q1,Infection,False,Critical,Physician,US,18-44,1
DRG012,Omnivectin,Autoimmune,2024-Q1,Arthralgia,False,Mild,Physician,US,65-74,1
DRG012,Omnivectin,Autoimmune,2024-Q1,Nausea,False,Moderate,Physician,US,65-74,1
DRG012,Omnivectin,Autoimmune,2024-Q1,Arthralgia,False,Mild,Physician,DE,45-64,1
DRG012,Omnivectin,Autoimmune,2024-Q1,Pyrexia,False,Moderate,Physician,US,45-64,1
DRG012,Omnivectin,Autoimmune,2024-Q1,Headache,False,Mild,Other,US,65-74,1
DRG012,Omnivectin,Autoimmune,2024-Q1,Infection,False,Moderate,Physician,JP,65-74,1
DRG012,Omnivectin,Autoimmune,2024-Q1,Nausea,False,Moderate,Other,DE,45-64,1
DRG012,Omnivectin,Autoimmune,2024-Q1,Infection,False,Critical,Other,JP,45-64,1
DRG012,Omnivectin,Autoimmune,2024-Q1,Fatigue,False,Serious,Pharmacist,DE,45-64,1
DRG012,Omnivectin,Autoimmune,2024-Q1,Headache,False,Moderate,Consumer,US,65-74,1
DRG012,Omnivectin,Autoimmune,2024-Q1,Fatigue,False,Mild,Pharmacist,US,65-74,1
DRG012,Omnivectin,Autoimmune,2024-Q1,Arthralgia,False,Serious,Consumer,US,45-64,1
DRG012,Omnivectin,Autoimmune,2024-Q1,Infection,False,Moderate,Pharmacist,FR,18-44,1
DRG012,Omnivectin,Autoimmune,2024-Q1,Arthralgia,False,Critical,Physician,JP,65-74,1
DRG012,Omnivectin,Autoimmune,2024-Q1,Arthralgia,False,Serious,Other,US,45-64,1
DRG012,Omnivectin,Autoimmune,2024-Q1,Headache,False,Mild,Physician,US,75+,1
DRG012,Omnivectin,Autoimmune,2024-Q1,Rash,False,Moderate,Other,US,18-44,1
DRG012,Omnivectin,Autoimmune,2024-Q1,Arthralgia,False,Mild,Pharmacist,US,45-64,1
DRG012,Omnivectin,Autoimmune,2024-Q1,Headache,False,Critical,Other,FR,65-74,1
DRG012,Omnivectin,Autoimmune,2024-Q1,Infection,False,Moderate,Other,JP,65-74,1
DRG012,Omnivectin,Autoimmune,2024-Q1,Rash,False,Mild,Pharmacist,FR,65-74,1
DRG012,Omnivectin,Autoimmune,2024-Q1,Fatigue,False,Critical,Other,JP,45-64,1
DRG012,Omnivectin,Autoimmune,2024-Q1,Headache,False,Moderate,Consumer,US,18-44,1
DRG012,Omnivectin,Autoimmune,2024-Q1,Infection,False,Moderate,Physician,CA,45-64,1
DRG012,Omnivectin,Autoimmune,2024-Q1,Arthralgia,False,Moderate,Consumer,GB,45-64,1
DRG012,Omnivectin,Autoimmune,2024-Q1,Infection,False,Mild,Pharmacist,CA,18-44,1
DRG012,Omnivectin,Autoimmune,2024-Q1,Fatigue,False,Serious,Pharmacist,JP,18-44,1
DRG012,Omnivectin,Autoimmune,2024-Q1,Fatigue,False,Mild,Other,JP,65-74,1
DRG012,Omnivectin,Autoimmune,2024-Q1,Fatigue,False,Serious,Consumer,US,45-64,1
DRG012,Omnivectin,Autoimmune,2024-Q1,Fatigue,False,Mild,Consumer,US,18-44,1
DRG012,Omnivectin,Autoimmune,2024-Q1,Fatigue,False,Moderate,Physician,US,18-44,1
DRG012,Omnivectin,Autoimmune,2024-Q1,Nausea,False,Mild,Physician,CA,75+,1
DRG012,Omnivectin,Autoimmune,2024-Q1,Infection,False,Mild,Physician,FR,45-64,1
DRG012,Omnivectin,Autoimmune,2024-Q1,Infection,False,Mild,Pharmacist,JP,45-64,1
DRG012,Omnivectin,Autoimmune,2024-Q1,Fatigue,False,Moderate,Physician,GB,45-64,1
DRG012,Omnivectin,Autoimmune,2024-Q1,Arthralgia,False,Mild,Pharmacist,GB,45-64,1
DRG012,Omnivectin,Autoimmune,2024-Q1,Fatigue,False,Mild,Consumer,US,75+,1
DRG012,Omnivectin,Autoimmune,2024-Q1,Headache,False,Moderate,Other,US,65-74,1
DRG012,Omnivectin,Autoimmune,2024-Q1,Headache,False,Mild,Pharmacist,CA,45-64,1
DRG012,Omnivectin,Autoimmune,2024-Q1,Arthralgia,False,Moderate,Physician,US,18-44,1
DRG012,Omnivectin,Autoimmune,2024-Q1,Fatigue,False,Moderate,Consumer,GB,75+,1
DRG012,Omnivectin,Autoimmune,2024-Q1,Arthralgia,False,Moderate,Pharmacist,JP,45-64,1
DRG012,Omnivectin,Autoimmune,2024-Q1,Nausea,False,Mild,Other,GB,18-44,1
DRG012,Omnivectin,Autoimmune,2024-Q1,Rash,False,Serious,Other,US,18-44,1
DRG012,Omnivectin,Autoimmune,2024-Q1,Nausea,False,Moderate,Pharmacist,US,45-64,1
DRG012,Omnivectin,Autoimmune,2024-Q1,Nausea,False,Mild,Physician,US,18-44,1
DRG012,Omnivectin,Autoimmune,2024-Q1,Pyrexia,False,Mild,Other,CA,18-44,1
DRG012,Omnivectin,Autoimmune,2024-Q1,Fatigue,False,Mild,Physician,US,45-64,1
DRG012,Omnivectin,Autoimmune,2024-Q1,Nausea,False,Mild,Physician,US,45-64,1
DRG012,Omnivectin,Autoimmune,2024-Q1,Pyrexia,False,Mild,Consumer,US,75+,1
DRG012,Omnivectin,Autoimmune,2024-Q1,Headache,False,Critical,Physician,JP,75+,1
DRG012,Omnivectin,Autoimmune,2024-Q1,Headache,False,Moderate,Physician,US,18-44,1
DRG012,Omnivectin,Autoimmune,2024-Q1,Pyrexia,False,Mild,Physician,US,18-44,1
DRG012,Omnivectin,Autoimmune,2024-Q1,Arthralgia,False,Moderate,Pharmacist,CA,45-64,1
DRG012,Omnivectin,Autoimmune,2024-Q1,Nausea,False,Mild,Consumer,JP,45-64,1
DRG012,Omnivectin,Autoimmune,2024-Q1,Rash,False,Critical,Physician,US,45-64,1
DRG012,Omnivectin,Autoimmune,2024-Q1,Arthralgia,False,Critical,Consumer,FR,45-64,1
DRG012,Omnivectin,Autoimmune,2024-Q1,Arthralgia,False,Critical,Other,CA,65-74,1
DRG012,Omnivectin,Autoimmune,2024-Q1,Infection,False,Moderate,Consumer,US,45-64,1
DRG012,Omnivectin,Autoimmune,2024-Q1,Fatigue,False,Serious,Consumer,US,65-74,1
DRG012,Omnivectin,Autoimmune,2024-Q1,Fatigue,False,Serious,Physician,US,65-74,1
